USE CookingContest;

INSERT INTO Chefs (name, surname , phone_number, birth_date, work_experience, prof_certification) VALUES ('Adelaide', 'Marflitt', '2908125009', '1990-08-04', '0', 1);
INSERT INTO Chefs (name, surname , phone_number, birth_date, work_experience, prof_certification) VALUES ('Ewan', 'Ambrogini', '2869649970', '1988-12-18', '5', 2);
INSERT INTO Chefs (name, surname , phone_number, birth_date, work_experience, prof_certification) VALUES ('Randi', 'Nijssen', '9212334563', '1998-07-26', '9', 5);
INSERT INTO Chefs (name, surname , phone_number, birth_date, work_experience, prof_certification) VALUES ('Cy', 'Haet', '4706224220', '1978-01-03', '6', 4);
INSERT INTO Chefs (name, surname , phone_number, birth_date, work_experience, prof_certification) VALUES ('Doralynne', 'MQuharg', '9612898244', '1988-04-15', '0', 0);
INSERT INTO Chefs (name, surname , phone_number, birth_date, work_experience, prof_certification) VALUES ('Jamil', 'Ratazzi', '6975555645', '1980-08-05', '1', 1);
INSERT INTO Chefs (name, surname , phone_number, birth_date, work_experience, prof_certification) VALUES ('Welsh', 'Baxstar', '2403680493', '1999-12-18', '9', 4);
INSERT INTO Chefs (name, surname , phone_number, birth_date, work_experience, prof_certification) VALUES ('Alecia', 'Barnewille', '6728440169', '1987-07-02', '0', 1);
INSERT INTO Chefs (name, surname , phone_number, birth_date, work_experience, prof_certification) VALUES ('Berny', 'Baddow', '8787608833', '1990-01-19', '0', 0);
INSERT INTO Chefs (name, surname , phone_number, birth_date, work_experience, prof_certification) VALUES ('Juieta', 'Halsho', '7883318544', '2004-11-26', '7', 4);
INSERT INTO Chefs (name, surname , phone_number, birth_date, work_experience, prof_certification) VALUES ('Ad', 'Durman', '4754460622', '2002-05-22', '9', 5);
INSERT INTO Chefs (name, surname , phone_number, birth_date, work_experience, prof_certification) VALUES ('Christiane', 'Mustard', '6582325791', '1998-12-08', '7', 4);
INSERT INTO Chefs (name, surname , phone_number, birth_date, work_experience, prof_certification) VALUES ('Moises', 'Ambrodi', '9249435911', '1994-04-26', '7', 3);
INSERT INTO Chefs (name, surname , phone_number, birth_date, work_experience, prof_certification) VALUES ('Jeniece', 'Leddy', '6951404447', '1984-03-06', '2', 1);
INSERT INTO Chefs (name, surname , phone_number, birth_date, work_experience, prof_certification) VALUES ('Barclay', 'Gerrens', '4456962156', '1996-08-30', '2', 1);
INSERT INTO Chefs (name, surname , phone_number, birth_date, work_experience, prof_certification) VALUES ('Francesca', 'Vivash', '2365351772', '2003-05-03', '3', 1);
INSERT INTO Chefs (name, surname , phone_number, birth_date, work_experience, prof_certification) VALUES ('Janeta', 'Hiscocks', '5408377149', '1989-10-08', '7', 3);
INSERT INTO Chefs (name, surname , phone_number, birth_date, work_experience, prof_certification) VALUES ('Rozella', 'Keeffe', '3442129253', '1979-02-14', '8', 5);
INSERT INTO Chefs (name, surname , phone_number, birth_date, work_experience, prof_certification) VALUES ('Elroy', 'Dunn', '9168528875', '2004-02-29', '6', 4);
INSERT INTO Chefs (name, surname , phone_number, birth_date, work_experience, prof_certification) VALUES ('Kare', 'Maceur', '8694421669', '1991-11-19', '2', 1);
INSERT INTO Chefs (name, surname , phone_number, birth_date, work_experience, prof_certification) VALUES ('Kirby', 'Moreby', '6702257081', '2002-10-28', '7', 4);
INSERT INTO Chefs (name, surname , phone_number, birth_date, work_experience, prof_certification) VALUES ('Pate', 'Macek', '3796159618', '1992-10-27', '7', 3);
INSERT INTO Chefs (name, surname , phone_number, birth_date, work_experience, prof_certification) VALUES ('Lauralee', 'Gorke', '5002433904', '2000-03-13', '5', 3);
INSERT INTO Chefs (name, surname , phone_number, birth_date, work_experience, prof_certification) VALUES ('Arley', 'Hasell', '7239267499', '1996-10-20', '3', 1);
INSERT INTO Chefs (name, surname , phone_number, birth_date, work_experience, prof_certification) VALUES ('Velma', 'Burnsides', '3518687044', '1979-10-01', '5', 2);
INSERT INTO Chefs (name, surname , phone_number, birth_date, work_experience, prof_certification) VALUES ('Ali', 'Purviss', '1983329359', '2001-12-17', '2', 2);
INSERT INTO Chefs (name, surname , phone_number, birth_date, work_experience, prof_certification) VALUES ('Gaelan', 'Eveling', '2031532480', '1985-11-07', '6', 3);
INSERT INTO Chefs (name, surname , phone_number, birth_date, work_experience, prof_certification) VALUES ('Rosie', 'Guerri', '5637213685', '1981-10-20', '8', 4);
INSERT INTO Chefs (name, surname , phone_number, birth_date, work_experience, prof_certification) VALUES ('Darryl', 'Neasam', '6679274007', '1993-12-19', '8', 4);
INSERT INTO Chefs (name, surname , phone_number, birth_date, work_experience, prof_certification) VALUES ('Stacey', 'Cortin', '1069101606', '2001-05-02', '7', 4);
INSERT INTO Chefs (name, surname , phone_number, birth_date, work_experience, prof_certification) VALUES ('Virginie', 'Benedicte', '6455259344', '1989-03-21', '7', 4);
INSERT INTO Chefs (name, surname , phone_number, birth_date, work_experience, prof_certification) VALUES ('Bertie', 'Grosier', '3158202976', '1989-07-14', '5', 2);
INSERT INTO Chefs (name, surname , phone_number, birth_date, work_experience, prof_certification) VALUES ('Lynnea', 'Mazzey', '4743245217', '1984-02-01', '6', 4);
INSERT INTO Chefs (name, surname , phone_number, birth_date, work_experience, prof_certification) VALUES ('Jillian', 'Menchenton', '6087236001', '1999-11-13', '0', 1);
INSERT INTO Chefs (name, surname , phone_number, birth_date, work_experience, prof_certification) VALUES ('Gearalt', 'Benjafield', '3573853531', '2002-03-16', '0', 0);
INSERT INTO Chefs (name, surname , phone_number, birth_date, work_experience, prof_certification) VALUES ('Waverly', 'Blomefield', '3759162065', '1979-05-17', '7', 4);
INSERT INTO Chefs (name, surname , phone_number, birth_date, work_experience, prof_certification) VALUES ('Alphonse', 'Doldon', '6509960498', '1982-11-17', '4', 3);
INSERT INTO Chefs (name, surname , phone_number, birth_date, work_experience, prof_certification) VALUES ('Ilene', 'Humpage', '3484431891', '1990-09-21', '2', 1);
INSERT INTO Chefs (name, surname , phone_number, birth_date, work_experience, prof_certification) VALUES ('Frederik', 'Lorraway', '8144785454', '1985-07-03', '0', 0);
INSERT INTO Chefs (name, surname , phone_number, birth_date, work_experience, prof_certification) VALUES ('Caty', 'Ingleson', '6493153092', '1983-04-13', '6', 4);
INSERT INTO Chefs (name, surname , phone_number, birth_date, work_experience, prof_certification) VALUES ('Viki', 'Highwood', '9932244991', '1987-12-03', '0', 0);
INSERT INTO Chefs (name, surname , phone_number, birth_date, work_experience, prof_certification) VALUES ('Porter', 'Wishkar', '2184368732', '1998-10-16', '6', 4);
INSERT INTO Chefs (name, surname , phone_number, birth_date, work_experience, prof_certification) VALUES ('Othilia', 'Glanfield', '8674058903', '2003-03-25', '1', 1);
INSERT INTO Chefs (name, surname , phone_number, birth_date, work_experience, prof_certification) VALUES ('Krissy', 'Falco', '5883585527', '2000-08-05', '4', 3);
INSERT INTO Chefs (name, surname , phone_number, birth_date, work_experience, prof_certification) VALUES ('Brant', 'Conor', '9821624135', '1979-08-12', '7', 4);
INSERT INTO Chefs (name, surname , phone_number, birth_date, work_experience, prof_certification) VALUES ('Gustaf', 'Orry', '6513876418', '1980-08-25', '5', 3);
INSERT INTO Chefs (name, surname , phone_number, birth_date, work_experience, prof_certification) VALUES ('Gracie', 'Jerrans', '1783025669', '1990-11-12', '2', 1);
INSERT INTO Chefs (name, surname , phone_number, birth_date, work_experience, prof_certification) VALUES ('Gisele', 'Houltham', '1197952920', '2000-06-28', '3', 1);
INSERT INTO Chefs (name, surname , phone_number, birth_date, work_experience, prof_certification) VALUES ('Jerry', 'Gudeman', '1484198291', '1984-01-27', '1', 0);
INSERT INTO Chefs (name, surname , phone_number, birth_date, work_experience, prof_certification) VALUES ('Dusty', 'Pillinger', '2607851373', '1980-09-11', '7', 4);
INSERT INTO Chefs (name, surname , phone_number, birth_date, work_experience, prof_certification) VALUES ('Kelcy', 'Beament', '3475361444', '1976-03-17', '9', 4);
INSERT INTO Chefs (name, surname , phone_number, birth_date, work_experience, prof_certification) VALUES ('Tonya', 'Tooze', '2672044341', '1990-05-05', '3', 2);
INSERT INTO Chefs (name, surname , phone_number, birth_date, work_experience, prof_certification) VALUES ('Krista', 'Monnery', '7261335227', '1976-04-25', '4', 3);
INSERT INTO Chefs (name, surname , phone_number, birth_date, work_experience, prof_certification) VALUES ('Jonell', 'Pitrasso', '3591500224', '1993-03-16', '4', 2);
INSERT INTO Chefs (name, surname , phone_number, birth_date, work_experience, prof_certification) VALUES ('Mariska', 'Buie', '8974829858', '1993-04-15', '7', 3);
INSERT INTO Chefs (name, surname , phone_number, birth_date, work_experience, prof_certification) VALUES ('Ripley', 'Langshaw', '8903526976', '1991-08-18', '3', 2);
INSERT INTO Chefs (name, surname , phone_number, birth_date, work_experience, prof_certification) VALUES ('Nelli', 'Waszkiewicz', '5462676893', '2002-02-21', '7', 4);
INSERT INTO Chefs (name, surname , phone_number, birth_date, work_experience, prof_certification) VALUES ('Patrizius', 'Peaple', '1923679748', '1980-01-29', '0', 0);
INSERT INTO Chefs (name, surname , phone_number, birth_date, work_experience, prof_certification) VALUES ('Jill', 'Coal', '5149380330', '1992-02-13', '6', 4);
INSERT INTO Chefs (name, surname , phone_number, birth_date, work_experience, prof_certification) VALUES ('Nicolea', 'Hamflett', '2787912116', '1996-11-26', '2', 1);
INSERT INTO Chefs (name, surname , phone_number, birth_date, work_experience, prof_certification) VALUES ('Rupert', 'Adhams', '7418900370', '1999-06-15', '5', 2);
INSERT INTO Chefs (name, surname , phone_number, birth_date, work_experience, prof_certification) VALUES ('Savina', 'Cabotto', '1644921236', '1986-09-08', '7', 4);
INSERT INTO Chefs (name, surname , phone_number, birth_date, work_experience, prof_certification) VALUES ('Antonius', 'Giorgini', '8457890657', '1989-04-19', '3', 1);
INSERT INTO Chefs (name, surname , phone_number, birth_date, work_experience, prof_certification) VALUES ('Newton', 'Simmers', '6374732596', '1989-03-17', '6', 3);
INSERT INTO Chefs (name, surname , phone_number, birth_date, work_experience, prof_certification) VALUES ('Web', 'Alten', '4222048032', '1983-09-16', '1', 0);
INSERT INTO Chefs (name, surname , phone_number, birth_date, work_experience, prof_certification) VALUES ('Piotr', 'Landall', '6676684275', '1986-11-30', '5', 2);
INSERT INTO Chefs (name, surname , phone_number, birth_date, work_experience, prof_certification) VALUES ('Nero', 'Chatteris', '5746120620', '2000-07-05', '3', 1);
INSERT INTO Chefs (name, surname , phone_number, birth_date, work_experience, prof_certification) VALUES ('Gail', 'Jeffray', '8414799103', '1986-08-26', '8', 5);
INSERT INTO Chefs (name, surname , phone_number, birth_date, work_experience, prof_certification) VALUES ('Sile', 'Wykes', '9457098298', '1999-12-16', '8', 5);
INSERT INTO Chefs (name, surname , phone_number, birth_date, work_experience, prof_certification) VALUES ('Lelah', 'Maddyson', '8466930410', '1999-12-12', '7', 3);
INSERT INTO Chefs (name, surname , phone_number, birth_date, work_experience, prof_certification) VALUES ('Griz', 'Laphorn', '2855689055', '1992-09-11', '8', 5);
INSERT INTO Chefs (name, surname , phone_number, birth_date, work_experience, prof_certification) VALUES ('Luella', 'Juares', '2317903171', '1998-10-24', '1', 0);
INSERT INTO Chefs (name, surname , phone_number, birth_date, work_experience, prof_certification) VALUES ('Wilhelm', 'Crandon', '1367300161', '1984-04-22', '8', 5);
INSERT INTO Chefs (name, surname , phone_number, birth_date, work_experience, prof_certification) VALUES ('Chickie', 'Dufaire', '7983223181', '1993-10-24', '2', 2);
INSERT INTO Chefs (name, surname , phone_number, birth_date, work_experience, prof_certification) VALUES ('Merl', 'OGiany', '5883552324', '1983-08-19', '7', 3);
INSERT INTO Chefs (name, surname , phone_number, birth_date, work_experience, prof_certification) VALUES ('Kelcie', 'Longhurst', '2759410119', '1978-12-26', '3', 1);
INSERT INTO Chefs (name, surname , phone_number, birth_date, work_experience, prof_certification) VALUES ('Leoine', 'Thorington', '8982137624', '1988-07-29', '0', 1);
INSERT INTO Chefs (name, surname , phone_number, birth_date, work_experience, prof_certification) VALUES ('Consolata', 'Hazeman', '3251634621', '2000-09-05', '3', 2);
INSERT INTO Chefs (name, surname , phone_number, birth_date, work_experience, prof_certification) VALUES ('Mersey', 'Tarquini', '3081690595', '1995-12-22', '0', 0);
INSERT INTO Chefs (name, surname , phone_number, birth_date, work_experience, prof_certification) VALUES ('Lynnet', 'Mycroft', '4009317993', '1992-12-03', '7', 4);
INSERT INTO Chefs (name, surname , phone_number, birth_date, work_experience, prof_certification) VALUES ('Tandy', 'Wones', '1727498137', '1989-11-22', '5', 3);
INSERT INTO Chefs (name, surname , phone_number, birth_date, work_experience, prof_certification) VALUES ('Schuyler', 'Tyler', '2629327641', '1989-02-12', '8', 5);
INSERT INTO Chefs (name, surname , phone_number, birth_date, work_experience, prof_certification) VALUES ('Byrom', 'Tidmarsh', '6546778129', '1993-11-29', '2', 1);
INSERT INTO Chefs (name, surname , phone_number, birth_date, work_experience, prof_certification) VALUES ('Analiese', 'Edelman', '7918257839', '1997-02-02', '6', 4);
INSERT INTO Chefs (name, surname , phone_number, birth_date, work_experience, prof_certification) VALUES ('Ingram', 'Mc Grath', '8165084128', '1979-04-04', '6', 4);
INSERT INTO Chefs (name, surname , phone_number, birth_date, work_experience, prof_certification) VALUES ('Kenon', 'Adam', '3675664207', '2001-10-13', '1', 0);
INSERT INTO Chefs (name, surname , phone_number, birth_date, work_experience, prof_certification) VALUES ('Jessika', 'Rist', '6375778256', '1991-12-01', '4', 3);
INSERT INTO Chefs (name, surname , phone_number, birth_date, work_experience, prof_certification) VALUES ('Bee', 'Epelett', '5124909783', '1981-10-24', '3', 2);
INSERT INTO Chefs (name, surname , phone_number, birth_date, work_experience, prof_certification) VALUES ('Doralia', 'Groven', '4414099639', '1978-03-16', '8', 5);
INSERT INTO Chefs (name, surname , phone_number, birth_date, work_experience, prof_certification) VALUES ('Hedvige', 'Besset', '1887192492', '1985-02-22', '1', 1);
INSERT INTO Chefs (name, surname , phone_number, birth_date, work_experience, prof_certification) VALUES ('Caralie', 'Glasper', '5506852379', '1977-04-02', '0', 0);
INSERT INTO Chefs (name, surname , phone_number, birth_date, work_experience, prof_certification) VALUES ('Quentin', 'Zettoi', '5528682474', '1978-02-04', '0', 0);
INSERT INTO Chefs (name, surname , phone_number, birth_date, work_experience, prof_certification) VALUES ('Noreen', 'Burling', '2245636437', '1991-11-24', '1', 1);
INSERT INTO Chefs (name, surname , phone_number, birth_date, work_experience, prof_certification) VALUES ('Darryl', 'Marham', '7191199307', '1976-02-01', '9', 4);
INSERT INTO Chefs (name, surname , phone_number, birth_date, work_experience, prof_certification) VALUES ('Pru', 'Sciacovelli', '6533459233', '1988-04-05', '6', 3);
INSERT INTO Chefs (name, surname , phone_number, birth_date, work_experience, prof_certification) VALUES ('Gray', 'Killough', '8266449685', '1993-05-02', '0', 0);
INSERT INTO Chefs (name, surname , phone_number, birth_date, work_experience, prof_certification) VALUES ('Holli', 'Kropach', '9112989285', '1981-12-23', '2', 1);
INSERT INTO Chefs (name, surname , phone_number, birth_date, work_experience, prof_certification) VALUES ('Marget', 'Phelps', '7109371500', '1994-08-15', '5', 3);
INSERT INTO Chefs (name, surname , phone_number, birth_date, work_experience, prof_certification) VALUES ('Gael', 'Camilleri', '2274107085', '2001-01-02', '7', 3);
INSERT INTO Chefs (name, surname , phone_number, birth_date, work_experience, prof_certification) VALUES ('Tomaso', 'Igo', '9377349739', '1982-10-08', '6', 3);
INSERT INTO Chefs (name, surname , phone_number, birth_date, work_experience, prof_certification) VALUES ('Olenolin', 'Duffett', '6599715247', '1988-10-16', '8', 5);
INSERT INTO Chefs (name, surname , phone_number, birth_date, work_experience, prof_certification) VALUES ('Hazel', 'Ainger', '6775342225', '1977-01-28', '6', 3);
INSERT INTO Chefs (name, surname , phone_number, birth_date, work_experience, prof_certification) VALUES ('Felisha', 'Dietz', '4678783531', '1975-12-31', '6', 3);
INSERT INTO Chefs (name, surname , phone_number, birth_date, work_experience, prof_certification) VALUES ('Beverlee', 'Fossitt', '4795218136', '2000-05-05', '8', 4);
INSERT INTO Chefs (name, surname , phone_number, birth_date, work_experience, prof_certification) VALUES ('Klemens', 'Stegell', '2172662406', '1986-04-05', '1', 0);
INSERT INTO Chefs (name, surname , phone_number, birth_date, work_experience, prof_certification) VALUES ('Naoma', 'Edes', '6139508776', '1996-11-02', '9', 5);
INSERT INTO Chefs (name, surname , phone_number, birth_date, work_experience, prof_certification) VALUES ('Sam', 'Robion', '2029109422', '1985-12-10', '3', 1);
INSERT INTO Chefs (name, surname , phone_number, birth_date, work_experience, prof_certification) VALUES ('Bria', 'Slaten', '4794077364', '1978-06-28', '6', 4);
INSERT INTO Chefs (name, surname , phone_number, birth_date, work_experience, prof_certification) VALUES ('Gretel', 'Mannakee', '3461852807', '1992-01-07', '7', 4);
INSERT INTO Chefs (name, surname , phone_number, birth_date, work_experience, prof_certification) VALUES ('Sari', 'Mikalski', '6193769329', '2003-12-17', '1', 0);
INSERT INTO Chefs (name, surname , phone_number, birth_date, work_experience, prof_certification) VALUES ('Josee', 'Bail', '7803459787', '1989-10-30', '7', 3);
INSERT INTO Chefs (name, surname , phone_number, birth_date, work_experience, prof_certification) VALUES ('Ginger', 'Beaston', '3687578173', '1984-07-04', '0', 1);
INSERT INTO Chefs (name, surname , phone_number, birth_date, work_experience, prof_certification) VALUES ('Gigi', 'Triggel', '2265348326', '1982-02-13', '0', 1);
INSERT INTO Chefs (name, surname , phone_number, birth_date, work_experience, prof_certification) VALUES ('Kinnie', 'Martignoni', '2805632651', '1983-05-21', '0', 1);
INSERT INTO Chefs (name, surname , phone_number, birth_date, work_experience, prof_certification) VALUES ('Eal', 'Harriss', '9739117761', '1979-02-17', '2', 1);
INSERT INTO Chefs (name, surname , phone_number, birth_date, work_experience, prof_certification) VALUES ('Abbey', 'Randal', '7967385939', '1988-08-14', '4', 2);
INSERT INTO Chefs (name, surname , phone_number, birth_date, work_experience, prof_certification) VALUES ('Dona', 'Eake', '1873497172', '1994-12-20', '7', 4);
INSERT INTO Chefs (name, surname , phone_number, birth_date, work_experience, prof_certification) VALUES ('Pierson', 'Cady', '5601378777', '1985-08-22', '6', 3);
INSERT INTO Chefs (name, surname , phone_number, birth_date, work_experience, prof_certification) VALUES ('Renaud', 'Raine', '6686310636', '2003-09-21', '4', 3);
INSERT INTO Chefs (name, surname , phone_number, birth_date, work_experience, prof_certification) VALUES ('Germayne', 'McArdle', '7188043636', '1991-10-08', '6', 3);
INSERT INTO Chefs (name, surname , phone_number, birth_date, work_experience, prof_certification) VALUES ('Mirna', 'Bellson', '7673344197', '2004-09-04', '3', 2);
INSERT INTO Chefs (name, surname , phone_number, birth_date, work_experience, prof_certification) VALUES ('Hester', 'Penticoot', '8152341362', '2002-09-30', '6', 4);
INSERT INTO Chefs (name, surname , phone_number, birth_date, work_experience, prof_certification) VALUES ('Sigfrid', 'Portis', '3553065132', '1993-06-17', '3', 2);
INSERT INTO Chefs (name, surname , phone_number, birth_date, work_experience, prof_certification) VALUES ('Armando', 'Feldon', '4919055363', '2004-11-15', '0', 1);
INSERT INTO Chefs (name, surname , phone_number, birth_date, work_experience, prof_certification) VALUES ('Hilliard', 'Avarne', '4639687626', '1985-01-26', '2', 2);
INSERT INTO Chefs (name, surname , phone_number, birth_date, work_experience, prof_certification) VALUES ('Kaitlin', 'Dawbery', '1822263263', '1990-08-25', '7', 4);
INSERT INTO Chefs (name, surname , phone_number, birth_date, work_experience, prof_certification) VALUES ('Nanete', 'Merriott', '9369319517', '1990-02-11', '7', 3);
INSERT INTO Chefs (name, surname , phone_number, birth_date, work_experience, prof_certification) VALUES ('Nigel', 'Yellop', '9776000356', '1984-01-20', '3', 2);
INSERT INTO Chefs (name, surname , phone_number, birth_date, work_experience, prof_certification) VALUES ('Holly', 'Giovanizio', '5587214943', '1979-09-27', '6', 4);
INSERT INTO Chefs (name, surname , phone_number, birth_date, work_experience, prof_certification) VALUES ('Mozes', 'Bencher', '1902227334', '1984-06-22', '2', 2);
INSERT INTO Chefs (name, surname , phone_number, birth_date, work_experience, prof_certification) VALUES ('Travus', 'Suart', '3835086502', '1984-09-14', '5', 3);
INSERT INTO Chefs (name, surname , phone_number, birth_date, work_experience, prof_certification) VALUES ('Damaris', 'Batting', '7443778013', '1983-07-13', '6', 4);
INSERT INTO Chefs (name, surname , phone_number, birth_date, work_experience, prof_certification) VALUES ('Fletcher', 'Alans', '3456891630', '1977-01-08', '7', 4);
INSERT INTO Chefs (name, surname , phone_number, birth_date, work_experience, prof_certification) VALUES ('Starlene', 'Swaisland', '7445710109', '1986-04-19', '5', 2);
INSERT INTO Chefs (name, surname , phone_number, birth_date, work_experience, prof_certification) VALUES ('Mackenzie', 'Vowels', '3043197550', '1984-10-02', '0', 1);
INSERT INTO Chefs (name, surname , phone_number, birth_date, work_experience, prof_certification) VALUES ('Dag', 'Tilio', '2314293655', '2004-08-16', '4', 2);
INSERT INTO Chefs (name, surname , phone_number, birth_date, work_experience, prof_certification) VALUES ('Caroljean', 'Gillitt', '4297423686', '1995-10-27', '1', 0);
INSERT INTO Chefs (name, surname , phone_number, birth_date, work_experience, prof_certification) VALUES ('Hollie', 'Dog', '5491647979', '1998-01-05', '2', 1);
INSERT INTO Chefs (name, surname , phone_number, birth_date, work_experience, prof_certification) VALUES ('Drud', 'Trippitt', '5643775035', '1976-02-28', '5', 2);
INSERT INTO Chefs (name, surname , phone_number, birth_date, work_experience, prof_certification) VALUES ('Gerald', 'De Roos', '1487352058', '1996-04-12', '4', 3);
INSERT INTO Chefs (name, surname , phone_number, birth_date, work_experience, prof_certification) VALUES ('Cecelia', 'Jendrusch', '2031035050', '1990-02-09', '2', 2);
INSERT INTO Chefs (name, surname , phone_number, birth_date, work_experience, prof_certification) VALUES ('Pam', 'Buzek', '5768895660', '1992-06-22', '7', 4);
INSERT INTO Chefs (name, surname , phone_number, birth_date, work_experience, prof_certification) VALUES ('Renato', 'Huggens', '9285370177', '1991-04-11', '6', 4);
INSERT INTO Chefs (name, surname , phone_number, birth_date, work_experience, prof_certification) VALUES ('Sheeree', 'Pau', '1101355657', '1976-07-16', '0', 1);
INSERT INTO Chefs (name, surname , phone_number, birth_date, work_experience, prof_certification) VALUES ('Titos', 'Feasey', '2461965791', '1998-08-22', '3', 2);
INSERT INTO Chefs (name, surname , phone_number, birth_date, work_experience, prof_certification) VALUES ('Aymer', 'Ronaghan', '5055318800', '1976-07-15', '5', 3);
INSERT INTO Chefs (name, surname , phone_number, birth_date, work_experience, prof_certification) VALUES ('Leoine', 'Aloshkin', '4047390495', '1995-07-02', '4', 3);
INSERT INTO Chefs (name, surname , phone_number, birth_date, work_experience, prof_certification) VALUES ('Thatch', 'Haldon', '4359356624', '1992-11-13', '4', 3);
INSERT INTO Chefs (name, surname , phone_number, birth_date, work_experience, prof_certification) VALUES ('Rich', 'Delue', '4456187023', '1990-09-21', '9', 4);
INSERT INTO Chefs (name, surname , phone_number, birth_date, work_experience, prof_certification) VALUES ('Shep', 'Caddie', '9788904404', '1994-12-06', '7', 3);
INSERT INTO Chefs (name, surname , phone_number, birth_date, work_experience, prof_certification) VALUES ('Anita', 'Brettoner', '7307335005', '1984-05-06', '5', 2);
INSERT INTO Chefs (name, surname , phone_number, birth_date, work_experience, prof_certification) VALUES ('Reagan', 'Edinborough', '7213591342', '1999-07-11', '1', 0);
INSERT INTO Chefs (name, surname , phone_number, birth_date, work_experience, prof_certification) VALUES ('Hort', 'Mounter', '5861572282', '1990-04-29', '3', 2);
INSERT INTO Chefs (name, surname , phone_number, birth_date, work_experience, prof_certification) VALUES ('Nadine', 'Dumphreys', '4025160038', '1986-07-11', '6', 3);
INSERT INTO Chefs (name, surname , phone_number, birth_date, work_experience, prof_certification) VALUES ('Evonne', 'Lewinton', '2902630123', '1990-06-24', '9', 5);
INSERT INTO Chefs (name, surname , phone_number, birth_date, work_experience, prof_certification) VALUES ('Izabel', 'Morston', '5001089823', '1991-04-26', '0', 0);
INSERT INTO Chefs (name, surname , phone_number, birth_date, work_experience, prof_certification) VALUES ('Jourdain', 'Cranham', '8102369261', '2002-03-02', '4', 3);
INSERT INTO Chefs (name, surname , phone_number, birth_date, work_experience, prof_certification) VALUES ('Yancy', 'Mantrip', '6449981008', '2004-08-24', '9', 4);
INSERT INTO Chefs (name, surname , phone_number, birth_date, work_experience, prof_certification) VALUES ('Killian', 'Massei', '4503170261', '1998-05-30', '4', 2);
INSERT INTO Chefs (name, surname , phone_number, birth_date, work_experience, prof_certification) VALUES ('Revkah', 'Fetherby', '3648149411', '1996-05-13', '9', 4);
INSERT INTO Chefs (name, surname , phone_number, birth_date, work_experience, prof_certification) VALUES ('Torrey', 'Dennett', '5845462378', '1984-12-30', '2', 2);
INSERT INTO Chefs (name, surname , phone_number, birth_date, work_experience, prof_certification) VALUES ('Bethena', 'Luxford', '9775497732', '2004-01-29', '2', 1);
INSERT INTO Chefs (name, surname , phone_number, birth_date, work_experience, prof_certification) VALUES ('Layne', 'Plumstead', '9946987670', '1999-11-10', '9', 4);
INSERT INTO Chefs (name, surname , phone_number, birth_date, work_experience, prof_certification) VALUES ('Harrietta', 'Gever', '7635663792', '1987-09-10', '9', 4);
INSERT INTO Chefs (name, surname , phone_number, birth_date, work_experience, prof_certification) VALUES ('Gavin', 'Aarons', '9002106677', '1997-07-03', '7', 3);
INSERT INTO Chefs (name, surname , phone_number, birth_date, work_experience, prof_certification) VALUES ('Annabella', 'Ballintime', '3538461624', '1994-07-31', '5', 3);
INSERT INTO Chefs (name, surname , phone_number, birth_date, work_experience, prof_certification) VALUES ('Merell', 'Sandom', '1593860904', '1992-11-05', '1', 0);
INSERT INTO Chefs (name, surname , phone_number, birth_date, work_experience, prof_certification) VALUES ('Jakob', 'Jerome', '4846300996', '1986-04-28', '9', 4);
INSERT INTO Chefs (name, surname , phone_number, birth_date, work_experience, prof_certification) VALUES ('Helyn', 'Cane', '1456255206', '1992-04-11', '8', 4);
INSERT INTO Chefs (name, surname , phone_number, birth_date, work_experience, prof_certification) VALUES ('Eilis', 'Gunter', '6259161324', '1976-01-09', '0', 1);
INSERT INTO Chefs (name, surname , phone_number, birth_date, work_experience, prof_certification) VALUES ('Emlynne', 'Di Meo', '1797985901', '1991-11-02', '0', 0);
INSERT INTO Chefs (name, surname , phone_number, birth_date, work_experience, prof_certification) VALUES ('Othella', 'Thamelt', '1212438687', '1996-10-12', '3', 2);
INSERT INTO Chefs (name, surname , phone_number, birth_date, work_experience, prof_certification) VALUES ('Elbertine', 'Brake', '1722542483', '1993-10-20', '1', 0);
INSERT INTO Chefs (name, surname , phone_number, birth_date, work_experience, prof_certification) VALUES ('Rosalia', 'Colleton', '8444341164', '2004-04-02', '4', 2);
INSERT INTO Chefs (name, surname , phone_number, birth_date, work_experience, prof_certification) VALUES ('Zena', 'Lebell', '8997157431', '1980-06-25', '8', 4);
INSERT INTO Chefs (name, surname , phone_number, birth_date, work_experience, prof_certification) VALUES ('Nicolais', 'Dewing', '9142388011', '1979-11-04', '1', 1);
INSERT INTO Chefs (name, surname , phone_number, birth_date, work_experience, prof_certification) VALUES ('Ellene', 'Jeafferson', '9311430832', '1996-12-18', '4', 2);
INSERT INTO Chefs (name, surname , phone_number, birth_date, work_experience, prof_certification) VALUES ('Guenevere', 'Relf', '5068266538', '1990-02-05', '6', 4);
INSERT INTO Chefs (name, surname , phone_number, birth_date, work_experience, prof_certification) VALUES ('Giorgio', 'McCreedy', '4808010266', '1987-02-18', '0', 1);
INSERT INTO Chefs (name, surname , phone_number, birth_date, work_experience, prof_certification) VALUES ('Patin', 'Lerer', '9814669567', '1985-03-19', '0', 0);
INSERT INTO Chefs (name, surname , phone_number, birth_date, work_experience, prof_certification) VALUES ('Ariel', 'Purcell', '7072198493', '1986-10-27', '6', 4);
INSERT INTO Chefs (name, surname , phone_number, birth_date, work_experience, prof_certification) VALUES ('Curcio', 'Stockley', '8906472438', '2000-12-25', '9', 4);
INSERT INTO Chefs (name, surname , phone_number, birth_date, work_experience, prof_certification) VALUES ('Brandon', 'Smead', '3415803535', '1982-07-08', '6', 4);
INSERT INTO Chefs (name, surname , phone_number, birth_date, work_experience, prof_certification) VALUES ('Rachel', 'Byrkmyr', '4458449947', '2000-05-06', '0', 0);
INSERT INTO Chefs (name, surname , phone_number, birth_date, work_experience, prof_certification) VALUES ('Duky', 'Roseaman', '3504572434', '2001-08-15', '5', 3);
INSERT INTO Chefs (name, surname , phone_number, birth_date, work_experience, prof_certification) VALUES ('Cymbre', 'Wyllie', '4451705986', '2004-07-09', '9', 4);
INSERT INTO Chefs (name, surname , phone_number, birth_date, work_experience, prof_certification) VALUES ('Pippy', 'Henniger', '8682206446', '1987-06-16', '0', 0);
INSERT INTO Chefs (name, surname , phone_number, birth_date, work_experience, prof_certification) VALUES ('Wendeline', 'Dumbar', '6134597024', '1989-06-22', '0', 0);
INSERT INTO Chefs (name, surname , phone_number, birth_date, work_experience, prof_certification) VALUES ('Pate', 'ODrought', '7834020962', '1979-09-12', '5', 2);
INSERT INTO Chefs (name, surname , phone_number, birth_date, work_experience, prof_certification) VALUES ('Tressa', 'Rennenbach', '5356996668', '1983-08-23', '7', 3);
INSERT INTO Chefs (name, surname , phone_number, birth_date, work_experience, prof_certification) VALUES ('Lilia', 'Bachelor', '5828596179', '1987-09-21', '2', 2);
INSERT INTO Chefs (name, surname , phone_number, birth_date, work_experience, prof_certification) VALUES ('Emilie', 'Kingscote', '7214833967', '1992-04-08', '7', 4);
INSERT INTO Chefs (name, surname , phone_number, birth_date, work_experience, prof_certification) VALUES ('Leroi', 'Roll', '2123063461', '1975-10-25', '3', 2);
INSERT INTO Chefs (name, surname , phone_number, birth_date, work_experience, prof_certification) VALUES ('Katrine', 'Welfare', '3065951237', '1976-05-18', '2', 2);
INSERT INTO Chefs (name, surname , phone_number, birth_date, work_experience, prof_certification) VALUES ('Ortensia', 'Longdon', '2155855910', '2002-04-16', '6', 3);
INSERT INTO Chefs (name, surname , phone_number, birth_date, work_experience, prof_certification) VALUES ('Carmel', 'Dunhill', '1476740766', '1990-12-16', '0', 1);
INSERT INTO Chefs (name, surname , phone_number, birth_date, work_experience, prof_certification) VALUES ('Aridatha', 'Outright', '2289577080', '1995-02-03', '8', 5);
INSERT INTO Chefs (name, surname , phone_number, birth_date, work_experience, prof_certification) VALUES ('Jaime', 'Sainsbury-Brown', '5591545562', '1998-11-24', '8', 5);
INSERT INTO Chefs (name, surname , phone_number, birth_date, work_experience, prof_certification) VALUES ('Danit', 'Willgrass', '4189394051', '1995-10-02', '4', 2);
INSERT INTO Chefs (name, surname , phone_number, birth_date, work_experience, prof_certification) VALUES ('Eba', 'Pllu', '2871155184', '1981-07-08', '5', 3);

INSERT INTO FoodGroups (name, descr) VALUES ('Λαχανικά', 'Όλα τα ωμά λαχανικά, π.χ., μαρούλι, λάχανο, καρότο, ντομάτα, αγγούρι, κρεμμύδι κ.ά.
        Όλα τα μαγειρεμένα λαχανικά, π.χ., μπρόκολο, κουνουπίδι, κολοκυθάκια, χόρτα, παντζάρια κ.ά.
        Τα αμυλώδη λαχανικά, π.χ., αρακάς, καλαμπόκι, κολοκύθα
        ΔΕΝ περιλαμβάνεται η πατάτα και οι ποικιλίες της');
INSERT INTO FoodGroups (name, descr) VALUES ('Φρούτα', 'Όλα τα ωμά φρούτα, π.χ., πορτοκάλι, μήλο, αχλάδι, μπανάνα, ροδάκινο κ.ά.
        Όλα τα αποξηραμένα φρούτα, π.χ., δαμάσκηνα, σταφίδες, βερίκοκα κ.ά.
        Οι φυσικοί χυμοί φρούτων (100% χωρίς προσθήκη ζάχαρης).');
INSERT INTO FoodGroups (name, descr) VALUES ('Δημητριακά (ψωμί, ρύζι, ζυμαρικά) και Πατάτες', 'Τα δημητριακά
        Σιτάρι, βρόμη, κριθάρι, σίκαλη κ.ά.
        Ρύζι
        Τα προϊόντα δημητριακών
        Αλεύρι
        Ψωμί
        Απλά αρτοσκευάσματα, π.χ., φρυγανιές, παξιμάδια, κριτσίνια, κράκερ
        Σύνθετα αρτοσκευάσματα, π.χ., ζύμες, πίτες
        Ζυμαρικά, π.χ., μακαρόνια, κριθαράκι, χυλοπίτες
        Διάφορα προϊόντα δημητριακών, π.χ., πλιγούρι,τραχανάς
        Δημητριακά πρωινού
        Η πατάτα και οι ποικιλίες της');
INSERT INTO FoodGroups (name, descr) VALUES ('Γάλα και γαλακτοκομικά προϊόντα', 'Το γάλα
        Τα γαλακτοκομικά προϊόντα, π.χ., γιαούρτι, τυρί, ξινόγαλο κ.ά.
        ΔΕΝ περιλαμβάνεται το βούτυρο (συγκαταλέγεται στα λίπη και έλαια)');
INSERT INTO FoodGroups (name, descr) VALUES ('Όσπρια', 'Οι φακές
        Τα φασόλια
        Τα ρεβίθια
        Η φάβα
        Τα ξερά κουκιά
        Οι ποικιλίες όλων των παραπάνω');
INSERT INTO FoodGroups (name, descr) VALUES ('Κόκκινο κρέας', 'Μοσχάρι, βοδινό
        Χοιρινό
        Αρνί, πρόβατο
        Κατσίκι, γίδα
        Κυνήγι: π.χ., αγριογούρουνο, ελάφι, ζαρκάδι
        Όλα τα επεξεργασμένα προϊόντα των παραπάνω');
INSERT INTO FoodGroups (name, descr) VALUES ('Λευκό κρέας', 'Κοτόπουλο
        Γαλοπούλα
        Πάπια
        Κουνέλι
        Κυνήγι: π.χ., φασιανός, ορτύκι, πέρδικα
        Όλα τα επεξεργασμένα προϊόντα των παραπάνω');
INSERT INTO FoodGroups (name, descr) VALUES ('Αυγά', 'Αυγά από όλα τα πουλερικά');
INSERT INTO FoodGroups (name, descr) VALUES ('Ψάρια και θαλασσινά', 'Τα ψάρια, π.χ., σαρδέλα, μαρίδα, γόπα, γαύρος, αθερίνα, ροφός, συναγρίδα, σφυρίδα, μπακαλιάρος, γαλέος, τόνος, λαβράκι, σαργός, τσιπούρα, λυθρίνι
        Τα θαλασσινά (μαλάκια, οστρακοειδή, οστρακόδερμα), π.χ., καλαμάρι, σουπιά, χταπόδι, γαρίδα, μύδια, στρείδια.');
INSERT INTO FoodGroups (name, descr) VALUES ('Προστιθέμενα λίπη και ελαία, ελιές και ξηροί καρποί', 'Τα προστιθέμενα λίπη και έλαια:
            Ελαιόλαδο
            Άλλα έλαια φυτικής προέλευσης (σπορέλαια): ηλιέλαιο, καλαμποκέλαιο, σογιέλαιο, σησαμέλαιο κ.ά.
            Μαργαρίνη
            Βούτυρο
        Οι ελιές
        Οι ξηροί καρποί
            Καρύδια, αμύγδαλα, φιστίκια, φουντούκια κ.ά.
            Ηλιόσποροι, σουσάμι κ.ά.
            Προϊόντα επάλειψης που προέρχονται από τα παραπάνω (π.χ., ταχίνι)');
INSERT INTO FoodGroups (name, descr) VALUES ('N/A', 'N/A');
INSERT INTO Ingredients (food_group_id, name, calories_per_100_units) VALUES (3, 'Spaghetti', 371);
INSERT INTO requires (recipe_id, ingredient_id, quantity, num_units, main_ingredient) VALUES (1, 1, '400g', 346, 1);
INSERT INTO Ingredients (food_group_id, name, calories_per_100_units) VALUES (6, 'Pancetta', 417);
INSERT INTO requires (recipe_id, ingredient_id, quantity, num_units, main_ingredient) VALUES (1, 2, '150g', 212, 0);
INSERT INTO Ingredients (food_group_id, name, calories_per_100_units) VALUES (8, 'Eggs', 155);
INSERT INTO requires (recipe_id, ingredient_id, quantity, num_units, main_ingredient) VALUES (1, 3, '4', 292, 0);
INSERT INTO Ingredients (food_group_id, name, calories_per_100_units) VALUES (4, 'Parmesan Cheese', 431);
INSERT INTO requires (recipe_id, ingredient_id, quantity, num_units, main_ingredient) VALUES (1, 4, '100g', 413, 0);
INSERT INTO Ingredients (food_group_id, name, calories_per_100_units) VALUES (1, 'Black Pepper', 255);
INSERT INTO requires (recipe_id, ingredient_id, quantity, num_units, main_ingredient) VALUES (1, 5, 'To taste', 468, 0);
INSERT INTO Ingredients (food_group_id, name, calories_per_100_units) VALUES (11, 'Salt', 0);
INSERT INTO requires (recipe_id, ingredient_id, quantity, num_units, main_ingredient) VALUES (1, 6, 'To taste', 315, 0);
INSERT INTO Themes (name,descr) VALUES ('Italian Classics', 'N/A');
INSERT INTO recipe_theme (recipe_id, theme_id) VALUES (1, 1);
INSERT INTO Steps (recipe_id, step_number, step_desc) VALUES (1, 1, 'Cook the spaghetti according to package instructions until al dente.');
INSERT INTO Steps (recipe_id, step_number, step_desc) VALUES (1, 2, 'Meanwhile, in a separate pan, cook the pancetta until crispy.');
INSERT INTO Steps (recipe_id, step_number, step_desc) VALUES (1, 3, 'In a bowl, whisk together eggs, grated Parmesan, salt, and pepper.');
INSERT INTO Steps (recipe_id, step_number, step_desc) VALUES (1, 4, 'Drain the spaghetti and quickly toss with the egg mixture and cooked pancetta.');
INSERT INTO Steps (recipe_id, step_number, step_desc) VALUES (1, 5, 'Serve immediately, garnished with additional grated Parmesan and black pepper.');
INSERT INTO Quantities (recipe_id, quantity) VALUES (1, 4);
INSERT INTO Tags (tag_name) VALUES ('quick-lunch');
INSERT INTO recipe_tags (recipe_id, tag_id) VALUES (1, 1);
INSERT INTO Tags (tag_name) VALUES ('easy-dinner');
INSERT INTO recipe_tags (recipe_id, tag_id) VALUES (1, 2);
INSERT INTO Tags (tag_name) VALUES ('pasta-time');
INSERT INTO recipe_tags (recipe_id, tag_id) VALUES (1, 3);
INSERT INTO meals (name) VALUES ('Dinner');
INSERT INTO recipe_meal (recipe_id, meal_id) VALUES (1, 1);
INSERT INTO Kitchenware (name,usage_desc) VALUES ('Pot', 'For boiling pasta');
INSERT INTO kitchenware_for_recipe (recipe_id, kitchenware_id) VALUES (1, 1);
INSERT INTO Kitchenware (name,usage_desc) VALUES ('Pan', 'For cooking pancetta');
INSERT INTO kitchenware_for_recipe (recipe_id, kitchenware_id) VALUES (1, 2);
INSERT INTO Kitchenware (name,usage_desc) VALUES ('Bowl', 'For mixing egg mixture');
INSERT INTO kitchenware_for_recipe (recipe_id, kitchenware_id) VALUES (1, 3);
INSERT INTO Cuisines (country_name) VALUES ('Italian');
INSERT INTO dietaryinfo (recipe_id, fat_content, protein_content, hydrocarbon_content) VALUES (1, 18, 23, 59);
INSERT INTO Recipes (name, short_desc , recipe_type, difficulty_level, TIP1 ,TIP2 ,TIP3, prep_time, cook_time, cuisine_id) VALUES ('Spaghetti Carbonara', 'Classic Italian pasta dish with eggs, cheese, and pancetta.', 'gastronomy', '3', 'Use freshly grated Parmesan cheese for best flavor.', 'Dont overcook the pasta; al dente is ideal.', 'Toss the pasta quickly with the egg mixture off the heat to prevent scrambling.', '00:15:00', '00:15:00', 1);
INSERT INTO Ingredients (food_group_id, name, calories_per_100_units) VALUES (3, 'All-Purpose Flour', 364);
INSERT INTO requires (recipe_id, ingredient_id, quantity, num_units, main_ingredient) VALUES (2, 7, '500g', 447, 0);
INSERT INTO Ingredients (food_group_id, name, calories_per_100_units) VALUES (4, 'Butter', 717);
INSERT INTO requires (recipe_id, ingredient_id, quantity, num_units, main_ingredient) VALUES (2, 8, '250g', 210, 1);
INSERT INTO Ingredients (food_group_id, name, calories_per_100_units) VALUES (11, 'Sugar', 387);
INSERT INTO requires (recipe_id, ingredient_id, quantity, num_units, main_ingredient) VALUES (2, 9, '50g', 269, 0);
INSERT INTO Ingredients (food_group_id, name, calories_per_100_units) VALUES (11, 'Yeast', 105);
INSERT INTO requires (recipe_id, ingredient_id, quantity, num_units, main_ingredient) VALUES (2, 10, '10g', 321, 0);
INSERT INTO Ingredients (food_group_id, name, calories_per_100_units) VALUES (4, 'Milk', 61);
INSERT INTO requires (recipe_id, ingredient_id, quantity, num_units, main_ingredient) VALUES (2, 11, '200ml', 271, 0);
INSERT INTO requires (recipe_id, ingredient_id, quantity, num_units, main_ingredient) VALUES (2, 6, 'To taste', 417, 0);
INSERT INTO Themes (name,descr) VALUES ('French Breakfast', 'N/A');
INSERT INTO recipe_theme (recipe_id, theme_id) VALUES (2, 2);
INSERT INTO Steps (recipe_id, step_number, step_desc) VALUES (2, 1, 'In a bowl, mix flour, sugar, yeast, and salt.');
INSERT INTO Steps (recipe_id, step_number, step_desc) VALUES (2, 2, 'Gradually add warm milk and knead into a dough.');
INSERT INTO Steps (recipe_id, step_number, step_desc) VALUES (2, 3, 'Roll out the dough into a rectangle and spread cold butter over two-thirds of it.');
INSERT INTO Steps (recipe_id, step_number, step_desc) VALUES (2, 4, 'Fold the unbuttered third over the buttered middle, then fold the remaining third over the top to create layers.');
INSERT INTO Steps (recipe_id, step_number, step_desc) VALUES (2, 5, 'Repeat the folding and rolling process several times, then chill the dough for at least 30 minutes.');
INSERT INTO Steps (recipe_id, step_number, step_desc) VALUES (2, 6, 'Roll out the chilled dough, cut into triangles, and roll each triangle into a croissant shape.');
INSERT INTO Steps (recipe_id, step_number, step_desc) VALUES (2, 7, 'Place the croissants on a baking sheet, let them rise for 1-2 hours, then bake in a preheated oven at 200°C (400°F) for 15 minutes or until golden brown.');
INSERT INTO Quantities (recipe_id, quantity) VALUES (2, 12);
INSERT INTO Tags (tag_name) VALUES ('french-breakfast');
INSERT INTO recipe_tags (recipe_id, tag_id) VALUES (2, 4);
INSERT INTO Tags (tag_name) VALUES ('buttery-pastry');
INSERT INTO recipe_tags (recipe_id, tag_id) VALUES (2, 5);
INSERT INTO Tags (tag_name) VALUES ('flaky-croissant');
INSERT INTO recipe_tags (recipe_id, tag_id) VALUES (2, 6);
INSERT INTO Tags (tag_name) VALUES ('nice-breakfast');
INSERT INTO recipe_tags (recipe_id, tag_id) VALUES (2, 7);
INSERT INTO meals (name) VALUES ('Breakfast');
INSERT INTO recipe_meal (recipe_id, meal_id) VALUES (2, 2);
INSERT INTO kitchenware_for_recipe (recipe_id, kitchenware_id) VALUES (2, 3);
INSERT INTO Kitchenware (name,usage_desc) VALUES ('Rolling Pin', 'For rolling out dough');
INSERT INTO kitchenware_for_recipe (recipe_id, kitchenware_id) VALUES (2, 4);
INSERT INTO Kitchenware (name,usage_desc) VALUES ('Baking Sheet', 'For baking croissants');
INSERT INTO kitchenware_for_recipe (recipe_id, kitchenware_id) VALUES (2, 5);
INSERT INTO Cuisines (country_name) VALUES ('French');
INSERT INTO dietaryinfo (recipe_id, fat_content, protein_content, hydrocarbon_content) VALUES (2, 47, 10, 43);
INSERT INTO Recipes (name, short_desc , recipe_type, difficulty_level, TIP1 ,TIP2 ,TIP3, prep_time, cook_time, cuisine_id) VALUES ('Croissant', 'Flaky, buttery pastry originating from France.', 'pastry', '4', 'Ensure the butter is cold and of high quality for best results.', 'Allow enough time for the dough to rest and rise properly.', 'Bake in a hot oven for a crispy exterior and flaky interior.', '00:45:00', '00:15:00', 2);
INSERT INTO requires (recipe_id, ingredient_id, quantity, num_units, main_ingredient) VALUES (3, 7, '250g', 247, 0);
INSERT INTO requires (recipe_id, ingredient_id, quantity, num_units, main_ingredient) VALUES (3, 8, '150g', 496, 1);
INSERT INTO Ingredients (food_group_id, name, calories_per_100_units) VALUES (11, 'Brown Sugar', 380);
INSERT INTO requires (recipe_id, ingredient_id, quantity, num_units, main_ingredient) VALUES (3, 12, '150g', 273, 0);
INSERT INTO Ingredients (food_group_id, name, calories_per_100_units) VALUES (11, 'Granulated Sugar', 387);
INSERT INTO requires (recipe_id, ingredient_id, quantity, num_units, main_ingredient) VALUES (3, 13, '100g', 364, 0);
INSERT INTO Ingredients (food_group_id, name, calories_per_100_units) VALUES (8, 'Egg', 155);
INSERT INTO requires (recipe_id, ingredient_id, quantity, num_units, main_ingredient) VALUES (3, 14, '1', 482, 0);
INSERT INTO Ingredients (food_group_id, name, calories_per_100_units) VALUES (11, 'Vanilla Extract', 288);
INSERT INTO requires (recipe_id, ingredient_id, quantity, num_units, main_ingredient) VALUES (3, 15, '1 tsp', 232, 0);
INSERT INTO Ingredients (food_group_id, name, calories_per_100_units) VALUES (11, 'Baking Soda', 0);
INSERT INTO requires (recipe_id, ingredient_id, quantity, num_units, main_ingredient) VALUES (3, 16, '1/2 tsp', 212, 0);
INSERT INTO requires (recipe_id, ingredient_id, quantity, num_units, main_ingredient) VALUES (3, 6, '1/4 tsp', 290, 0);
INSERT INTO Ingredients (food_group_id, name, calories_per_100_units) VALUES (4, 'Chocolate Chips', 480);
INSERT INTO requires (recipe_id, ingredient_id, quantity, num_units, main_ingredient) VALUES (3, 17, '200g', 484, 0);
INSERT INTO Ingredients (food_group_id, name, calories_per_100_units) VALUES (10, 'Walnuts', 654);
INSERT INTO requires (recipe_id, ingredient_id, quantity, num_units, main_ingredient) VALUES (3, 18, '100g', 421, 0);
INSERT INTO Themes (name,descr) VALUES ('Classic Desserts', 'N/A');
INSERT INTO recipe_theme (recipe_id, theme_id) VALUES (3, 3);
INSERT INTO Steps (recipe_id, step_number, step_desc) VALUES (3, 1, 'Preheat oven to 180°C (350°F) and line baking sheets with parchment paper.');
INSERT INTO Steps (recipe_id, step_number, step_desc) VALUES (3, 2, 'In a bowl, cream together softened butter, brown sugar, and granulated sugar until light and fluffy.');
INSERT INTO Steps (recipe_id, step_number, step_desc) VALUES (3, 3, 'Beat in egg and vanilla extract until well combined.');
INSERT INTO Steps (recipe_id, step_number, step_desc) VALUES (3, 4, 'In a separate bowl, whisk together flour, baking soda, and salt. Gradually add to the wet ingredients, mixing until combined.');
INSERT INTO Steps (recipe_id, step_number, step_desc) VALUES (3, 5, 'Fold in chocolate chips and chopped walnuts.');
INSERT INTO Steps (recipe_id, step_number, step_desc) VALUES (3, 6, 'Drop tablespoonfuls of dough onto prepared baking sheets, leaving space between each cookie.');
INSERT INTO Steps (recipe_id, step_number, step_desc) VALUES (3, 7, 'Bake for 10-12 minutes or until the edges are lightly golden.');
INSERT INTO Steps (recipe_id, step_number, step_desc) VALUES (3, 8, 'Let cool on the baking sheet for 5 minutes before transferring to a wire rack to cool completely.');
INSERT INTO Quantities (recipe_id, quantity) VALUES (3, 24);
INSERT INTO Tags (tag_name) VALUES ('classis-dessert');
INSERT INTO recipe_tags (recipe_id, tag_id) VALUES (3, 8);
INSERT INTO Tags (tag_name) VALUES ('snack-time');
INSERT INTO recipe_tags (recipe_id, tag_id) VALUES (3, 9);
INSERT INTO recipe_tags (recipe_id, tag_id) VALUES (3, 7);
INSERT INTO Tags (tag_name) VALUES ('chocolate-lover');
INSERT INTO recipe_tags (recipe_id, tag_id) VALUES (3, 10);
INSERT INTO meals (name) VALUES ('Dessert');
INSERT INTO recipe_meal (recipe_id, meal_id) VALUES (3, 3);
INSERT INTO meals (name) VALUES ('Snack');
INSERT INTO recipe_meal (recipe_id, meal_id) VALUES (3, 4);
INSERT INTO Kitchenware (name,usage_desc) VALUES ('Mixing Bowl', 'For mixing dough');
INSERT INTO kitchenware_for_recipe (recipe_id, kitchenware_id) VALUES (3, 6);
INSERT INTO kitchenware_for_recipe (recipe_id, kitchenware_id) VALUES (3, 6);
INSERT INTO Kitchenware (name,usage_desc) VALUES ('Wire Rack', 'For cooling cookies');
INSERT INTO kitchenware_for_recipe (recipe_id, kitchenware_id) VALUES (3, 7);
INSERT INTO Cuisines (country_name) VALUES ('American');
INSERT INTO dietaryinfo (recipe_id, fat_content, protein_content, hydrocarbon_content) VALUES (3, 24, 5, 68);
INSERT INTO Recipes (name, short_desc , recipe_type, difficulty_level, TIP1 ,TIP2 ,TIP3, prep_time, cook_time, cuisine_id) VALUES ('Chocolate Chip Cookies', 'Classic American cookies loaded with chocolate chips and walnuts.', 'pastry', '2', 'Chill the dough for at least 30 minutes to prevent spreading.', 'Use a combination of dark and milk chocolate chips for a richer flavor.', 'For chewier cookies, slightly underbake and let them cool on the baking sheet.', '00:15:00', '00:10:00', 3);
INSERT INTO Ingredients (food_group_id, name, calories_per_100_units) VALUES (7, 'Chicken Breast', 165);
INSERT INTO requires (recipe_id, ingredient_id, quantity, num_units, main_ingredient) VALUES (4, 19, '500g', 257, 1);
INSERT INTO Ingredients (food_group_id, name, calories_per_100_units) VALUES (4, 'Greek Yogurt', 59);
INSERT INTO requires (recipe_id, ingredient_id, quantity, num_units, main_ingredient) VALUES (4, 20, '150g', 356, 0);
INSERT INTO Ingredients (food_group_id, name, calories_per_100_units) VALUES (11, 'Ginger Garlic Paste', 84);
INSERT INTO requires (recipe_id, ingredient_id, quantity, num_units, main_ingredient) VALUES (4, 21, '2 tbsp', 477, 0);
INSERT INTO Ingredients (food_group_id, name, calories_per_100_units) VALUES (2, 'Lemon Juice', 29);
INSERT INTO requires (recipe_id, ingredient_id, quantity, num_units, main_ingredient) VALUES (4, 22, '2 tbsp', 450, 0);
INSERT INTO Ingredients (food_group_id, name, calories_per_100_units) VALUES (11, 'Garam Masala', 370);
INSERT INTO requires (recipe_id, ingredient_id, quantity, num_units, main_ingredient) VALUES (4, 23, '2 tsp', 277, 0);
INSERT INTO Ingredients (food_group_id, name, calories_per_100_units) VALUES (11, 'Ground Cumin', 375);
INSERT INTO requires (recipe_id, ingredient_id, quantity, num_units, main_ingredient) VALUES (4, 24, '2 tsp', 475, 0);
INSERT INTO Ingredients (food_group_id, name, calories_per_100_units) VALUES (11, 'Chili Powder', 282);
INSERT INTO requires (recipe_id, ingredient_id, quantity, num_units, main_ingredient) VALUES (4, 25, '1 tsp', 203, 0);
INSERT INTO Ingredients (food_group_id, name, calories_per_100_units) VALUES (1, 'Canned Tomatoes', 18);
INSERT INTO requires (recipe_id, ingredient_id, quantity, num_units, main_ingredient) VALUES (4, 26, '400g', 224, 0);
INSERT INTO Ingredients (food_group_id, name, calories_per_100_units) VALUES (4, 'Heavy Cream', 340);
INSERT INTO requires (recipe_id, ingredient_id, quantity, num_units, main_ingredient) VALUES (4, 27, '200ml', 420, 0);
INSERT INTO requires (recipe_id, ingredient_id, quantity, num_units, main_ingredient) VALUES (4, 8, '50g', 266, 0);
INSERT INTO requires (recipe_id, ingredient_id, quantity, num_units, main_ingredient) VALUES (4, 6, 'To taste', 405, 0);
INSERT INTO Themes (name,descr) VALUES ('Indian Classics', 'N/A');
INSERT INTO recipe_theme (recipe_id, theme_id) VALUES (4, 4);
INSERT INTO Steps (recipe_id, step_number, step_desc) VALUES (4, 1, 'In a bowl, mix Greek yogurt, ginger garlic paste, lemon juice, garam masala, ground cumin, chili powder, and salt to make the marinade.');
INSERT INTO Steps (recipe_id, step_number, step_desc) VALUES (4, 2, 'Cut chicken breast into bite-sized pieces and coat with the marinade. Refrigerate for at least 1 hour.');
INSERT INTO Steps (recipe_id, step_number, step_desc) VALUES (4, 3, 'Thread marinated chicken onto skewers and grill or broil until cooked through.');
INSERT INTO Steps (recipe_id, step_number, step_desc) VALUES (4, 4, 'In a pan, melt butter and add canned tomatoes. Cook until tomatoes break down and thicken.');
INSERT INTO Steps (recipe_id, step_number, step_desc) VALUES (4, 5, 'Stir in heavy cream and cooked chicken tikka pieces. Simmer for a few minutes until heated through.');
INSERT INTO Steps (recipe_id, step_number, step_desc) VALUES (4, 6, 'Serve hot with rice or naan bread.');
INSERT INTO Quantities (recipe_id, quantity) VALUES (4, 4);
INSERT INTO Tags (tag_name) VALUES ('spicy-food');
INSERT INTO recipe_tags (recipe_id, tag_id) VALUES (4, 11);
INSERT INTO Tags (tag_name) VALUES ('chicken-lover');
INSERT INTO recipe_tags (recipe_id, tag_id) VALUES (4, 12);
INSERT INTO Tags (tag_name) VALUES ('creamy-sauce');
INSERT INTO recipe_tags (recipe_id, tag_id) VALUES (4, 13);
INSERT INTO recipe_meal (recipe_id, meal_id) VALUES (4, 1);
INSERT INTO kitchenware_for_recipe (recipe_id, kitchenware_id) VALUES (4, 7);
INSERT INTO Kitchenware (name,usage_desc) VALUES ('Skewers', 'For grilling chicken');
INSERT INTO kitchenware_for_recipe (recipe_id, kitchenware_id) VALUES (4, 8);
INSERT INTO kitchenware_for_recipe (recipe_id, kitchenware_id) VALUES (4, 8);
INSERT INTO Cuisines (country_name) VALUES ('Indian');
INSERT INTO dietaryinfo (recipe_id, fat_content, protein_content, hydrocarbon_content) VALUES (4, 22, 39, 34);
INSERT INTO Recipes (name, short_desc , recipe_type, difficulty_level, TIP1 ,TIP2 ,TIP3, prep_time, cook_time, cuisine_id) VALUES ('Chicken Tikka Masala', 'Popular Indian curry dish with marinated chicken in a creamy tomato sauce.', 'gastronomy', '4', 'Marinate the chicken for at least 1 hour for maximum flavor.', 'Use Greek yogurt for a thicker marinade.', 'Adjust the amount of chili powder to suit your spice preference.', '00:20:00', '00:30:00', 4);
INSERT INTO Ingredients (food_group_id, name, calories_per_100_units) VALUES (2, 'Apples', 52);
INSERT INTO requires (recipe_id, ingredient_id, quantity, num_units, main_ingredient) VALUES (5, 28, '6', 201, 1);
INSERT INTO requires (recipe_id, ingredient_id, quantity, num_units, main_ingredient) VALUES (5, 13, '150g', 339, 0);
INSERT INTO requires (recipe_id, ingredient_id, quantity, num_units, main_ingredient) VALUES (5, 12, '50g', 351, 0);
INSERT INTO requires (recipe_id, ingredient_id, quantity, num_units, main_ingredient) VALUES (5, 7, '30g', 348, 0);
INSERT INTO Ingredients (food_group_id, name, calories_per_100_units) VALUES (11, 'Cinnamon', 247);
INSERT INTO requires (recipe_id, ingredient_id, quantity, num_units, main_ingredient) VALUES (5, 29, '1 tsp', 367, 0);
INSERT INTO Ingredients (food_group_id, name, calories_per_100_units) VALUES (11, 'Nutmeg', 525);
INSERT INTO requires (recipe_id, ingredient_id, quantity, num_units, main_ingredient) VALUES (5, 30, '1/4 tsp', 435, 0);
INSERT INTO requires (recipe_id, ingredient_id, quantity, num_units, main_ingredient) VALUES (5, 22, '2 tbsp', 251, 0);
INSERT INTO Ingredients (food_group_id, name, calories_per_100_units) VALUES (3, 'Pie Crust', 488);
INSERT INTO requires (recipe_id, ingredient_id, quantity, num_units, main_ingredient) VALUES (5, 31, '2', 382, 0);
INSERT INTO requires (recipe_id, ingredient_id, quantity, num_units, main_ingredient) VALUES (5, 8, '2 tbsp', 360, 0);
INSERT INTO requires (recipe_id, ingredient_id, quantity, num_units, main_ingredient) VALUES (5, 14, '1', 329, 0);
INSERT INTO requires (recipe_id, ingredient_id, quantity, num_units, main_ingredient) VALUES (5, 6, '1/4 tsp', 271, 0);
INSERT INTO Themes (name,descr) VALUES ('Homemade Treats', 'N/A');
INSERT INTO recipe_theme (recipe_id, theme_id) VALUES (5, 5);
INSERT INTO Steps (recipe_id, step_number, step_desc) VALUES (5, 1, 'Peel, core, and slice apples into thin wedges.');
INSERT INTO Steps (recipe_id, step_number, step_desc) VALUES (5, 2, 'In a saucepan, combine apples, granulated sugar, brown sugar, flour, cinnamon, nutmeg, lemon juice, and salt.');
INSERT INTO Steps (recipe_id, step_number, step_desc) VALUES (5, 3, 'Cook over medium heat until apples are tender and mixture is thickened.');
INSERT INTO Steps (recipe_id, step_number, step_desc) VALUES (5, 4, 'Preheat oven to 200°C (400°F). Place one pie crust in a pie dish.');
INSERT INTO Steps (recipe_id, step_number, step_desc) VALUES (5, 5, 'Pour cooked apple filling into the pie crust and dot with butter.');
INSERT INTO Steps (recipe_id, step_number, step_desc) VALUES (5, 6, 'Cover with the second pie crust and crimp the edges to seal. Cut slits in the top crust for venting.');
INSERT INTO Steps (recipe_id, step_number, step_desc) VALUES (5, 7, 'Beat egg and brush over the top crust for a golden finish.');
INSERT INTO Steps (recipe_id, step_number, step_desc) VALUES (5, 8, 'Bake for 45-50 minutes or until crust is golden brown and filling is bubbling.');
INSERT INTO Steps (recipe_id, step_number, step_desc) VALUES (5, 9, 'Let cool before serving.');
INSERT INTO Quantities (recipe_id, quantity) VALUES (5, 8);
INSERT INTO recipe_tags (recipe_id, tag_id) VALUES (5, 7);
INSERT INTO Tags (tag_name) VALUES ('sweet-tooth');
INSERT INTO recipe_tags (recipe_id, tag_id) VALUES (5, 14);
INSERT INTO Tags (tag_name) VALUES ('apple-lover');
INSERT INTO recipe_tags (recipe_id, tag_id) VALUES (5, 15);
INSERT INTO recipe_meal (recipe_id, meal_id) VALUES (5, 3);
INSERT INTO Kitchenware (name,usage_desc) VALUES ('Saucepan', 'For cooking apple filling');
INSERT INTO kitchenware_for_recipe (recipe_id, kitchenware_id) VALUES (5, 9);
INSERT INTO Kitchenware (name,usage_desc) VALUES ('Pie Dish', 'For baking pie');
INSERT INTO kitchenware_for_recipe (recipe_id, kitchenware_id) VALUES (5, 10);
INSERT INTO Kitchenware (name,usage_desc) VALUES ('Pastry Brush', 'For brushing egg wash');
INSERT INTO kitchenware_for_recipe (recipe_id, kitchenware_id) VALUES (5, 11);
INSERT INTO dietaryinfo (recipe_id, fat_content, protein_content, hydrocarbon_content) VALUES (5, 21, 2, 77);
INSERT INTO Recipes (name, short_desc , recipe_type, difficulty_level, TIP1 ,TIP2 ,TIP3, prep_time, cook_time, cuisine_id) VALUES ('Apple Pie', 'Classic American dessert with a flaky crust and sweet apple filling.', 'pastry', '3', 'Use a combination of tart and sweet apples for the best flavor.', 'Precook the apple filling to ensure a soft and tender texture.', 'Brush the crust with egg wash for a golden finish.', '00:30:00', '00:50:00', 3);
INSERT INTO Ingredients (food_group_id, name, calories_per_100_units) VALUES (3, 'Ladyfingers', 383);
INSERT INTO requires (recipe_id, ingredient_id, quantity, num_units, main_ingredient) VALUES (6, 32, '200g', 253, 1);
INSERT INTO Ingredients (food_group_id, name, calories_per_100_units) VALUES (11, 'Strong Brewed Coffee', 0);
INSERT INTO requires (recipe_id, ingredient_id, quantity, num_units, main_ingredient) VALUES (6, 33, '1 cup', 429, 0);
INSERT INTO Ingredients (food_group_id, name, calories_per_100_units) VALUES (8, 'Egg Yolks', 322);
INSERT INTO requires (recipe_id, ingredient_id, quantity, num_units, main_ingredient) VALUES (6, 34, '4', 495, 0);
INSERT INTO requires (recipe_id, ingredient_id, quantity, num_units, main_ingredient) VALUES (6, 13, '100g', 469, 0);
INSERT INTO Ingredients (food_group_id, name, calories_per_100_units) VALUES (4, 'Mascarpone Cheese', 429);
INSERT INTO requires (recipe_id, ingredient_id, quantity, num_units, main_ingredient) VALUES (6, 35, '500g', 361, 0);
INSERT INTO requires (recipe_id, ingredient_id, quantity, num_units, main_ingredient) VALUES (6, 27, '200ml', 214, 0);
INSERT INTO requires (recipe_id, ingredient_id, quantity, num_units, main_ingredient) VALUES (6, 15, '1 tsp', 458, 0);
INSERT INTO Ingredients (food_group_id, name, calories_per_100_units) VALUES (11, 'Cocoa Powder', 228);
INSERT INTO requires (recipe_id, ingredient_id, quantity, num_units, main_ingredient) VALUES (6, 36, 'For dusting', 224, 0);
INSERT INTO Ingredients (food_group_id, name, calories_per_100_units) VALUES (11, 'Rum or Marsala Wine', 231);
INSERT INTO requires (recipe_id, ingredient_id, quantity, num_units, main_ingredient) VALUES (6, 37, '2 tbsp', 456, 0);
INSERT INTO Themes (name,descr) VALUES ('Decadent Desserts', 'N/A');
INSERT INTO recipe_theme (recipe_id, theme_id) VALUES (6, 6);
INSERT INTO Steps (recipe_id, step_number, step_desc) VALUES (6, 1, 'In a bowl, whisk together egg yolks and sugar until thick and pale.');
INSERT INTO Steps (recipe_id, step_number, step_desc) VALUES (6, 2, 'Add mascarpone cheese and vanilla extract, beat until smooth.');
INSERT INTO Steps (recipe_id, step_number, step_desc) VALUES (6, 3, 'In a separate bowl, whip heavy cream until stiff peaks form.');
INSERT INTO Steps (recipe_id, step_number, step_desc) VALUES (6, 4, 'Gently fold whipped cream into the mascarpone mixture until well combined.');
INSERT INTO Steps (recipe_id, step_number, step_desc) VALUES (6, 5, 'In a shallow dish, mix brewed coffee with rum or marsala wine.');
INSERT INTO Steps (recipe_id, step_number, step_desc) VALUES (6, 6, 'Quickly dip each ladyfinger into the coffee mixture, ensuring they are soaked but not soggy.');
INSERT INTO Steps (recipe_id, step_number, step_desc) VALUES (6, 7, 'Arrange a layer of soaked ladyfingers in the bottom of a serving dish.');
INSERT INTO Steps (recipe_id, step_number, step_desc) VALUES (6, 8, 'Spread half of the mascarpone mixture over the ladyfingers.');
INSERT INTO Steps (recipe_id, step_number, step_desc) VALUES (6, 9, 'Repeat with another layer of soaked ladyfingers and remaining mascarpone mixture.');
INSERT INTO Steps (recipe_id, step_number, step_desc) VALUES (6, 10, 'Cover and refrigerate tiramisu for at least 4 hours or overnight.');
INSERT INTO Steps (recipe_id, step_number, step_desc) VALUES (6, 11, 'Before serving, dust the top with cocoa powder.');
INSERT INTO Quantities (recipe_id, quantity) VALUES (6, 8);
INSERT INTO Tags (tag_name) VALUES ('cold-dessert');
INSERT INTO recipe_tags (recipe_id, tag_id) VALUES (6, 16);
INSERT INTO recipe_tags (recipe_id, tag_id) VALUES (6, 14);
INSERT INTO recipe_meal (recipe_id, meal_id) VALUES (6, 3);
INSERT INTO kitchenware_for_recipe (recipe_id, kitchenware_id) VALUES (6, 11);
INSERT INTO Kitchenware (name,usage_desc) VALUES ('Whisk', 'For beating egg yolks and sugar');
INSERT INTO kitchenware_for_recipe (recipe_id, kitchenware_id) VALUES (6, 12);
INSERT INTO Kitchenware (name,usage_desc) VALUES ('Shallow Dish', 'For dipping ladyfingers');
INSERT INTO kitchenware_for_recipe (recipe_id, kitchenware_id) VALUES (6, 13);
INSERT INTO Kitchenware (name,usage_desc) VALUES ('Serving Dish', 'For assembling tiramisu');
INSERT INTO kitchenware_for_recipe (recipe_id, kitchenware_id) VALUES (6, 14);
INSERT INTO dietaryinfo (recipe_id, fat_content, protein_content, hydrocarbon_content) VALUES (6, 40, 9, 48);
INSERT INTO Recipes (name, short_desc , recipe_type, difficulty_level, TIP1 ,TIP2 ,TIP3, prep_time, cook_time, cuisine_id) VALUES ('Tiramisu', 'Classic Italian dessert made with layers of coffee-soaked ladyfingers and mascarpone cream.', 'pastry', '4', 'Use strong brewed coffee for dipping the ladyfingers.', 'Let tiramisu chill in the refrigerator for several hours to overnight for best flavor.', 'Dust with cocoa powder just before serving for a finishing touch.', '00:30:00', '00:0:00', 1);
INSERT INTO Ingredients (food_group_id, name, calories_per_100_units) VALUES (3, 'Sushi Rice', 130);
INSERT INTO requires (recipe_id, ingredient_id, quantity, num_units, main_ingredient) VALUES (7, 38, '2 cups', 274, 0);
INSERT INTO Ingredients (food_group_id, name, calories_per_100_units) VALUES (9, 'Nori Sheets', 350);
INSERT INTO requires (recipe_id, ingredient_id, quantity, num_units, main_ingredient) VALUES (7, 39, '5 sheets', 319, 1);
INSERT INTO Ingredients (food_group_id, name, calories_per_100_units) VALUES (1, 'Cucumber', 16);
INSERT INTO requires (recipe_id, ingredient_id, quantity, num_units, main_ingredient) VALUES (7, 40, '1', 420, 0);
INSERT INTO Ingredients (food_group_id, name, calories_per_100_units) VALUES (2, 'Avocado', 160);
INSERT INTO requires (recipe_id, ingredient_id, quantity, num_units, main_ingredient) VALUES (7, 41, '1', 405, 0);
INSERT INTO Ingredients (food_group_id, name, calories_per_100_units) VALUES (1, 'Carrot', 41);
INSERT INTO requires (recipe_id, ingredient_id, quantity, num_units, main_ingredient) VALUES (7, 42, '1', 235, 0);
INSERT INTO Ingredients (food_group_id, name, calories_per_100_units) VALUES (9, 'Crab Sticks', 100);
INSERT INTO requires (recipe_id, ingredient_id, quantity, num_units, main_ingredient) VALUES (7, 43, '200g', 263, 0);
INSERT INTO Ingredients (food_group_id, name, calories_per_100_units) VALUES (9, 'Salmon', 208);
INSERT INTO requires (recipe_id, ingredient_id, quantity, num_units, main_ingredient) VALUES (7, 44, '200g', 374, 0);
INSERT INTO Ingredients (food_group_id, name, calories_per_100_units) VALUES (11, 'Soy Sauce', 60);
INSERT INTO requires (recipe_id, ingredient_id, quantity, num_units, main_ingredient) VALUES (7, 45, 'For dipping', 343, 0);
INSERT INTO Ingredients (food_group_id, name, calories_per_100_units) VALUES (1, 'Wasabi', 60);
INSERT INTO requires (recipe_id, ingredient_id, quantity, num_units, main_ingredient) VALUES (7, 46, 'For dipping', 384, 0);
INSERT INTO Ingredients (food_group_id, name, calories_per_100_units) VALUES (1, 'Pickled Ginger', 33);
INSERT INTO requires (recipe_id, ingredient_id, quantity, num_units, main_ingredient) VALUES (7, 47, 'For serving', 433, 0);
INSERT INTO Themes (name,descr) VALUES ('Japanese Delicacies', 'N/A');
INSERT INTO recipe_theme (recipe_id, theme_id) VALUES (7, 7);
INSERT INTO Steps (recipe_id, step_number, step_desc) VALUES (7, 1, 'Rinse sushi rice under cold water until the water runs clear. Cook rice according to package instructions.');
INSERT INTO Steps (recipe_id, step_number, step_desc) VALUES (7, 2, 'While rice is still hot, season with rice vinegar, sugar, and salt. Let cool to room temperature.');
INSERT INTO Steps (recipe_id, step_number, step_desc) VALUES (7, 3, 'Place a sheet of nori shiny side down on a bamboo sushi mat.');
INSERT INTO Steps (recipe_id, step_number, step_desc) VALUES (7, 4, 'Spread a thin layer of sushi rice over the nori, leaving a 1-inch border at the top.');
INSERT INTO Steps (recipe_id, step_number, step_desc) VALUES (7, 5, 'Arrange desired fillings (cucumber, avocado, carrot, crab sticks, salmon, etc.) in a line across the center of the rice.');
INSERT INTO Steps (recipe_id, step_number, step_desc) VALUES (7, 6, 'Using the bamboo mat, roll the sushi tightly away from you, pressing gently to seal.');
INSERT INTO Steps (recipe_id, step_number, step_desc) VALUES (7, 7, 'Slice the sushi roll into 6-8 pieces using a sharp knife, wiping the blade with a damp cloth between cuts.');
INSERT INTO Steps (recipe_id, step_number, step_desc) VALUES (7, 8, 'Repeat with remaining ingredients to make more sushi rolls.');
INSERT INTO Steps (recipe_id, step_number, step_desc) VALUES (7, 9, 'Serve sushi rolls with soy sauce, wasabi, and pickled ginger.');
INSERT INTO Quantities (recipe_id, quantity) VALUES (7, 4);
INSERT INTO Tags (tag_name) VALUES ('japanese-food');
INSERT INTO recipe_tags (recipe_id, tag_id) VALUES (7, 17);
INSERT INTO Tags (tag_name) VALUES ('sushi-lover');
INSERT INTO recipe_tags (recipe_id, tag_id) VALUES (7, 18);
INSERT INTO Tags (tag_name) VALUES ('seafood');
INSERT INTO recipe_tags (recipe_id, tag_id) VALUES (7, 19);
INSERT INTO meals (name) VALUES ('Lunch');
INSERT INTO recipe_meal (recipe_id, meal_id) VALUES (7, 5);
INSERT INTO recipe_meal (recipe_id, meal_id) VALUES (7, 1);
INSERT INTO Kitchenware (name,usage_desc) VALUES ('Rice Cooker', 'For cooking sushi rice');
INSERT INTO kitchenware_for_recipe (recipe_id, kitchenware_id) VALUES (7, 15);
INSERT INTO Kitchenware (name,usage_desc) VALUES ('Bamboo Sushi Mat', 'For rolling sushi');
INSERT INTO kitchenware_for_recipe (recipe_id, kitchenware_id) VALUES (7, 16);
INSERT INTO Kitchenware (name,usage_desc) VALUES ('Sharp Knife', 'For slicing sushi rolls');
INSERT INTO kitchenware_for_recipe (recipe_id, kitchenware_id) VALUES (7, 17);
INSERT INTO Cuisines (country_name) VALUES ('Japanese');
INSERT INTO dietaryinfo (recipe_id, fat_content, protein_content, hydrocarbon_content) VALUES (7, 1, 14, 85);
INSERT INTO Recipes (name, short_desc , recipe_type, difficulty_level, TIP1 ,TIP2 ,TIP3, prep_time, cook_time, cuisine_id) VALUES ('Sushi Rolls', 'Japanese rice rolls filled with vegetables, seafood, or meat.', 'gastronomy', '4', 'Use sushi-grade fish for raw fillings to ensure freshness and safety.', 'Keep hands moistened with water to prevent rice from sticking.', 'Use a bamboo sushi mat for rolling tight and uniform sushi rolls.', '00:1:00', '00:0:00', 5);
INSERT INTO Ingredients (food_group_id, name, calories_per_100_units) VALUES (1, 'Ripe Tomatoes', 18);
INSERT INTO requires (recipe_id, ingredient_id, quantity, num_units, main_ingredient) VALUES (8, 48, '1kg', 429, 1);
INSERT INTO requires (recipe_id, ingredient_id, quantity, num_units, main_ingredient) VALUES (8, 40, '1', 287, 0);
INSERT INTO Ingredients (food_group_id, name, calories_per_100_units) VALUES (1, 'Red Bell Pepper', 31);
INSERT INTO requires (recipe_id, ingredient_id, quantity, num_units, main_ingredient) VALUES (8, 49, '1', 345, 0);
INSERT INTO Ingredients (food_group_id, name, calories_per_100_units) VALUES (1, 'Red Onion', 40);
INSERT INTO requires (recipe_id, ingredient_id, quantity, num_units, main_ingredient) VALUES (8, 50, '1/2', 420, 0);
INSERT INTO Ingredients (food_group_id, name, calories_per_100_units) VALUES (1, 'Garlic', 149);
INSERT INTO requires (recipe_id, ingredient_id, quantity, num_units, main_ingredient) VALUES (8, 51, '2 cloves', 335, 0);
INSERT INTO Ingredients (food_group_id, name, calories_per_100_units) VALUES (3, 'Bread', 250);
INSERT INTO requires (recipe_id, ingredient_id, quantity, num_units, main_ingredient) VALUES (8, 52, '100g', 383, 0);
INSERT INTO Ingredients (food_group_id, name, calories_per_100_units) VALUES (11, 'Red Wine Vinegar', 20);
INSERT INTO requires (recipe_id, ingredient_id, quantity, num_units, main_ingredient) VALUES (8, 53, '2 tbsp', 205, 0);
INSERT INTO Ingredients (food_group_id, name, calories_per_100_units) VALUES (10, 'Extra Virgin Olive Oil', 884);
INSERT INTO requires (recipe_id, ingredient_id, quantity, num_units, main_ingredient) VALUES (8, 54, '4 tbsp', 490, 0);
INSERT INTO requires (recipe_id, ingredient_id, quantity, num_units, main_ingredient) VALUES (8, 6, 'To taste', 401, 0);
INSERT INTO requires (recipe_id, ingredient_id, quantity, num_units, main_ingredient) VALUES (8, 5, 'To taste', 388, 0);
INSERT INTO Themes (name,descr) VALUES ('Summer Eats', 'N/A');
INSERT INTO recipe_theme (recipe_id, theme_id) VALUES (8, 8);
INSERT INTO Steps (recipe_id, step_number, step_desc) VALUES (8, 1, 'Roughly chop tomatoes, cucumber, red bell pepper, and red onion.');
INSERT INTO Steps (recipe_id, step_number, step_desc) VALUES (8, 2, 'In a blender, combine chopped vegetables with minced garlic, bread, red wine vinegar, and olive oil.');
INSERT INTO Steps (recipe_id, step_number, step_desc) VALUES (8, 3, 'Blend until smooth, adding water as needed to achieve desired consistency.');
INSERT INTO Steps (recipe_id, step_number, step_desc) VALUES (8, 4, 'Season with salt and black pepper to taste, and blend again to combine.');
INSERT INTO Steps (recipe_id, step_number, step_desc) VALUES (8, 5, 'Transfer gazpacho to a large bowl or pitcher and refrigerate until well chilled.');
INSERT INTO Steps (recipe_id, step_number, step_desc) VALUES (8, 6, 'Before serving, taste and adjust seasoning if necessary.');
INSERT INTO Steps (recipe_id, step_number, step_desc) VALUES (8, 7, 'Serve cold, garnished with chopped vegetables and a drizzle of olive oil.');
INSERT INTO Quantities (recipe_id, quantity) VALUES (8, 6);
INSERT INTO recipe_tags (recipe_id, tag_id) VALUES (8, 1);
INSERT INTO Tags (tag_name) VALUES ('cold-soup');
INSERT INTO recipe_tags (recipe_id, tag_id) VALUES (8, 20);
INSERT INTO Tags (tag_name) VALUES ('refreshing');
INSERT INTO recipe_tags (recipe_id, tag_id) VALUES (8, 21);
INSERT INTO meals (name) VALUES ('Appetizer');
INSERT INTO recipe_meal (recipe_id, meal_id) VALUES (8, 6);
INSERT INTO meals (name) VALUES ('Soup');
INSERT INTO recipe_meal (recipe_id, meal_id) VALUES (8, 7);
INSERT INTO Kitchenware (name,usage_desc) VALUES ('Blender', 'For blending soup');
INSERT INTO kitchenware_for_recipe (recipe_id, kitchenware_id) VALUES (8, 18);
INSERT INTO Kitchenware (name,usage_desc) VALUES ('Large Bowl or Pitcher', 'For chilling soup');
INSERT INTO kitchenware_for_recipe (recipe_id, kitchenware_id) VALUES (8, 19);
INSERT INTO Kitchenware (name,usage_desc) VALUES ('Soup Spoons', 'For serving soup');
INSERT INTO kitchenware_for_recipe (recipe_id, kitchenware_id) VALUES (8, 20);
INSERT INTO Cuisines (country_name) VALUES ('Spanish');
INSERT INTO dietaryinfo (recipe_id, fat_content, protein_content, hydrocarbon_content) VALUES (8, 19, 4, 73);
INSERT INTO Recipes (name, short_desc , recipe_type, difficulty_level, TIP1 ,TIP2 ,TIP3, prep_time, cook_time, cuisine_id) VALUES ('Gazpacho', 'Refreshing Spanish cold soup made with ripe tomatoes and vegetables.', 'gastronomy', '2', 'Use ripe, flavorful tomatoes for the best taste.', 'Chill the soup thoroughly before serving for maximum refreshment.', 'Garnish with chopped vegetables and herbs for extra texture and flavor.', '00:15:00', '00:0:00', 6);
INSERT INTO Ingredients (food_group_id, name, calories_per_100_units) VALUES (6, 'Beef Sirloin', 250);
INSERT INTO requires (recipe_id, ingredient_id, quantity, num_units, main_ingredient) VALUES (9, 55, '500g', 423, 1);
INSERT INTO Ingredients (food_group_id, name, calories_per_100_units) VALUES (1, 'Onion', 40);
INSERT INTO requires (recipe_id, ingredient_id, quantity, num_units, main_ingredient) VALUES (9, 56, '1', 414, 0);
INSERT INTO Ingredients (food_group_id, name, calories_per_100_units) VALUES (1, 'Button Mushrooms', 22);
INSERT INTO requires (recipe_id, ingredient_id, quantity, num_units, main_ingredient) VALUES (9, 57, '200g', 417, 0);
INSERT INTO requires (recipe_id, ingredient_id, quantity, num_units, main_ingredient) VALUES (9, 51, '2 cloves', 316, 0);
INSERT INTO Ingredients (food_group_id, name, calories_per_100_units) VALUES (6, 'Beef Broth', 2);
INSERT INTO requires (recipe_id, ingredient_id, quantity, num_units, main_ingredient) VALUES (9, 58, '1 cup', 239, 0);
INSERT INTO Ingredients (food_group_id, name, calories_per_100_units) VALUES (4, 'Sour Cream', 198);
INSERT INTO requires (recipe_id, ingredient_id, quantity, num_units, main_ingredient) VALUES (9, 59, '200ml', 214, 0);
INSERT INTO Ingredients (food_group_id, name, calories_per_100_units) VALUES (11, 'Dijon Mustard', 66);
INSERT INTO requires (recipe_id, ingredient_id, quantity, num_units, main_ingredient) VALUES (9, 60, '2 tbsp', 432, 0);
INSERT INTO Ingredients (food_group_id, name, calories_per_100_units) VALUES (11, 'Worcestershire Sauce', 78);
INSERT INTO requires (recipe_id, ingredient_id, quantity, num_units, main_ingredient) VALUES (9, 61, '2 tbsp', 469, 0);
INSERT INTO requires (recipe_id, ingredient_id, quantity, num_units, main_ingredient) VALUES (9, 7, '2 tbsp', 419, 0);
INSERT INTO requires (recipe_id, ingredient_id, quantity, num_units, main_ingredient) VALUES (9, 8, '2 tbsp', 313, 0);
INSERT INTO requires (recipe_id, ingredient_id, quantity, num_units, main_ingredient) VALUES (9, 6, 'To taste', 245, 0);
INSERT INTO requires (recipe_id, ingredient_id, quantity, num_units, main_ingredient) VALUES (9, 5, 'To taste', 362, 0);
INSERT INTO Themes (name,descr) VALUES ('Hearty Classics', 'N/A');
INSERT INTO recipe_theme (recipe_id, theme_id) VALUES (9, 9);
INSERT INTO Steps (recipe_id, step_number, step_desc) VALUES (9, 1, 'Slice beef thinly across the grain. Season with salt and pepper.');
INSERT INTO Steps (recipe_id, step_number, step_desc) VALUES (9, 2, 'In a large pan, melt butter over medium heat. Add sliced onions and cook until softened.');
INSERT INTO Steps (recipe_id, step_number, step_desc) VALUES (9, 3, 'Add sliced mushrooms and minced garlic to the pan, and cook until mushrooms are golden brown.');
INSERT INTO Steps (recipe_id, step_number, step_desc) VALUES (9, 4, 'Push vegetables to the side of the pan and add beef slices. Cook until browned on all sides.');
INSERT INTO Steps (recipe_id, step_number, step_desc) VALUES (9, 5, 'Sprinkle flour over the beef and vegetables, and cook for 1-2 minutes to remove the raw flour taste.');
INSERT INTO Steps (recipe_id, step_number, step_desc) VALUES (9, 6, 'Pour in beef broth, Dijon mustard, and Worcestershire sauce. Stir to combine.');
INSERT INTO Steps (recipe_id, step_number, step_desc) VALUES (9, 7, 'Simmer for 10-15 minutes until the sauce thickens and beef is cooked through.');
INSERT INTO Steps (recipe_id, step_number, step_desc) VALUES (9, 8, 'Remove from heat and stir in sour cream until well incorporated.');
INSERT INTO Steps (recipe_id, step_number, step_desc) VALUES (9, 9, 'Serve hot over cooked egg noodles or rice.');
INSERT INTO Quantities (recipe_id, quantity) VALUES (9, 4);
INSERT INTO Tags (tag_name) VALUES ('comfort-food');
INSERT INTO recipe_tags (recipe_id, tag_id) VALUES (9, 22);
INSERT INTO Tags (tag_name) VALUES ('beef-lover');
INSERT INTO recipe_tags (recipe_id, tag_id) VALUES (9, 23);
INSERT INTO recipe_tags (recipe_id, tag_id) VALUES (9, 13);
INSERT INTO recipe_meal (recipe_id, meal_id) VALUES (9, 1);
INSERT INTO Kitchenware (name,usage_desc) VALUES ('Large Pan', 'For cooking stroganoff');
INSERT INTO kitchenware_for_recipe (recipe_id, kitchenware_id) VALUES (9, 21);
INSERT INTO Kitchenware (name,usage_desc) VALUES ('Cooking Spoon', 'For stirring');
INSERT INTO kitchenware_for_recipe (recipe_id, kitchenware_id) VALUES (9, 22);
INSERT INTO kitchenware_for_recipe (recipe_id, kitchenware_id) VALUES (9, 22);
INSERT INTO Cuisines (country_name) VALUES ('Russian');
INSERT INTO dietaryinfo (recipe_id, fat_content, protein_content, hydrocarbon_content) VALUES (9, 23, 30, 47);
INSERT INTO Recipes (name, short_desc , recipe_type, difficulty_level, TIP1 ,TIP2 ,TIP3, prep_time, cook_time, cuisine_id) VALUES ('Beef Stroganoff', 'Comforting Russian dish with tender beef in a creamy mushroom sauce.', 'gastronomy', '3', 'Use tender cuts of beef, such as sirloin or tenderloin, for the best texture.', 'Slice beef thinly across the grain for maximum tenderness.', 'Dont let the sauce boil after adding sour cream to prevent curdling.', '00:15:00', '00:30:00', 7);
INSERT INTO requires (recipe_id, ingredient_id, quantity, num_units, main_ingredient) VALUES (10, 31, '1', 351, 0);
INSERT INTO Ingredients (food_group_id, name, calories_per_100_units) VALUES (6, 'Bacon', 541);
INSERT INTO requires (recipe_id, ingredient_id, quantity, num_units, main_ingredient) VALUES (10, 62, '150g', 431, 0);
INSERT INTO Ingredients (food_group_id, name, calories_per_100_units) VALUES (4, 'Gruyère Cheese', 413);
INSERT INTO requires (recipe_id, ingredient_id, quantity, num_units, main_ingredient) VALUES (10, 63, '150g', 330, 1);
INSERT INTO requires (recipe_id, ingredient_id, quantity, num_units, main_ingredient) VALUES (10, 3, '4', 209, 0);
INSERT INTO requires (recipe_id, ingredient_id, quantity, num_units, main_ingredient) VALUES (10, 27, '200ml', 256, 0);
INSERT INTO requires (recipe_id, ingredient_id, quantity, num_units, main_ingredient) VALUES (10, 11, '200ml', 397, 0);
INSERT INTO requires (recipe_id, ingredient_id, quantity, num_units, main_ingredient) VALUES (10, 6, '1/2 tsp', 484, 0);
INSERT INTO requires (recipe_id, ingredient_id, quantity, num_units, main_ingredient) VALUES (10, 5, 'To taste', 203, 0);
INSERT INTO requires (recipe_id, ingredient_id, quantity, num_units, main_ingredient) VALUES (10, 30, '1/4 tsp', 306, 0);
INSERT INTO Themes (name,descr) VALUES ('Brunch Favorites', 'N/A');
INSERT INTO recipe_theme (recipe_id, theme_id) VALUES (10, 10);
INSERT INTO Steps (recipe_id, step_number, step_desc) VALUES (10, 1, 'Preheat oven to 200°C (400°F). Roll out pie crust and press into a tart pan. Trim excess dough.');
INSERT INTO Steps (recipe_id, step_number, step_desc) VALUES (10, 2, 'Line the pie crust with parchment paper and fill with pie weights or dried beans.');
INSERT INTO Steps (recipe_id, step_number, step_desc) VALUES (10, 3, 'Blind bake the crust for 15 minutes, then remove weights and parchment paper and bake for an additional 5 minutes until golden.');
INSERT INTO Steps (recipe_id, step_number, step_desc) VALUES (10, 4, 'In a skillet, cook bacon until crispy. Drain on paper towels and chop into pieces.');
INSERT INTO Steps (recipe_id, step_number, step_desc) VALUES (10, 5, 'Grate Gruyère cheese and sprinkle over the bottom of the partially baked pie crust. Top with chopped bacon.');
INSERT INTO Steps (recipe_id, step_number, step_desc) VALUES (10, 6, 'In a bowl, whisk together eggs, heavy cream, milk, salt, pepper, and nutmeg until well combined.');
INSERT INTO Steps (recipe_id, step_number, step_desc) VALUES (10, 7, 'Pour egg mixture over cheese and bacon in the pie crust.');
INSERT INTO Steps (recipe_id, step_number, step_desc) VALUES (10, 8, 'Bake quiche for 25-30 minutes until custard is set and the top is golden brown.');
INSERT INTO Steps (recipe_id, step_number, step_desc) VALUES (10, 9, 'Let cool for 10 minutes before slicing and serving.');
INSERT INTO Quantities (recipe_id, quantity) VALUES (10, 6);
INSERT INTO Tags (tag_name) VALUES ('french-dessert');
INSERT INTO recipe_tags (recipe_id, tag_id) VALUES (10, 24);
INSERT INTO Tags (tag_name) VALUES ('savory-pastry');
INSERT INTO recipe_tags (recipe_id, tag_id) VALUES (10, 25);
INSERT INTO Tags (tag_name) VALUES ('brunch-time');
INSERT INTO recipe_tags (recipe_id, tag_id) VALUES (10, 26);
INSERT INTO meals (name) VALUES ('Brunch');
INSERT INTO recipe_meal (recipe_id, meal_id) VALUES (10, 8);
INSERT INTO recipe_meal (recipe_id, meal_id) VALUES (10, 5);
INSERT INTO Kitchenware (name,usage_desc) VALUES ('Tart Pan', 'For baking quiche');
INSERT INTO kitchenware_for_recipe (recipe_id, kitchenware_id) VALUES (10, 23);
INSERT INTO Kitchenware (name,usage_desc) VALUES ('Skillet', 'For cooking bacon');
INSERT INTO kitchenware_for_recipe (recipe_id, kitchenware_id) VALUES (10, 24);
INSERT INTO kitchenware_for_recipe (recipe_id, kitchenware_id) VALUES (10, 24);
INSERT INTO dietaryinfo (recipe_id, fat_content, protein_content, hydrocarbon_content) VALUES (10, 54, 16, 30);
INSERT INTO Recipes (name, short_desc , recipe_type, difficulty_level, TIP1 ,TIP2 ,TIP3, prep_time, cook_time, cuisine_id) VALUES ('Quiche Lorraine', 'Classic French tart with bacon, cheese, and savory custard filling.', 'pastry', '3', 'Blind bake the pie crust before adding the filling to prevent a soggy bottom.', 'Use Gruyère cheese for its nutty flavor and melting qualities.', 'Let quiche cool slightly before slicing to allow the custard to set.', '00:20:00', '00:40:00', 2);
INSERT INTO Ingredients (food_group_id, name, calories_per_100_units) VALUES (3, 'Glutinous Rice', 130);
INSERT INTO requires (recipe_id, ingredient_id, quantity, num_units, main_ingredient) VALUES (11, 64, '2 cups', 343, 1);
INSERT INTO Ingredients (food_group_id, name, calories_per_100_units) VALUES (10, 'Coconut Milk', 230);
INSERT INTO requires (recipe_id, ingredient_id, quantity, num_units, main_ingredient) VALUES (11, 65, '1 cup', 297, 0);
INSERT INTO requires (recipe_id, ingredient_id, quantity, num_units, main_ingredient) VALUES (11, 9, '1/2 cup', 248, 0);
INSERT INTO requires (recipe_id, ingredient_id, quantity, num_units, main_ingredient) VALUES (11, 6, '1/4 tsp', 482, 0);
INSERT INTO Ingredients (food_group_id, name, calories_per_100_units) VALUES (2, 'Mangoes', 60);
INSERT INTO requires (recipe_id, ingredient_id, quantity, num_units, main_ingredient) VALUES (11, 66, '2', 210, 0);
INSERT INTO Ingredients (food_group_id, name, calories_per_100_units) VALUES (10, 'Sesame Seeds', 573);
INSERT INTO requires (recipe_id, ingredient_id, quantity, num_units, main_ingredient) VALUES (11, 67, 'For garnish', 368, 0);
INSERT INTO Themes (name,descr) VALUES ('Exotic Desserts', 'N/A');
INSERT INTO recipe_theme (recipe_id, theme_id) VALUES (11, 11);
INSERT INTO Steps (recipe_id, step_number, step_desc) VALUES (11, 1, 'Rinse glutinous rice under cold water until the water runs clear. Soak rice in water for at least 4 hours or overnight.');
INSERT INTO Steps (recipe_id, step_number, step_desc) VALUES (11, 2, 'Drain rice and steam in a bamboo steamer or rice cooker until fully cooked and sticky.');
INSERT INTO Steps (recipe_id, step_number, step_desc) VALUES (11, 3, 'In a saucepan, combine coconut milk, sugar, and salt. Heat gently until sugar dissolves.');
INSERT INTO Steps (recipe_id, step_number, step_desc) VALUES (11, 4, 'Pour warm coconut milk mixture over cooked sticky rice. Stir to combine and let rice absorb the coconut mixture.');
INSERT INTO Steps (recipe_id, step_number, step_desc) VALUES (11, 5, 'Peel and slice mangoes.');
INSERT INTO Steps (recipe_id, step_number, step_desc) VALUES (11, 6, 'Serve sticky rice with sliced mangoes on the side. Drizzle with remaining coconut milk mixture.');
INSERT INTO Steps (recipe_id, step_number, step_desc) VALUES (11, 7, 'Sprinkle sesame seeds on top for garnish.');
INSERT INTO Quantities (recipe_id, quantity) VALUES (11, 4);
INSERT INTO Tags (tag_name) VALUES ('thai-dessert');
INSERT INTO recipe_tags (recipe_id, tag_id) VALUES (11, 27);
INSERT INTO Tags (tag_name) VALUES ('mango-lover');
INSERT INTO recipe_tags (recipe_id, tag_id) VALUES (11, 28);
INSERT INTO Tags (tag_name) VALUES ('coconut-cream');
INSERT INTO recipe_tags (recipe_id, tag_id) VALUES (11, 29);
INSERT INTO recipe_meal (recipe_id, meal_id) VALUES (11, 3);
INSERT INTO Kitchenware (name,usage_desc) VALUES ('Bamboo Steamer or Rice Cooker', 'For cooking rice');
INSERT INTO kitchenware_for_recipe (recipe_id, kitchenware_id) VALUES (11, 25);
INSERT INTO kitchenware_for_recipe (recipe_id, kitchenware_id) VALUES (11, 25);
INSERT INTO Kitchenware (name,usage_desc) VALUES ('Serving Plate', 'For plating dessert');
INSERT INTO kitchenware_for_recipe (recipe_id, kitchenware_id) VALUES (11, 26);
INSERT INTO Cuisines (country_name) VALUES ('Thai');
INSERT INTO dietaryinfo (recipe_id, fat_content, protein_content, hydrocarbon_content) VALUES (11, 20, 3, 77);
INSERT INTO Recipes (name, short_desc , recipe_type, difficulty_level, TIP1 ,TIP2 ,TIP3, prep_time, cook_time, cuisine_id) VALUES ('Mango Sticky Rice', 'Thai dessert made with sweet sticky rice, ripe mangoes, and coconut cream.', 'pastry', '2', 'Use Thai glutinous rice for the authentic texture.', 'Warm coconut cream slightly before serving for a comforting touch.', 'Choose ripe but firm mangoes for the best flavor and texture.', '00:30:00', '00:30:00', 8);
INSERT INTO Ingredients (food_group_id, name, calories_per_100_units) VALUES (3, 'Rice Noodles', 192);
INSERT INTO requires (recipe_id, ingredient_id, quantity, num_units, main_ingredient) VALUES (12, 68, '200g', 295, 0);
INSERT INTO Ingredients (food_group_id, name, calories_per_100_units) VALUES (9, 'Shrimp', 99);
INSERT INTO requires (recipe_id, ingredient_id, quantity, num_units, main_ingredient) VALUES (12, 69, '200g', 262, 1);
INSERT INTO Ingredients (food_group_id, name, calories_per_100_units) VALUES (5, 'Firm Tofu', 76);
INSERT INTO requires (recipe_id, ingredient_id, quantity, num_units, main_ingredient) VALUES (12, 70, '200g', 319, 0);
INSERT INTO Ingredients (food_group_id, name, calories_per_100_units) VALUES (1, 'Bean Sprouts', 23);
INSERT INTO requires (recipe_id, ingredient_id, quantity, num_units, main_ingredient) VALUES (12, 71, '1 cup', 264, 0);
INSERT INTO Ingredients (food_group_id, name, calories_per_100_units) VALUES (1, 'Green Onions', 32);
INSERT INTO requires (recipe_id, ingredient_id, quantity, num_units, main_ingredient) VALUES (12, 72, '1/2 cup', 349, 0);
INSERT INTO requires (recipe_id, ingredient_id, quantity, num_units, main_ingredient) VALUES (12, 51, '2 cloves', 312, 0);
INSERT INTO requires (recipe_id, ingredient_id, quantity, num_units, main_ingredient) VALUES (12, 3, '2', 421, 0);
INSERT INTO Ingredients (food_group_id, name, calories_per_100_units) VALUES (11, 'Tamarind Paste', 300);
INSERT INTO requires (recipe_id, ingredient_id, quantity, num_units, main_ingredient) VALUES (12, 73, '2 tbsp', 266, 0);
INSERT INTO Ingredients (food_group_id, name, calories_per_100_units) VALUES (11, 'Fish Sauce', 22);
INSERT INTO requires (recipe_id, ingredient_id, quantity, num_units, main_ingredient) VALUES (12, 74, '2 tbsp', 365, 0);
INSERT INTO requires (recipe_id, ingredient_id, quantity, num_units, main_ingredient) VALUES (12, 9, '2 tbsp', 445, 0);
INSERT INTO Ingredients (food_group_id, name, calories_per_100_units) VALUES (10, 'Peanuts', 567);
INSERT INTO requires (recipe_id, ingredient_id, quantity, num_units, main_ingredient) VALUES (12, 75, '1/4 cup', 319, 0);
INSERT INTO Ingredients (food_group_id, name, calories_per_100_units) VALUES (2, 'Lime', 30);
INSERT INTO requires (recipe_id, ingredient_id, quantity, num_units, main_ingredient) VALUES (12, 76, '1', 222, 0);
INSERT INTO Ingredients (food_group_id, name, calories_per_100_units) VALUES (10, 'Vegetable Oil', 884);
INSERT INTO requires (recipe_id, ingredient_id, quantity, num_units, main_ingredient) VALUES (12, 77, '2 tbsp', 234, 0);
INSERT INTO requires (recipe_id, ingredient_id, quantity, num_units, main_ingredient) VALUES (12, 6, 'To taste', 375, 0);
INSERT INTO Ingredients (food_group_id, name, calories_per_100_units) VALUES (11, 'Red Chili Flakes', 282);
INSERT INTO requires (recipe_id, ingredient_id, quantity, num_units, main_ingredient) VALUES (12, 78, 'For garnish', 289, 0);
INSERT INTO Themes (name,descr) VALUES ('Asian Delights', 'N/A');
INSERT INTO recipe_theme (recipe_id, theme_id) VALUES (12, 12);
INSERT INTO Steps (recipe_id, step_number, step_desc) VALUES (12, 1, 'Soak rice noodles in warm water until softened. Drain and set aside.');
INSERT INTO Steps (recipe_id, step_number, step_desc) VALUES (12, 2, 'Peel and devein shrimp, and cut tofu into small cubes.');
INSERT INTO Steps (recipe_id, step_number, step_desc) VALUES (12, 3, 'In a small bowl, mix tamarind paste, fish sauce, and sugar to make the sauce.');
INSERT INTO Steps (recipe_id, step_number, step_desc) VALUES (12, 4, 'Heat vegetable oil in a large pan or wok over medium-high heat. Add minced garlic and cook until fragrant.');
INSERT INTO Steps (recipe_id, step_number, step_desc) VALUES (12, 5, 'Add shrimp and tofu to the pan and cook until shrimp turns pink and tofu is lightly browned.');
INSERT INTO Steps (recipe_id, step_number, step_desc) VALUES (12, 6, 'Push ingredients to one side of the pan and crack eggs into the empty space. Scramble eggs until set.');
INSERT INTO Steps (recipe_id, step_number, step_desc) VALUES (12, 7, 'Add soaked rice noodles and prepared sauce to the pan. Toss everything together until noodles are well coated in sauce.');
INSERT INTO Steps (recipe_id, step_number, step_desc) VALUES (12, 8, 'Stir in bean sprouts and chopped green onions. Cook for an additional 1-2 minutes until bean sprouts are slightly softened.');
INSERT INTO Steps (recipe_id, step_number, step_desc) VALUES (12, 9, 'Remove from heat and squeeze lime juice over the noodles. Toss to combine.');
INSERT INTO Steps (recipe_id, step_number, step_desc) VALUES (12, 10, 'Garnish with chopped peanuts and red chili flakes before serving.');
INSERT INTO Quantities (recipe_id, quantity) VALUES (12, 4);
INSERT INTO Tags (tag_name) VALUES ('thai-food');
INSERT INTO recipe_tags (recipe_id, tag_id) VALUES (12, 30);
INSERT INTO Tags (tag_name) VALUES ('noodle-dish');
INSERT INTO recipe_tags (recipe_id, tag_id) VALUES (12, 31);
INSERT INTO Tags (tag_name) VALUES ('peanut-lover');
INSERT INTO recipe_tags (recipe_id, tag_id) VALUES (12, 32);
INSERT INTO recipe_meal (recipe_id, meal_id) VALUES (12, 5);
INSERT INTO recipe_meal (recipe_id, meal_id) VALUES (12, 1);
INSERT INTO Kitchenware (name,usage_desc) VALUES ('Large Pan or Wok', 'For cooking noodles');
INSERT INTO kitchenware_for_recipe (recipe_id, kitchenware_id) VALUES (12, 27);
INSERT INTO kitchenware_for_recipe (recipe_id, kitchenware_id) VALUES (12, 27);
INSERT INTO Kitchenware (name,usage_desc) VALUES ('Spatula', 'For stirring and tossing noodles');
INSERT INTO kitchenware_for_recipe (recipe_id, kitchenware_id) VALUES (12, 28);
INSERT INTO dietaryinfo (recipe_id, fat_content, protein_content, hydrocarbon_content) VALUES (12, 21, 26, 53);
INSERT INTO Recipes (name, short_desc , recipe_type, difficulty_level, TIP1 ,TIP2 ,TIP3, prep_time, cook_time, cuisine_id) VALUES ('Pad Thai', 'Classic Thai stir-fried noodle dish with shrimp, tofu, and peanuts.', 'gastronomy', '3', 'Soak rice noodles in warm water until softened before cooking.', 'Use tamarind paste for the signature tangy flavor.', 'Add bean sprouts and green onions for extra freshness and crunch.', '00:20:00', '00:15:00', 8);
INSERT INTO requires (recipe_id, ingredient_id, quantity, num_units, main_ingredient) VALUES (13, 69, '500g', 314, 1);
INSERT INTO requires (recipe_id, ingredient_id, quantity, num_units, main_ingredient) VALUES (13, 8, '4 tbsp', 301, 0);
INSERT INTO requires (recipe_id, ingredient_id, quantity, num_units, main_ingredient) VALUES (13, 51, '4 cloves', 267, 0);
INSERT INTO Ingredients (food_group_id, name, calories_per_100_units) VALUES (2, 'Lemon', 30);
INSERT INTO requires (recipe_id, ingredient_id, quantity, num_units, main_ingredient) VALUES (13, 79, '1', 428, 0);
INSERT INTO Ingredients (food_group_id, name, calories_per_100_units) VALUES (1, 'Fresh Parsley', 36);
INSERT INTO requires (recipe_id, ingredient_id, quantity, num_units, main_ingredient) VALUES (13, 80, '2 tbsp', 306, 0);
INSERT INTO requires (recipe_id, ingredient_id, quantity, num_units, main_ingredient) VALUES (13, 6, 'To taste', 235, 0);
INSERT INTO requires (recipe_id, ingredient_id, quantity, num_units, main_ingredient) VALUES (13, 5, 'To taste', 415, 0);
INSERT INTO Themes (name,descr) VALUES ('Seafood Sensations', 'N/A');
INSERT INTO recipe_theme (recipe_id, theme_id) VALUES (13, 13);
INSERT INTO Steps (recipe_id, step_number, step_desc) VALUES (13, 1, 'Peel and devein shrimp, leaving tails intact.');
INSERT INTO Steps (recipe_id, step_number, step_desc) VALUES (13, 2, 'Mince garlic and chop fresh parsley.');
INSERT INTO Steps (recipe_id, step_number, step_desc) VALUES (13, 3, 'In a large skillet, melt butter over medium heat. Add minced garlic and cook until fragrant.');
INSERT INTO Steps (recipe_id, step_number, step_desc) VALUES (13, 4, 'Add shrimp to the skillet and cook until pink and opaque, about 2-3 minutes per side.');
INSERT INTO Steps (recipe_id, step_number, step_desc) VALUES (13, 5, 'Squeeze lemon juice over the shrimp and sprinkle with chopped parsley.');
INSERT INTO Steps (recipe_id, step_number, step_desc) VALUES (13, 6, 'Season with salt and black pepper to taste.');
INSERT INTO Steps (recipe_id, step_number, step_desc) VALUES (13, 7, 'Toss everything together to coat shrimp evenly in the lemon garlic butter sauce.');
INSERT INTO Steps (recipe_id, step_number, step_desc) VALUES (13, 8, 'Remove from heat and serve hot.');
INSERT INTO Quantities (recipe_id, quantity) VALUES (13, 4);
INSERT INTO recipe_tags (recipe_id, tag_id) VALUES (13, 19);
INSERT INTO Tags (tag_name) VALUES ('quick-dinner');
INSERT INTO recipe_tags (recipe_id, tag_id) VALUES (13, 33);
INSERT INTO recipe_tags (recipe_id, tag_id) VALUES (13, 1);
INSERT INTO recipe_meal (recipe_id, meal_id) VALUES (13, 1);
INSERT INTO recipe_meal (recipe_id, meal_id) VALUES (13, 5);
INSERT INTO Kitchenware (name,usage_desc) VALUES ('Large Skillet', 'For cooking shrimp');
INSERT INTO kitchenware_for_recipe (recipe_id, kitchenware_id) VALUES (13, 29);
INSERT INTO kitchenware_for_recipe (recipe_id, kitchenware_id) VALUES (13, 29);
INSERT INTO Kitchenware (name,usage_desc) VALUES ('Serving Platter', 'For serving shrimp');
INSERT INTO kitchenware_for_recipe (recipe_id, kitchenware_id) VALUES (13, 30);
INSERT INTO Cuisines (country_name) VALUES ('Portuguese');
INSERT INTO dietaryinfo (recipe_id, fat_content, protein_content, hydrocarbon_content) VALUES (13, 32, 48, 20);
INSERT INTO Recipes (name, short_desc , recipe_type, difficulty_level, TIP1 ,TIP2 ,TIP3, prep_time, cook_time, cuisine_id) VALUES ('Lemon Garlic Butter Shrimp', 'Quick and flavorful shrimp dish cooked in a lemony garlic butter sauce.', 'gastronomy', '2', 'Use large shrimp for best texture and flavor.', 'Dont overcook shrimp to prevent rubbery texture.', 'Serve with crusty bread or over pasta for a complete meal.', '00:10:00', '00:10:00', 9);
INSERT INTO Ingredients (food_group_id, name, calories_per_100_units) VALUES (1, 'Broccoli', 34);
INSERT INTO requires (recipe_id, ingredient_id, quantity, num_units, main_ingredient) VALUES (14, 81, '1 head', 252, 1);
INSERT INTO Ingredients (food_group_id, name, calories_per_100_units) VALUES (1, 'Bell Peppers', 31);
INSERT INTO requires (recipe_id, ingredient_id, quantity, num_units, main_ingredient) VALUES (14, 82, '2', 378, 0);
INSERT INTO Ingredients (food_group_id, name, calories_per_100_units) VALUES (1, 'Carrots', 41);
INSERT INTO requires (recipe_id, ingredient_id, quantity, num_units, main_ingredient) VALUES (14, 83, '2', 280, 0);
INSERT INTO Ingredients (food_group_id, name, calories_per_100_units) VALUES (1, 'Snap Peas', 42);
INSERT INTO requires (recipe_id, ingredient_id, quantity, num_units, main_ingredient) VALUES (14, 84, '1 cup', 230, 0);
INSERT INTO requires (recipe_id, ingredient_id, quantity, num_units, main_ingredient) VALUES (14, 56, '1', 417, 0);
INSERT INTO requires (recipe_id, ingredient_id, quantity, num_units, main_ingredient) VALUES (14, 51, '3 cloves', 208, 0);
INSERT INTO Ingredients (food_group_id, name, calories_per_100_units) VALUES (1, 'Ginger', 80);
INSERT INTO requires (recipe_id, ingredient_id, quantity, num_units, main_ingredient) VALUES (14, 85, '1 inch piece', 418, 0);
INSERT INTO requires (recipe_id, ingredient_id, quantity, num_units, main_ingredient) VALUES (14, 45, '3 tbsp', 270, 0);
INSERT INTO Ingredients (food_group_id, name, calories_per_100_units) VALUES (10, 'Sesame Oil', 884);
INSERT INTO requires (recipe_id, ingredient_id, quantity, num_units, main_ingredient) VALUES (14, 86, '2 tbsp', 383, 0);
INSERT INTO Ingredients (food_group_id, name, calories_per_100_units) VALUES (11, 'Honey', 304);
INSERT INTO requires (recipe_id, ingredient_id, quantity, num_units, main_ingredient) VALUES (14, 87, '1 tbsp', 228, 0);
INSERT INTO Ingredients (food_group_id, name, calories_per_100_units) VALUES (3, 'Cornstarch', 381);
INSERT INTO requires (recipe_id, ingredient_id, quantity, num_units, main_ingredient) VALUES (14, 88, '1 tbsp', 283, 0);
INSERT INTO Ingredients (food_group_id, name, calories_per_100_units) VALUES (11, 'Water', 0);
INSERT INTO requires (recipe_id, ingredient_id, quantity, num_units, main_ingredient) VALUES (14, 89, '2 tbsp', 300, 0);
INSERT INTO requires (recipe_id, ingredient_id, quantity, num_units, main_ingredient) VALUES (14, 6, 'To taste', 311, 0);
INSERT INTO requires (recipe_id, ingredient_id, quantity, num_units, main_ingredient) VALUES (14, 5, 'To taste', 481, 0);
INSERT INTO Ingredients (food_group_id, name, calories_per_100_units) VALUES (3, 'Cooked Rice or Noodles', 130);
INSERT INTO requires (recipe_id, ingredient_id, quantity, num_units, main_ingredient) VALUES (14, 90, 'For serving', 487, 0);
INSERT INTO Themes (name,descr) VALUES ('Quick and Healthy', 'N/A');
INSERT INTO recipe_theme (recipe_id, theme_id) VALUES (14, 14);
INSERT INTO Steps (recipe_id, step_number, step_desc) VALUES (14, 1, 'Cut broccoli into florets, slice bell peppers and carrots, and trim snap peas.');
INSERT INTO Steps (recipe_id, step_number, step_desc) VALUES (14, 2, 'Mince garlic and grate ginger.');
INSERT INTO Steps (recipe_id, step_number, step_desc) VALUES (14, 3, 'In a small bowl, whisk together soy sauce, sesame oil, honey, cornstarch, and water to make the sauce.');
INSERT INTO Steps (recipe_id, step_number, step_desc) VALUES (14, 4, 'Heat sesame oil in a large skillet or wok over high heat.');
INSERT INTO Steps (recipe_id, step_number, step_desc) VALUES (14, 5, 'Add minced garlic and grated ginger to the skillet and stir-fry for 30 seconds until fragrant.');
INSERT INTO Steps (recipe_id, step_number, step_desc) VALUES (14, 6, 'Add sliced onion, bell peppers, carrots, broccoli, and snap peas to the skillet. Stir-fry for 4-5 minutes until vegetables are crisp-tender.');
INSERT INTO Steps (recipe_id, step_number, step_desc) VALUES (14, 7, 'Pour the sauce over the vegetables and toss to coat evenly. Cook for an additional 1-2 minutes until the sauce thickens.');
INSERT INTO Steps (recipe_id, step_number, step_desc) VALUES (14, 8, 'Season with salt and black pepper to taste.');
INSERT INTO Steps (recipe_id, step_number, step_desc) VALUES (14, 9, 'Serve hot over cooked rice or noodles.');
INSERT INTO Quantities (recipe_id, quantity) VALUES (14, 4);
INSERT INTO recipe_tags (recipe_id, tag_id) VALUES (14, 1);
INSERT INTO recipe_tags (recipe_id, tag_id) VALUES (14, 33);
INSERT INTO Tags (tag_name) VALUES ('vegetarian');
INSERT INTO recipe_tags (recipe_id, tag_id) VALUES (14, 34);
INSERT INTO recipe_meal (recipe_id, meal_id) VALUES (14, 5);
INSERT INTO recipe_meal (recipe_id, meal_id) VALUES (14, 1);
INSERT INTO Kitchenware (name,usage_desc) VALUES ('Large Skillet or Wok', 'For stir-frying vegetables');
INSERT INTO kitchenware_for_recipe (recipe_id, kitchenware_id) VALUES (14, 31);
INSERT INTO kitchenware_for_recipe (recipe_id, kitchenware_id) VALUES (14, 31);
INSERT INTO kitchenware_for_recipe (recipe_id, kitchenware_id) VALUES (14, 31);
INSERT INTO Cuisines (country_name) VALUES ('Asian');
INSERT INTO dietaryinfo (recipe_id, fat_content, protein_content, hydrocarbon_content) VALUES (14, 12, 4, 84);
INSERT INTO Recipes (name, short_desc , recipe_type, difficulty_level, TIP1 ,TIP2 ,TIP3, prep_time, cook_time, cuisine_id) VALUES ('Vegetable Stir-Fry', 'Quick and colorful stir-fried vegetables in a savory sauce.', 'gastronomy', '2', 'Cut vegetables into uniform sizes for even cooking.', 'Stir-fry vegetables over high heat for a crisp-tender texture.', 'Customize with your favorite vegetables and protein.', '00:15:00', '00:10:00', 10);
INSERT INTO Ingredients (food_group_id, name, calories_per_100_units) VALUES (6, 'Ground Beef', 250);
INSERT INTO requires (recipe_id, ingredient_id, quantity, num_units, main_ingredient) VALUES (15, 91, '500g', 214, 1);
INSERT INTO Ingredients (food_group_id, name, calories_per_100_units) VALUES (3, 'Tortillas', 218);
INSERT INTO requires (recipe_id, ingredient_id, quantity, num_units, main_ingredient) VALUES (15, 92, '8', 404, 0);
INSERT INTO Ingredients (food_group_id, name, calories_per_100_units) VALUES (1, 'Tomatoes', 18);
INSERT INTO requires (recipe_id, ingredient_id, quantity, num_units, main_ingredient) VALUES (15, 93, '2', 331, 0);
INSERT INTO requires (recipe_id, ingredient_id, quantity, num_units, main_ingredient) VALUES (15, 56, '1', 316, 0);
INSERT INTO Ingredients (food_group_id, name, calories_per_100_units) VALUES (1, 'Lettuce', 15);
INSERT INTO requires (recipe_id, ingredient_id, quantity, num_units, main_ingredient) VALUES (15, 94, '1 head', 371, 0);
INSERT INTO Ingredients (food_group_id, name, calories_per_100_units) VALUES (4, 'Cheddar Cheese', 403);
INSERT INTO requires (recipe_id, ingredient_id, quantity, num_units, main_ingredient) VALUES (15, 95, '200g', 427, 0);
INSERT INTO requires (recipe_id, ingredient_id, quantity, num_units, main_ingredient) VALUES (15, 59, '1/2 cup', 449, 0);
INSERT INTO Ingredients (food_group_id, name, calories_per_100_units) VALUES (11, 'Salsa', 36);
INSERT INTO requires (recipe_id, ingredient_id, quantity, num_units, main_ingredient) VALUES (15, 96, '1 cup', 316, 0);
INSERT INTO requires (recipe_id, ingredient_id, quantity, num_units, main_ingredient) VALUES (15, 25, '2 tsp', 379, 0);
INSERT INTO Ingredients (food_group_id, name, calories_per_100_units) VALUES (11, 'Cumin', 0);
INSERT INTO requires (recipe_id, ingredient_id, quantity, num_units, main_ingredient) VALUES (15, 97, '1 tsp', 467, 0);
INSERT INTO Ingredients (food_group_id, name, calories_per_100_units) VALUES (11, 'Paprika', 0);
INSERT INTO requires (recipe_id, ingredient_id, quantity, num_units, main_ingredient) VALUES (15, 98, '1 tsp', 261, 0);
INSERT INTO Ingredients (food_group_id, name, calories_per_100_units) VALUES (11, 'Garlic Powder', 0);
INSERT INTO requires (recipe_id, ingredient_id, quantity, num_units, main_ingredient) VALUES (15, 99, '1 tsp', 373, 0);
INSERT INTO requires (recipe_id, ingredient_id, quantity, num_units, main_ingredient) VALUES (15, 6, 'To taste', 308, 0);
INSERT INTO requires (recipe_id, ingredient_id, quantity, num_units, main_ingredient) VALUES (15, 5, 'To taste', 331, 0);
INSERT INTO Ingredients (food_group_id, name, calories_per_100_units) VALUES (1, 'Fresh Cilantro', 23);
INSERT INTO requires (recipe_id, ingredient_id, quantity, num_units, main_ingredient) VALUES (15, 100, 'For garnish', 213, 0);
INSERT INTO Themes (name,descr) VALUES ('Fiesta Favorites', 'N/A');
INSERT INTO recipe_theme (recipe_id, theme_id) VALUES (15, 15);
INSERT INTO Steps (recipe_id, step_number, step_desc) VALUES (15, 1, 'Dice tomatoes, chop onion, shred lettuce, and grate cheddar cheese.');
INSERT INTO Steps (recipe_id, step_number, step_desc) VALUES (15, 2, 'In a skillet, brown ground beef over medium-high heat. Drain excess fat if necessary.');
INSERT INTO Steps (recipe_id, step_number, step_desc) VALUES (15, 3, 'Add diced onion to the skillet and cook until softened.');
INSERT INTO Steps (recipe_id, step_number, step_desc) VALUES (15, 4, 'Season beef mixture with chili powder, cumin, paprika, garlic powder, salt, and black pepper. Stir to combine.');
INSERT INTO Steps (recipe_id, step_number, step_desc) VALUES (15, 5, 'Warm tortillas in a dry skillet or microwave until soft and pliable.');
INSERT INTO Steps (recipe_id, step_number, step_desc) VALUES (15, 6, 'Assemble tacos by spooning beef mixture onto warmed tortillas.');
INSERT INTO Steps (recipe_id, step_number, step_desc) VALUES (15, 7, 'Top with shredded lettuce, diced tomatoes, grated cheddar cheese, salsa, and a dollop of sour cream.');
INSERT INTO Steps (recipe_id, step_number, step_desc) VALUES (15, 8, 'Garnish with fresh cilantro leaves before serving.');
INSERT INTO Steps (recipe_id, step_number, step_desc) VALUES (15, 9, 'Serve hot and enjoy!');
INSERT INTO Quantities (recipe_id, quantity) VALUES (15, 4);
INSERT INTO Tags (tag_name) VALUES ('mexican-food');
INSERT INTO recipe_tags (recipe_id, tag_id) VALUES (15, 35);
INSERT INTO Tags (tag_name) VALUES ('taco-lover');
INSERT INTO recipe_tags (recipe_id, tag_id) VALUES (15, 36);
INSERT INTO recipe_tags (recipe_id, tag_id) VALUES (15, 23);
INSERT INTO recipe_tags (recipe_id, tag_id) VALUES (15, 33);
INSERT INTO recipe_meal (recipe_id, meal_id) VALUES (15, 5);
INSERT INTO recipe_meal (recipe_id, meal_id) VALUES (15, 1);
INSERT INTO kitchenware_for_recipe (recipe_id, kitchenware_id) VALUES (15, 31);
INSERT INTO Kitchenware (name,usage_desc) VALUES ('Cutting Board and Knife', 'For chopping vegetables');
INSERT INTO kitchenware_for_recipe (recipe_id, kitchenware_id) VALUES (15, 32);
INSERT INTO Kitchenware (name,usage_desc) VALUES ('Grater', 'For grating cheese');
INSERT INTO kitchenware_for_recipe (recipe_id, kitchenware_id) VALUES (15, 33);
INSERT INTO Cuisines (country_name) VALUES ('Mexican');
INSERT INTO dietaryinfo (recipe_id, fat_content, protein_content, hydrocarbon_content) VALUES (15, 33, 23, 44);
INSERT INTO Recipes (name, short_desc , recipe_type, difficulty_level, TIP1 ,TIP2 ,TIP3, prep_time, cook_time, cuisine_id) VALUES ('Beef Tacos', 'Classic Mexican street food featuring seasoned beef, salsa, and toppings in soft tortillas.', 'gastronomy', '2', 'Season beef with a blend of spices for authentic flavor.', 'Warm tortillas before serving for flexibility and flavor.', 'Customize toppings to suit your preferences.', '00:15:00', '00:15:00', 11);
INSERT INTO Ingredients (food_group_id, name, calories_per_100_units) VALUES (7, 'Chicken Legs', 209);
INSERT INTO requires (recipe_id, ingredient_id, quantity, num_units, main_ingredient) VALUES (16, 101, '1 kg', 360, 1);
INSERT INTO Ingredients (food_group_id, name, calories_per_100_units) VALUES (4, 'Yogurt', 61);
INSERT INTO requires (recipe_id, ingredient_id, quantity, num_units, main_ingredient) VALUES (16, 102, '1 cup', 266, 0);
INSERT INTO requires (recipe_id, ingredient_id, quantity, num_units, main_ingredient) VALUES (16, 22, '2 tbsp', 418, 0);
INSERT INTO requires (recipe_id, ingredient_id, quantity, num_units, main_ingredient) VALUES (16, 51, '4 cloves', 217, 0);
INSERT INTO requires (recipe_id, ingredient_id, quantity, num_units, main_ingredient) VALUES (16, 85, '1 inch piece', 354, 0);
INSERT INTO requires (recipe_id, ingredient_id, quantity, num_units, main_ingredient) VALUES (16, 23, '2 tsp', 294, 0);
INSERT INTO Ingredients (food_group_id, name, calories_per_100_units) VALUES (11, 'Turmeric', 0);
INSERT INTO requires (recipe_id, ingredient_id, quantity, num_units, main_ingredient) VALUES (16, 103, '1 tsp', 428, 0);
INSERT INTO requires (recipe_id, ingredient_id, quantity, num_units, main_ingredient) VALUES (16, 97, '1 tsp', 488, 0);
INSERT INTO Ingredients (food_group_id, name, calories_per_100_units) VALUES (11, 'Coriander Powder', 0);
INSERT INTO requires (recipe_id, ingredient_id, quantity, num_units, main_ingredient) VALUES (16, 104, '1 tsp', 374, 0);
INSERT INTO requires (recipe_id, ingredient_id, quantity, num_units, main_ingredient) VALUES (16, 98, '1 tsp', 340, 0);
INSERT INTO requires (recipe_id, ingredient_id, quantity, num_units, main_ingredient) VALUES (16, 6, 'To taste', 443, 0);
INSERT INTO requires (recipe_id, ingredient_id, quantity, num_units, main_ingredient) VALUES (16, 77, '2 tbsp', 208, 0);
INSERT INTO Ingredients (food_group_id, name, calories_per_100_units) VALUES (1, 'Fresh Coriander', 36);
INSERT INTO requires (recipe_id, ingredient_id, quantity, num_units, main_ingredient) VALUES (16, 105, 'For garnish', 202, 0);
INSERT INTO Themes (name,descr) VALUES ('Exotic Grilling', 'N/A');
INSERT INTO recipe_theme (recipe_id, theme_id) VALUES (16, 16);
INSERT INTO Steps (recipe_id, step_number, step_desc) VALUES (16, 1, 'Score chicken legs with a sharp knife to allow marinade to penetrate.');
INSERT INTO Steps (recipe_id, step_number, step_desc) VALUES (16, 2, 'In a bowl, mix yogurt, lemon juice, minced garlic, grated ginger, garam masala, turmeric, cumin, coriander powder, paprika, salt, and vegetable oil to make the marinade.');
INSERT INTO Steps (recipe_id, step_number, step_desc) VALUES (16, 3, 'Coat chicken legs in the marinade, cover, and refrigerate for at least 4 hours, or overnight.');
INSERT INTO Steps (recipe_id, step_number, step_desc) VALUES (16, 4, 'Preheat grill to medium-high heat. Remove chicken from marinade and shake off excess.');
INSERT INTO Steps (recipe_id, step_number, step_desc) VALUES (16, 5, 'Grill chicken legs, turning occasionally, until cooked through and charred on the outside, about 15-20 minutes.');
INSERT INTO Steps (recipe_id, step_number, step_desc) VALUES (16, 6, 'Garnish with fresh coriander leaves before serving.');
INSERT INTO Quantities (recipe_id, quantity) VALUES (16, 4);
INSERT INTO Tags (tag_name) VALUES ('indian-food');
INSERT INTO recipe_tags (recipe_id, tag_id) VALUES (16, 37);
INSERT INTO Tags (tag_name) VALUES ('grilled-chicken');
INSERT INTO recipe_tags (recipe_id, tag_id) VALUES (16, 38);
INSERT INTO recipe_tags (recipe_id, tag_id) VALUES (16, 11);
INSERT INTO recipe_meal (recipe_id, meal_id) VALUES (16, 1);
INSERT INTO Kitchenware (name,usage_desc) VALUES ('Grill', 'For cooking chicken');
INSERT INTO kitchenware_for_recipe (recipe_id, kitchenware_id) VALUES (16, 34);
INSERT INTO kitchenware_for_recipe (recipe_id, kitchenware_id) VALUES (16, 34);
INSERT INTO dietaryinfo (recipe_id, fat_content, protein_content, hydrocarbon_content) VALUES (16, 30, 44, 26);
INSERT INTO Recipes (name, short_desc , recipe_type, difficulty_level, TIP1 ,TIP2 ,TIP3, prep_time, cook_time, cuisine_id) VALUES ('Tandoori Chicken', 'Indian marinated chicken grilled to perfection with a blend of spices and yogurt.', 'gastronomy', '3', 'Marinate chicken for at least 4 hours, or overnight, for the best flavor.', 'Use a hot grill for authentic charred marks and smoky flavor.', 'Serve with naan bread and mint chutney for a complete meal.', '00:20:00', '00:20:00', 4);
INSERT INTO requires (recipe_id, ingredient_id, quantity, num_units, main_ingredient) VALUES (17, 94, '1 head', 412, 0);
INSERT INTO requires (recipe_id, ingredient_id, quantity, num_units, main_ingredient) VALUES (17, 93, '2', 369, 0);
INSERT INTO requires (recipe_id, ingredient_id, quantity, num_units, main_ingredient) VALUES (17, 40, '1', 485, 0);
INSERT INTO requires (recipe_id, ingredient_id, quantity, num_units, main_ingredient) VALUES (17, 50, '1/2', 345, 0);
INSERT INTO Ingredients (food_group_id, name, calories_per_100_units) VALUES (2, 'Kalamata Olives', 115);
INSERT INTO requires (recipe_id, ingredient_id, quantity, num_units, main_ingredient) VALUES (17, 106, '1/2 cup', 494, 0);
INSERT INTO Ingredients (food_group_id, name, calories_per_100_units) VALUES (4, 'Feta Cheese', 264);
INSERT INTO requires (recipe_id, ingredient_id, quantity, num_units, main_ingredient) VALUES (17, 107, '200g', 476, 1);
INSERT INTO requires (recipe_id, ingredient_id, quantity, num_units, main_ingredient) VALUES (17, 54, '2 tbsp', 278, 0);
INSERT INTO requires (recipe_id, ingredient_id, quantity, num_units, main_ingredient) VALUES (17, 53, '2 tbsp', 487, 0);
INSERT INTO Ingredients (food_group_id, name, calories_per_100_units) VALUES (11, 'Dried Oregano', 265);
INSERT INTO requires (recipe_id, ingredient_id, quantity, num_units, main_ingredient) VALUES (17, 108, '1 tsp', 304, 0);
INSERT INTO requires (recipe_id, ingredient_id, quantity, num_units, main_ingredient) VALUES (17, 6, 'To taste', 299, 0);
INSERT INTO requires (recipe_id, ingredient_id, quantity, num_units, main_ingredient) VALUES (17, 5, 'To taste', 429, 0);
INSERT INTO Themes (name,descr) VALUES ('Mediterranean Delights', 'N/A');
INSERT INTO recipe_theme (recipe_id, theme_id) VALUES (17, 17);
INSERT INTO Steps (recipe_id, step_number, step_desc) VALUES (17, 1, 'Tear lettuce into bite-sized pieces and place in a large bowl.');
INSERT INTO Steps (recipe_id, step_number, step_desc) VALUES (17, 2, 'Dice tomatoes and cucumbers, and thinly slice red onion. Add to the bowl with lettuce.');
INSERT INTO Steps (recipe_id, step_number, step_desc) VALUES (17, 3, 'Pit and halve Kalamata olives, then add to the bowl.');
INSERT INTO Steps (recipe_id, step_number, step_desc) VALUES (17, 4, 'Crumble feta cheese over the salad.');
INSERT INTO Steps (recipe_id, step_number, step_desc) VALUES (17, 5, 'In a small bowl, whisk together extra virgin olive oil, red wine vinegar, dried oregano, salt, and black pepper to make the dressing.');
INSERT INTO Steps (recipe_id, step_number, step_desc) VALUES (17, 6, 'Drizzle dressing over the salad and toss gently to combine.');
INSERT INTO Steps (recipe_id, step_number, step_desc) VALUES (17, 7, 'Serve immediately as an appetizer or side dish.');
INSERT INTO Quantities (recipe_id, quantity) VALUES (17, 4);
INSERT INTO Tags (tag_name) VALUES ('greek-food');
INSERT INTO recipe_tags (recipe_id, tag_id) VALUES (17, 39);
INSERT INTO Tags (tag_name) VALUES ('salad-lover');
INSERT INTO recipe_tags (recipe_id, tag_id) VALUES (17, 40);
INSERT INTO Tags (tag_name) VALUES ('mediterranean-diet');
INSERT INTO recipe_tags (recipe_id, tag_id) VALUES (17, 41);
INSERT INTO recipe_meal (recipe_id, meal_id) VALUES (17, 6);
INSERT INTO meals (name) VALUES ('Side Dish');
INSERT INTO recipe_meal (recipe_id, meal_id) VALUES (17, 9);
INSERT INTO Kitchenware (name,usage_desc) VALUES ('Large Bowl', 'For assembling salad');
INSERT INTO kitchenware_for_recipe (recipe_id, kitchenware_id) VALUES (17, 35);
INSERT INTO Kitchenware (name,usage_desc) VALUES ('Small Bowl', 'For making dressing');
INSERT INTO kitchenware_for_recipe (recipe_id, kitchenware_id) VALUES (17, 36);
INSERT INTO Cuisines (country_name) VALUES ('Greek');
INSERT INTO dietaryinfo (recipe_id, fat_content, protein_content, hydrocarbon_content) VALUES (17, 17, 9, 74);
INSERT INTO Recipes (name, short_desc , recipe_type, difficulty_level, TIP1 ,TIP2 ,TIP3, prep_time, cook_time, cuisine_id) VALUES ('Greek Salad', 'Refreshing salad with crisp lettuce, tomatoes, cucumbers, olives, feta cheese, and a tangy dressing.', 'gastronomy', '1', 'Use fresh and ripe vegetables for the best flavor.', 'Add a sprinkle of dried oregano for an extra burst of Greek flavor.', 'Drizzle with extra virgin olive oil just before serving.', '00:15:00', '00:0:00', 12);
INSERT INTO Ingredients (food_group_id, name, calories_per_100_units) VALUES (1, 'Butternut Squash', 45);
INSERT INTO requires (recipe_id, ingredient_id, quantity, num_units, main_ingredient) VALUES (18, 109, '1 large', 463, 1);
INSERT INTO requires (recipe_id, ingredient_id, quantity, num_units, main_ingredient) VALUES (18, 56, '1', 344, 0);
INSERT INTO requires (recipe_id, ingredient_id, quantity, num_units, main_ingredient) VALUES (18, 51, '2 cloves', 419, 0);
INSERT INTO Ingredients (food_group_id, name, calories_per_100_units) VALUES (11, 'Vegetable Stock', 10);
INSERT INTO requires (recipe_id, ingredient_id, quantity, num_units, main_ingredient) VALUES (18, 110, '4 cups', 372, 0);
INSERT INTO Ingredients (food_group_id, name, calories_per_100_units) VALUES (11, 'Ground Cinnamon', 0);
INSERT INTO requires (recipe_id, ingredient_id, quantity, num_units, main_ingredient) VALUES (18, 111, '1/2 tsp', 290, 0);
INSERT INTO Ingredients (food_group_id, name, calories_per_100_units) VALUES (11, 'Ground Nutmeg', 0);
INSERT INTO requires (recipe_id, ingredient_id, quantity, num_units, main_ingredient) VALUES (18, 112, '1/4 tsp', 222, 0);
INSERT INTO Ingredients (food_group_id, name, calories_per_100_units) VALUES (11, 'Ground Ginger', 0);
INSERT INTO requires (recipe_id, ingredient_id, quantity, num_units, main_ingredient) VALUES (18, 113, '1/4 tsp', 331, 0);
INSERT INTO requires (recipe_id, ingredient_id, quantity, num_units, main_ingredient) VALUES (18, 6, 'To taste', 412, 0);
INSERT INTO requires (recipe_id, ingredient_id, quantity, num_units, main_ingredient) VALUES (18, 5, 'To taste', 291, 0);
INSERT INTO Ingredients (food_group_id, name, calories_per_100_units) VALUES (10, 'Olive Oil', 884);
INSERT INTO requires (recipe_id, ingredient_id, quantity, num_units, main_ingredient) VALUES (18, 114, '2 tbsp', 220, 0);
INSERT INTO requires (recipe_id, ingredient_id, quantity, num_units, main_ingredient) VALUES (18, 59, 'For garnish', 222, 0);
INSERT INTO Ingredients (food_group_id, name, calories_per_100_units) VALUES (10, 'Toasted Pumpkin Seeds', 574);
INSERT INTO requires (recipe_id, ingredient_id, quantity, num_units, main_ingredient) VALUES (18, 115, 'For garnish', 334, 0);
INSERT INTO Themes (name,descr) VALUES ('Comforting Classics', 'N/A');
INSERT INTO recipe_theme (recipe_id, theme_id) VALUES (18, 18);
INSERT INTO Steps (recipe_id, step_number, step_desc) VALUES (18, 1, 'Preheat oven to 200°C (400°F).');
INSERT INTO Steps (recipe_id, step_number, step_desc) VALUES (18, 2, 'Cut butternut squash in half lengthwise and scoop out seeds. Place halves on a baking sheet, drizzle with olive oil, and season with salt and black pepper.');
INSERT INTO Steps (recipe_id, step_number, step_desc) VALUES (18, 3, 'Roast squash in the preheated oven for 30-40 minutes until tender and caramelized.');
INSERT INTO Steps (recipe_id, step_number, step_desc) VALUES (18, 4, 'Meanwhile, chop onion and mince garlic.');
INSERT INTO Steps (recipe_id, step_number, step_desc) VALUES (18, 5, 'In a large pot, heat olive oil over medium heat. Add chopped onion and minced garlic, and cook until softened.');
INSERT INTO Steps (recipe_id, step_number, step_desc) VALUES (18, 6, 'Scoop roasted butternut squash flesh into the pot with onion and garlic. Discard skins.');
INSERT INTO Steps (recipe_id, step_number, step_desc) VALUES (18, 7, 'Add vegetable stock, ground cinnamon, ground nutmeg, and ground ginger to the pot. Bring to a simmer.');
INSERT INTO Steps (recipe_id, step_number, step_desc) VALUES (18, 8, 'Using an immersion blender, blend soup until smooth. Alternatively, transfer soup to a blender and blend in batches until smooth.');
INSERT INTO Steps (recipe_id, step_number, step_desc) VALUES (18, 9, 'Season with salt and black pepper to taste.');
INSERT INTO Steps (recipe_id, step_number, step_desc) VALUES (18, 10, 'Serve hot, garnished with a dollop of sour cream and toasted pumpkin seeds.');
INSERT INTO Quantities (recipe_id, quantity) VALUES (18, 4);
INSERT INTO recipe_tags (recipe_id, tag_id) VALUES (18, 22);
INSERT INTO Tags (tag_name) VALUES ('soup-lover');
INSERT INTO recipe_tags (recipe_id, tag_id) VALUES (18, 42);
INSERT INTO recipe_tags (recipe_id, tag_id) VALUES (18, 34);
INSERT INTO recipe_meal (recipe_id, meal_id) VALUES (18, 5);
INSERT INTO recipe_meal (recipe_id, meal_id) VALUES (18, 1);
INSERT INTO kitchenware_for_recipe (recipe_id, kitchenware_id) VALUES (18, 36);
INSERT INTO Kitchenware (name,usage_desc) VALUES ('Large Pot', 'For cooking soup');
INSERT INTO kitchenware_for_recipe (recipe_id, kitchenware_id) VALUES (18, 37);
INSERT INTO Kitchenware (name,usage_desc) VALUES ('Immersion Blender or Blender', 'For blending soup');
INSERT INTO kitchenware_for_recipe (recipe_id, kitchenware_id) VALUES (18, 38);
INSERT INTO dietaryinfo (recipe_id, fat_content, protein_content, hydrocarbon_content) VALUES (18, 5, 2, 92);
INSERT INTO Recipes (name, short_desc , recipe_type, difficulty_level, TIP1 ,TIP2 ,TIP3, prep_time, cook_time, cuisine_id) VALUES ('Butternut Squash Soup', 'Velvety smooth soup made with roasted butternut squash, onions, and warming spices.', 'gastronomy', '2', 'Roast butternut squash for extra depth of flavor.', 'Blend soup until smooth for a creamy texture.', 'Garnish with a dollop of sour cream and toasted pumpkin seeds.', '00:15:00', '00:45:00', 3);
INSERT INTO requires (recipe_id, ingredient_id, quantity, num_units, main_ingredient) VALUES (19, 93, '2', 227, 1);
INSERT INTO Ingredients (food_group_id, name, calories_per_100_units) VALUES (4, 'Fresh Mozzarella', 250);
INSERT INTO requires (recipe_id, ingredient_id, quantity, num_units, main_ingredient) VALUES (19, 116, '200g', 461, 0);
INSERT INTO Ingredients (food_group_id, name, calories_per_100_units) VALUES (1, 'Fresh Basil Leaves', 23);
INSERT INTO requires (recipe_id, ingredient_id, quantity, num_units, main_ingredient) VALUES (19, 117, '1/2 cup', 342, 0);
INSERT INTO requires (recipe_id, ingredient_id, quantity, num_units, main_ingredient) VALUES (19, 54, '2 tbsp', 240, 0);
INSERT INTO Ingredients (food_group_id, name, calories_per_100_units) VALUES (11, 'Balsamic Glaze', 88);
INSERT INTO requires (recipe_id, ingredient_id, quantity, num_units, main_ingredient) VALUES (19, 118, '2 tbsp', 275, 0);
INSERT INTO Ingredients (food_group_id, name, calories_per_100_units) VALUES (11, 'Flaky Sea Salt', 0);
INSERT INTO requires (recipe_id, ingredient_id, quantity, num_units, main_ingredient) VALUES (19, 119, 'To taste', 284, 0);
INSERT INTO requires (recipe_id, ingredient_id, quantity, num_units, main_ingredient) VALUES (19, 5, 'To taste', 399, 0);
INSERT INTO Themes (name,descr) VALUES ('Mediterranean Delights', 'N/A');
INSERT INTO recipe_theme (recipe_id, theme_id) VALUES (19, 17);
INSERT INTO Steps (recipe_id, step_number, step_desc) VALUES (19, 1, 'Slice tomatoes and fresh mozzarella into thin slices.');
INSERT INTO Steps (recipe_id, step_number, step_desc) VALUES (19, 2, 'Arrange tomato slices, mozzarella slices, and fresh basil leaves on a serving platter in an alternating pattern.');
INSERT INTO Steps (recipe_id, step_number, step_desc) VALUES (19, 3, 'Drizzle extra virgin olive oil over the salad.');
INSERT INTO Steps (recipe_id, step_number, step_desc) VALUES (19, 4, 'Season with flaky sea salt and black pepper to taste.');
INSERT INTO Steps (recipe_id, step_number, step_desc) VALUES (19, 5, 'Drizzle balsamic glaze over the salad for added flavor.');
INSERT INTO Steps (recipe_id, step_number, step_desc) VALUES (19, 6, 'Serve immediately as an appetizer or side dish.');
INSERT INTO Quantities (recipe_id, quantity) VALUES (19, 4);
INSERT INTO Tags (tag_name) VALUES ('italian-food');
INSERT INTO recipe_tags (recipe_id, tag_id) VALUES (19, 43);
INSERT INTO recipe_tags (recipe_id, tag_id) VALUES (19, 40);
INSERT INTO recipe_tags (recipe_id, tag_id) VALUES (19, 41);
INSERT INTO recipe_meal (recipe_id, meal_id) VALUES (19, 6);
INSERT INTO recipe_meal (recipe_id, meal_id) VALUES (19, 9);
INSERT INTO kitchenware_for_recipe (recipe_id, kitchenware_id) VALUES (19, 38);
INSERT INTO kitchenware_for_recipe (recipe_id, kitchenware_id) VALUES (19, 38);
INSERT INTO kitchenware_for_recipe (recipe_id, kitchenware_id) VALUES (19, 38);
INSERT INTO dietaryinfo (recipe_id, fat_content, protein_content, hydrocarbon_content) VALUES (19, 15, 22, 63);
INSERT INTO Recipes (name, short_desc , recipe_type, difficulty_level, TIP1 ,TIP2 ,TIP3, prep_time, cook_time, cuisine_id) VALUES ('Caprese Salad', 'Simple and elegant Italian salad with ripe tomatoes, fresh mozzarella, basil, and balsamic glaze.', 'gastronomy', '1', 'Use the ripest tomatoes and freshest mozzarella for the best flavor.', 'Drizzle with high-quality extra virgin olive oil for richness.', 'Sprinkle with flaky sea salt just before serving for extra flavor.', '00:10:00', '00:0:00', 1);
INSERT INTO Ingredients (food_group_id, name, calories_per_100_units) VALUES (3, 'Arborio Rice', 130);
INSERT INTO requires (recipe_id, ingredient_id, quantity, num_units, main_ingredient) VALUES (20, 120, '1 cup', 472, 0);
INSERT INTO Ingredients (food_group_id, name, calories_per_100_units) VALUES (1, 'Mushrooms', 22);
INSERT INTO requires (recipe_id, ingredient_id, quantity, num_units, main_ingredient) VALUES (20, 121, '300g', 247, 1);
INSERT INTO requires (recipe_id, ingredient_id, quantity, num_units, main_ingredient) VALUES (20, 56, '1', 330, 0);
INSERT INTO requires (recipe_id, ingredient_id, quantity, num_units, main_ingredient) VALUES (20, 51, '2 cloves', 206, 0);
INSERT INTO requires (recipe_id, ingredient_id, quantity, num_units, main_ingredient) VALUES (20, 110, '4 cups', 278, 0);
INSERT INTO Ingredients (food_group_id, name, calories_per_100_units) VALUES (11, 'Dry White Wine', 82);
INSERT INTO requires (recipe_id, ingredient_id, quantity, num_units, main_ingredient) VALUES (20, 122, '1/2 cup', 231, 0);
INSERT INTO requires (recipe_id, ingredient_id, quantity, num_units, main_ingredient) VALUES (20, 8, '2 tbsp', 469, 0);
INSERT INTO Ingredients (food_group_id, name, calories_per_100_units) VALUES (4, 'Grated Parmesan Cheese', 431);
INSERT INTO requires (recipe_id, ingredient_id, quantity, num_units, main_ingredient) VALUES (20, 123, '1/2 cup', 343, 0);
INSERT INTO requires (recipe_id, ingredient_id, quantity, num_units, main_ingredient) VALUES (20, 80, 'For garnish', 212, 0);
INSERT INTO requires (recipe_id, ingredient_id, quantity, num_units, main_ingredient) VALUES (20, 6, 'To taste', 318, 0);
INSERT INTO requires (recipe_id, ingredient_id, quantity, num_units, main_ingredient) VALUES (20, 5, 'To taste', 365, 0);
INSERT INTO Themes (name,descr) VALUES ('Italian Classics', 'N/A');
INSERT INTO recipe_theme (recipe_id, theme_id) VALUES (20, 1);
INSERT INTO Steps (recipe_id, step_number, step_desc) VALUES (20, 1, 'Slice mushrooms, chop onion, and mince garlic.');
INSERT INTO Steps (recipe_id, step_number, step_desc) VALUES (20, 2, 'In a saucepan, heat vegetable stock and keep it warm over low heat.');
INSERT INTO Steps (recipe_id, step_number, step_desc) VALUES (20, 3, 'In a separate large skillet or pot, melt butter over medium heat.');
INSERT INTO Steps (recipe_id, step_number, step_desc) VALUES (20, 4, 'Add chopped onion and minced garlic to the skillet and cook until softened.');
INSERT INTO Steps (recipe_id, step_number, step_desc) VALUES (20, 5, 'Add sliced mushrooms to the skillet and cook until browned and tender.');
INSERT INTO Steps (recipe_id, step_number, step_desc) VALUES (20, 6, 'Add Arborio rice to the skillet and toast for 1-2 minutes until lightly golden.');
INSERT INTO Steps (recipe_id, step_number, step_desc) VALUES (20, 7, 'Pour dry white wine into the skillet and cook until absorbed, stirring constantly.');
INSERT INTO Steps (recipe_id, step_number, step_desc) VALUES (20, 8, 'Add warm vegetable stock to the skillet, one ladleful at a time, stirring constantly and waiting for each addition to be absorbed before adding more.');
INSERT INTO Steps (recipe_id, step_number, step_desc) VALUES (20, 9, 'Continue this process until the rice is creamy and al dente, about 20-25 minutes.');
INSERT INTO Steps (recipe_id, step_number, step_desc) VALUES (20, 10, 'Stir in grated Parmesan cheese and season with salt and black pepper to taste.');
INSERT INTO Steps (recipe_id, step_number, step_desc) VALUES (20, 11, 'Garnish with fresh parsley before serving.');
INSERT INTO Quantities (recipe_id, quantity) VALUES (20, 4);
INSERT INTO recipe_tags (recipe_id, tag_id) VALUES (20, 43);
INSERT INTO Tags (tag_name) VALUES ('mushroom-dish');
INSERT INTO recipe_tags (recipe_id, tag_id) VALUES (20, 44);
INSERT INTO recipe_meal (recipe_id, meal_id) VALUES (20, 5);
INSERT INTO recipe_meal (recipe_id, meal_id) VALUES (20, 1);
INSERT INTO Kitchenware (name,usage_desc) VALUES ('Large Skillet or Pot', 'For cooking risotto');
INSERT INTO kitchenware_for_recipe (recipe_id, kitchenware_id) VALUES (20, 39);
INSERT INTO kitchenware_for_recipe (recipe_id, kitchenware_id) VALUES (20, 39);
INSERT INTO Kitchenware (name,usage_desc) VALUES ('Wooden Spoon', 'For stirring risotto');
INSERT INTO kitchenware_for_recipe (recipe_id, kitchenware_id) VALUES (20, 40);
INSERT INTO dietaryinfo (recipe_id, fat_content, protein_content, hydrocarbon_content) VALUES (20, 16, 17, 66);
INSERT INTO Recipes (name, short_desc , recipe_type, difficulty_level, TIP1 ,TIP2 ,TIP3, prep_time, cook_time, cuisine_id) VALUES ('Mushroom Risotto', 'Creamy Italian rice dish cooked with Arborio rice, mushrooms, onions, garlic, and Parmesan cheese.', 'gastronomy', '3', 'Use Arborio rice for its creamy texture when cooked.', 'Add hot broth gradually and stir constantly for the creamiest risotto.', 'Finish with a knob of butter and grated Parmesan cheese for extra richness.', '00:10:00', '00:30:00', 1);
INSERT INTO Ingredients (food_group_id, name, calories_per_100_units) VALUES (3, 'Pasta (Spaghetti, Linguine, or Penne)', 130);
INSERT INTO requires (recipe_id, ingredient_id, quantity, num_units, main_ingredient) VALUES (21, 124, '400g', 211, 1);
INSERT INTO Ingredients (food_group_id, name, calories_per_100_units) VALUES (11, 'Basil Pesto', 400);
INSERT INTO requires (recipe_id, ingredient_id, quantity, num_units, main_ingredient) VALUES (21, 125, '1/2 cup', 266, 0);
INSERT INTO Ingredients (food_group_id, name, calories_per_100_units) VALUES (1, 'Cherry Tomatoes', 18);
INSERT INTO requires (recipe_id, ingredient_id, quantity, num_units, main_ingredient) VALUES (21, 126, '1 cup', 349, 0);
INSERT INTO requires (recipe_id, ingredient_id, quantity, num_units, main_ingredient) VALUES (21, 123, '1/2 cup', 254, 0);
INSERT INTO requires (recipe_id, ingredient_id, quantity, num_units, main_ingredient) VALUES (21, 54, '2 tbsp', 380, 0);
INSERT INTO requires (recipe_id, ingredient_id, quantity, num_units, main_ingredient) VALUES (21, 117, 'For garnish', 303, 0);
INSERT INTO requires (recipe_id, ingredient_id, quantity, num_units, main_ingredient) VALUES (21, 6, 'To taste', 291, 0);
INSERT INTO requires (recipe_id, ingredient_id, quantity, num_units, main_ingredient) VALUES (21, 5, 'To taste', 259, 0);
INSERT INTO Themes (name,descr) VALUES ('Quick and Easy', 'N/A');
INSERT INTO recipe_theme (recipe_id, theme_id) VALUES (21, 19);
INSERT INTO Steps (recipe_id, step_number, step_desc) VALUES (21, 1, 'Cook pasta in a large pot of salted boiling water until al dente. Reserve 1 cup of pasta water, then drain pasta.');
INSERT INTO Steps (recipe_id, step_number, step_desc) VALUES (21, 2, 'Halve cherry tomatoes.');
INSERT INTO Steps (recipe_id, step_number, step_desc) VALUES (21, 3, 'In a large skillet, heat extra virgin olive oil over medium heat.');
INSERT INTO Steps (recipe_id, step_number, step_desc) VALUES (21, 4, 'Add halved cherry tomatoes to the skillet and cook until softened.');
INSERT INTO Steps (recipe_id, step_number, step_desc) VALUES (21, 5, 'Add cooked pasta to the skillet and toss with basil pesto until evenly coated.');
INSERT INTO Steps (recipe_id, step_number, step_desc) VALUES (21, 6, 'If the sauce is too thick, add reserved pasta water, a little at a time, until desired consistency is reached.');
INSERT INTO Steps (recipe_id, step_number, step_desc) VALUES (21, 7, 'Season with salt and black pepper to taste.');
INSERT INTO Steps (recipe_id, step_number, step_desc) VALUES (21, 8, 'Serve hot, garnished with grated Parmesan cheese and fresh basil leaves.');
INSERT INTO Quantities (recipe_id, quantity) VALUES (21, 4);
INSERT INTO recipe_tags (recipe_id, tag_id) VALUES (21, 43);
INSERT INTO recipe_tags (recipe_id, tag_id) VALUES (21, 1);
INSERT INTO recipe_tags (recipe_id, tag_id) VALUES (21, 33);
INSERT INTO recipe_tags (recipe_id, tag_id) VALUES (21, 41);
INSERT INTO recipe_meal (recipe_id, meal_id) VALUES (21, 5);
INSERT INTO recipe_meal (recipe_id, meal_id) VALUES (21, 1);
INSERT INTO kitchenware_for_recipe (recipe_id, kitchenware_id) VALUES (21, 40);
INSERT INTO kitchenware_for_recipe (recipe_id, kitchenware_id) VALUES (21, 40);
INSERT INTO kitchenware_for_recipe (recipe_id, kitchenware_id) VALUES (21, 40);
INSERT INTO dietaryinfo (recipe_id, fat_content, protein_content, hydrocarbon_content) VALUES (21, 25, 19, 53);
INSERT INTO Recipes (name, short_desc , recipe_type, difficulty_level, TIP1 ,TIP2 ,TIP3, prep_time, cook_time, cuisine_id) VALUES ('Pesto Pasta', 'Simple yet flavorful Italian pasta dish with basil pesto, cherry tomatoes, and Parmesan cheese.', 'gastronomy', '2', 'Use homemade basil pesto or high-quality store-bought pesto for the best flavor.', 'Toss cooked pasta with pesto while its still warm to allow the flavors to meld.', 'Garnish with extra grated Parmesan cheese and fresh basil leaves.', '00:10:00', '00:10:00', 1);
INSERT INTO requires (recipe_id, ingredient_id, quantity, num_units, main_ingredient) VALUES (22, 68, '200g', 452, 1);
INSERT INTO requires (recipe_id, ingredient_id, quantity, num_units, main_ingredient) VALUES (22, 19, '300g', 385, 0);
INSERT INTO Ingredients (food_group_id, name, calories_per_100_units) VALUES (5, 'Tofu', 145);
INSERT INTO requires (recipe_id, ingredient_id, quantity, num_units, main_ingredient) VALUES (22, 127, '200g', 427, 0);
INSERT INTO requires (recipe_id, ingredient_id, quantity, num_units, main_ingredient) VALUES (22, 71, '1 cup', 488, 0);
INSERT INTO requires (recipe_id, ingredient_id, quantity, num_units, main_ingredient) VALUES (22, 72, '2', 331, 0);
INSERT INTO requires (recipe_id, ingredient_id, quantity, num_units, main_ingredient) VALUES (22, 51, '3 cloves', 216, 0);
INSERT INTO requires (recipe_id, ingredient_id, quantity, num_units, main_ingredient) VALUES (22, 3, '2', 266, 0);
INSERT INTO requires (recipe_id, ingredient_id, quantity, num_units, main_ingredient) VALUES (22, 75, '1/2 cup', 426, 0);
INSERT INTO requires (recipe_id, ingredient_id, quantity, num_units, main_ingredient) VALUES (22, 73, '3 tbsp', 414, 0);
INSERT INTO requires (recipe_id, ingredient_id, quantity, num_units, main_ingredient) VALUES (22, 74, '2 tbsp', 262, 0);
INSERT INTO requires (recipe_id, ingredient_id, quantity, num_units, main_ingredient) VALUES (22, 45, '2 tbsp', 311, 0);
INSERT INTO requires (recipe_id, ingredient_id, quantity, num_units, main_ingredient) VALUES (22, 12, '2 tbsp', 446, 0);
INSERT INTO requires (recipe_id, ingredient_id, quantity, num_units, main_ingredient) VALUES (22, 77, '2 tbsp', 474, 0);
INSERT INTO Ingredients (food_group_id, name, calories_per_100_units) VALUES (2, 'Lime Wedges', 30);
INSERT INTO requires (recipe_id, ingredient_id, quantity, num_units, main_ingredient) VALUES (22, 128, 'For serving', 210, 0);
INSERT INTO Themes (name,descr) VALUES ('Exotic Flavors', 'N/A');
INSERT INTO recipe_theme (recipe_id, theme_id) VALUES (22, 20);
INSERT INTO Steps (recipe_id, step_number, step_desc) VALUES (22, 1, 'Soak rice noodles in warm water for 20-30 minutes until flexible but still firm. Drain and set aside.');
INSERT INTO Steps (recipe_id, step_number, step_desc) VALUES (22, 2, 'Slice chicken breast into thin strips. Cut tofu into cubes.');
INSERT INTO Steps (recipe_id, step_number, step_desc) VALUES (22, 3, 'Mince garlic, chop green onions, and crush peanuts.');
INSERT INTO Steps (recipe_id, step_number, step_desc) VALUES (22, 4, 'In a small bowl, mix tamarind paste, fish sauce, soy sauce, and brown sugar to make the sauce.');
INSERT INTO Steps (recipe_id, step_number, step_desc) VALUES (22, 5, 'Heat vegetable oil in a wok or large skillet over medium-high heat.');
INSERT INTO Steps (recipe_id, step_number, step_desc) VALUES (22, 6, 'Add minced garlic to the wok and cook until fragrant.');
INSERT INTO Steps (recipe_id, step_number, step_desc) VALUES (22, 7, 'Add sliced chicken breast to the wok and stir-fry until cooked through.');
INSERT INTO Steps (recipe_id, step_number, step_desc) VALUES (22, 8, 'Push chicken to one side of the wok and crack eggs into the empty space. Scramble until set.');
INSERT INTO Steps (recipe_id, step_number, step_desc) VALUES (22, 9, 'Add tofu, soaked rice noodles, and prepared sauce to the wok. Toss everything together until well combined.');
INSERT INTO Steps (recipe_id, step_number, step_desc) VALUES (22, 10, 'Add bean sprouts and chopped green onions to the wok. Stir-fry for another 2-3 minutes until heated through.');
INSERT INTO Steps (recipe_id, step_number, step_desc) VALUES (22, 11, 'Garnish with crushed peanuts and serve hot with lime wedges.');
INSERT INTO Quantities (recipe_id, quantity) VALUES (22, 4);
INSERT INTO recipe_tags (recipe_id, tag_id) VALUES (22, 30);
INSERT INTO recipe_tags (recipe_id, tag_id) VALUES (22, 31);
INSERT INTO recipe_tags (recipe_id, tag_id) VALUES (22, 33);
INSERT INTO recipe_meal (recipe_id, meal_id) VALUES (22, 5);
INSERT INTO recipe_meal (recipe_id, meal_id) VALUES (22, 1);
INSERT INTO Kitchenware (name,usage_desc) VALUES ('Wok or Large Skillet', 'For stir-frying');
INSERT INTO kitchenware_for_recipe (recipe_id, kitchenware_id) VALUES (22, 41);
INSERT INTO kitchenware_for_recipe (recipe_id, kitchenware_id) VALUES (22, 41);
INSERT INTO kitchenware_for_recipe (recipe_id, kitchenware_id) VALUES (22, 41);
INSERT INTO dietaryinfo (recipe_id, fat_content, protein_content, hydrocarbon_content) VALUES (22, 14, 30, 45);
INSERT INTO Recipes (name, short_desc , recipe_type, difficulty_level, TIP1 ,TIP2 ,TIP3, prep_time, cook_time, cuisine_id) VALUES ('Chicken Pad Thai', 'Popular Thai stir-fried noodle dish with chicken, tofu, bean sprouts, and peanuts in a tangy tamarind sauce.', 'gastronomy', '3', 'Soak rice noodles in warm water until flexible but still firm before stir-frying.', 'Keep ingredients moving in the wok to prevent sticking and ensure even cooking.', 'Serve with lime wedges and extra peanuts for a burst of freshness and crunch.', '00:20:00', '00:15:00', 8);
INSERT INTO Ingredients (food_group_id, name, calories_per_100_units) VALUES (9, 'Large Shrimp (Peeled and Deveined)', 99);
INSERT INTO requires (recipe_id, ingredient_id, quantity, num_units, main_ingredient) VALUES (23, 129, '500g', 398, 1);
INSERT INTO requires (recipe_id, ingredient_id, quantity, num_units, main_ingredient) VALUES (23, 51, '4 cloves', 297, 0);
INSERT INTO requires (recipe_id, ingredient_id, quantity, num_units, main_ingredient) VALUES (23, 8, '4 tbsp', 372, 0);
INSERT INTO requires (recipe_id, ingredient_id, quantity, num_units, main_ingredient) VALUES (23, 122, '1/2 cup', 476, 0);
INSERT INTO requires (recipe_id, ingredient_id, quantity, num_units, main_ingredient) VALUES (23, 22, '2 tbsp', 408, 0);
INSERT INTO requires (recipe_id, ingredient_id, quantity, num_units, main_ingredient) VALUES (23, 80, '2 tbsp', 360, 0);
INSERT INTO requires (recipe_id, ingredient_id, quantity, num_units, main_ingredient) VALUES (23, 6, 'To taste', 426, 0);
INSERT INTO requires (recipe_id, ingredient_id, quantity, num_units, main_ingredient) VALUES (23, 5, 'To taste', 419, 0);
INSERT INTO Ingredients (food_group_id, name, calories_per_100_units) VALUES (11, 'Red Pepper Flakes', 0);
INSERT INTO requires (recipe_id, ingredient_id, quantity, num_units, main_ingredient) VALUES (23, 130, 'To taste', 405, 0);
INSERT INTO Ingredients (food_group_id, name, calories_per_100_units) VALUES (3, 'Linguine or Spaghetti', 130);
INSERT INTO requires (recipe_id, ingredient_id, quantity, num_units, main_ingredient) VALUES (23, 131, '400g', 424, 0);
INSERT INTO Themes (name,descr) VALUES ('Seafood Sensations', 'N/A');
INSERT INTO recipe_theme (recipe_id, theme_id) VALUES (23, 13);
INSERT INTO Steps (recipe_id, step_number, step_desc) VALUES (23, 1, 'Cook pasta in a large pot of salted boiling water until al dente. Reserve 1 cup of pasta water, then drain pasta.');
INSERT INTO Steps (recipe_id, step_number, step_desc) VALUES (23, 2, 'Peel and devein shrimp, leaving tails intact. Pat dry with paper towels.');
INSERT INTO Steps (recipe_id, step_number, step_desc) VALUES (23, 3, 'Mince garlic and chop fresh parsley.');
INSERT INTO Steps (recipe_id, step_number, step_desc) VALUES (23, 4, 'In a large skillet, melt butter over medium heat. Add minced garlic and cook until fragrant.');
INSERT INTO Steps (recipe_id, step_number, step_desc) VALUES (23, 5, 'Add shrimp to the skillet and cook until pink and opaque, about 2-3 minutes per side.');
INSERT INTO Steps (recipe_id, step_number, step_desc) VALUES (23, 6, 'Deglaze the skillet with dry white wine and lemon juice. Simmer for 2-3 minutes until slightly reduced.');
INSERT INTO Steps (recipe_id, step_number, step_desc) VALUES (23, 7, 'Season with salt, black pepper, and red pepper flakes to taste.');
INSERT INTO Steps (recipe_id, step_number, step_desc) VALUES (23, 8, 'Add cooked pasta to the skillet and toss with shrimp and sauce until well coated.');
INSERT INTO Steps (recipe_id, step_number, step_desc) VALUES (23, 9, 'If the sauce is too thick, add reserved pasta water, a little at a time, until desired consistency is reached.');
INSERT INTO Steps (recipe_id, step_number, step_desc) VALUES (23, 10, 'Garnish with chopped fresh parsley before serving.');
INSERT INTO Quantities (recipe_id, quantity) VALUES (23, 4);
INSERT INTO recipe_tags (recipe_id, tag_id) VALUES (23, 43);
INSERT INTO Tags (tag_name) VALUES ('seafood-dish');
INSERT INTO recipe_tags (recipe_id, tag_id) VALUES (23, 45);
INSERT INTO recipe_tags (recipe_id, tag_id) VALUES (23, 33);
INSERT INTO recipe_meal (recipe_id, meal_id) VALUES (23, 1);
INSERT INTO kitchenware_for_recipe (recipe_id, kitchenware_id) VALUES (23, 41);
INSERT INTO kitchenware_for_recipe (recipe_id, kitchenware_id) VALUES (23, 41);
INSERT INTO kitchenware_for_recipe (recipe_id, kitchenware_id) VALUES (23, 41);
INSERT INTO Cuisines (country_name) VALUES ('Italian-American');
INSERT INTO dietaryinfo (recipe_id, fat_content, protein_content, hydrocarbon_content) VALUES (23, 35, 38, 26);
INSERT INTO Recipes (name, short_desc , recipe_type, difficulty_level, TIP1 ,TIP2 ,TIP3, prep_time, cook_time, cuisine_id) VALUES ('Shrimp Scampi', 'Classic Italian-American dish featuring succulent shrimp sautéed in garlic butter, white wine, and lemon juice.', 'gastronomy', '2', 'Use large shrimp for the best texture and flavor.', 'Dont overcook the shrimp; they should be pink and opaque when done.', 'Serve over cooked pasta or with crusty bread for soaking up the delicious sauce.', '00:10:00', '00:10:00', 13);
INSERT INTO requires (recipe_id, ingredient_id, quantity, num_units, main_ingredient) VALUES (24, 93, '4', 357, 1);
INSERT INTO Ingredients (food_group_id, name, calories_per_100_units) VALUES (1, 'Zucchini', 17);
INSERT INTO requires (recipe_id, ingredient_id, quantity, num_units, main_ingredient) VALUES (24, 132, '2', 475, 0);
INSERT INTO Ingredients (food_group_id, name, calories_per_100_units) VALUES (1, 'Eggplant', 25);
INSERT INTO requires (recipe_id, ingredient_id, quantity, num_units, main_ingredient) VALUES (24, 133, '1', 444, 0);
INSERT INTO Ingredients (food_group_id, name, calories_per_100_units) VALUES (1, 'Bell Peppers (Assorted Colors)', 31);
INSERT INTO requires (recipe_id, ingredient_id, quantity, num_units, main_ingredient) VALUES (24, 134, '2', 211, 0);
INSERT INTO requires (recipe_id, ingredient_id, quantity, num_units, main_ingredient) VALUES (24, 56, '1', 425, 0);
INSERT INTO requires (recipe_id, ingredient_id, quantity, num_units, main_ingredient) VALUES (24, 51, '3 cloves', 330, 0);
INSERT INTO requires (recipe_id, ingredient_id, quantity, num_units, main_ingredient) VALUES (24, 114, '3 tbsp', 396, 0);
INSERT INTO Ingredients (food_group_id, name, calories_per_100_units) VALUES (1, 'Fresh Thyme', 101);
INSERT INTO requires (recipe_id, ingredient_id, quantity, num_units, main_ingredient) VALUES (24, 135, '2 sprigs', 408, 0);
INSERT INTO Ingredients (food_group_id, name, calories_per_100_units) VALUES (1, 'Fresh Basil', 23);
INSERT INTO requires (recipe_id, ingredient_id, quantity, num_units, main_ingredient) VALUES (24, 136, '2 tbsp', 333, 0);
INSERT INTO requires (recipe_id, ingredient_id, quantity, num_units, main_ingredient) VALUES (24, 6, 'To taste', 218, 0);
INSERT INTO requires (recipe_id, ingredient_id, quantity, num_units, main_ingredient) VALUES (24, 5, 'To taste', 333, 0);
INSERT INTO Themes (name,descr) VALUES ('Vegetarian Delights', 'N/A');
INSERT INTO recipe_theme (recipe_id, theme_id) VALUES (24, 21);
INSERT INTO Steps (recipe_id, step_number, step_desc) VALUES (24, 1, 'Preheat oven to 200°C (400°F).');
INSERT INTO Steps (recipe_id, step_number, step_desc) VALUES (24, 2, 'Slice tomatoes, zucchini, eggplant, and bell peppers into evenly thick slices.');
INSERT INTO Steps (recipe_id, step_number, step_desc) VALUES (24, 3, 'Thinly slice onion and mince garlic.');
INSERT INTO Steps (recipe_id, step_number, step_desc) VALUES (24, 4, 'In a baking dish, arrange sliced vegetables in overlapping layers, alternating colors.');
INSERT INTO Steps (recipe_id, step_number, step_desc) VALUES (24, 5, 'Drizzle olive oil over the vegetables. Season with salt, black pepper, and fresh thyme leaves.');
INSERT INTO Steps (recipe_id, step_number, step_desc) VALUES (24, 6, 'Cover the baking dish with aluminum foil and bake in the preheated oven for 30 minutes.');
INSERT INTO Steps (recipe_id, step_number, step_desc) VALUES (24, 7, 'Remove foil and bake for an additional 15 minutes until vegetables are tender and slightly caramelized.');
INSERT INTO Steps (recipe_id, step_number, step_desc) VALUES (24, 8, 'Sprinkle chopped fresh basil over the ratatouille before serving.');
INSERT INTO Quantities (recipe_id, quantity) VALUES (24, 4);
INSERT INTO Tags (tag_name) VALUES ('french-food');
INSERT INTO recipe_tags (recipe_id, tag_id) VALUES (24, 46);
INSERT INTO Tags (tag_name) VALUES ('vegetable-dish');
INSERT INTO recipe_tags (recipe_id, tag_id) VALUES (24, 47);
INSERT INTO recipe_tags (recipe_id, tag_id) VALUES (24, 34);
INSERT INTO recipe_meal (recipe_id, meal_id) VALUES (24, 5);
INSERT INTO recipe_meal (recipe_id, meal_id) VALUES (24, 1);
INSERT INTO Kitchenware (name,usage_desc) VALUES ('Baking Dish', 'For baking ratatouille');
INSERT INTO kitchenware_for_recipe (recipe_id, kitchenware_id) VALUES (24, 42);
INSERT INTO kitchenware_for_recipe (recipe_id, kitchenware_id) VALUES (24, 42);
INSERT INTO Kitchenware (name,usage_desc) VALUES ('Aluminum Foil', 'For covering baking dish');
INSERT INTO kitchenware_for_recipe (recipe_id, kitchenware_id) VALUES (24, 43);
INSERT INTO dietaryinfo (recipe_id, fat_content, protein_content, hydrocarbon_content) VALUES (24, 12, 16, 72);
INSERT INTO Recipes (name, short_desc , recipe_type, difficulty_level, TIP1 ,TIP2 ,TIP3, prep_time, cook_time, cuisine_id) VALUES ('Ratatouille', 'Classic French vegetable stew made with tomatoes, zucchini, eggplant, bell peppers, onions, and garlic.', 'gastronomy', '2', 'Use ripe and flavorful tomatoes for the best sauce base.', 'Slice vegetables evenly for even cooking and a beautiful presentation.', 'Serve with crusty bread or over cooked grains for a satisfying meal.', '00:20:00', '00:45:00', 2);
INSERT INTO Ingredients (food_group_id, name, calories_per_100_units) VALUES (5, 'Dried Chickpeas (Soaked Overnight)', 164);
INSERT INTO requires (recipe_id, ingredient_id, quantity, num_units, main_ingredient) VALUES (25, 137, '1 cup', 328, 1);
INSERT INTO requires (recipe_id, ingredient_id, quantity, num_units, main_ingredient) VALUES (25, 56, '1', 450, 0);
INSERT INTO requires (recipe_id, ingredient_id, quantity, num_units, main_ingredient) VALUES (25, 51, '3 cloves', 432, 0);
INSERT INTO requires (recipe_id, ingredient_id, quantity, num_units, main_ingredient) VALUES (25, 80, '1/2 cup', 302, 0);
INSERT INTO requires (recipe_id, ingredient_id, quantity, num_units, main_ingredient) VALUES (25, 100, '1/2 cup', 495, 0);
INSERT INTO requires (recipe_id, ingredient_id, quantity, num_units, main_ingredient) VALUES (25, 24, '1 tsp', 475, 0);
INSERT INTO Ingredients (food_group_id, name, calories_per_100_units) VALUES (11, 'Ground Coriander', 0);
INSERT INTO requires (recipe_id, ingredient_id, quantity, num_units, main_ingredient) VALUES (25, 138, '1 tsp', 220, 0);
INSERT INTO Ingredients (food_group_id, name, calories_per_100_units) VALUES (11, 'Baking Powder', 0);
INSERT INTO requires (recipe_id, ingredient_id, quantity, num_units, main_ingredient) VALUES (25, 139, '1/2 tsp', 329, 0);
INSERT INTO requires (recipe_id, ingredient_id, quantity, num_units, main_ingredient) VALUES (25, 6, 'To taste', 273, 0);
INSERT INTO requires (recipe_id, ingredient_id, quantity, num_units, main_ingredient) VALUES (25, 5, 'To taste', 284, 0);
INSERT INTO requires (recipe_id, ingredient_id, quantity, num_units, main_ingredient) VALUES (25, 77, 'For frying', 443, 0);
INSERT INTO Themes (name,descr) VALUES ('Vegetarian Delights', 'N/A');
INSERT INTO recipe_theme (recipe_id, theme_id) VALUES (25, 21);
INSERT INTO Steps (recipe_id, step_number, step_desc) VALUES (25, 1, 'Drain soaked chickpeas and pat dry with paper towels.');
INSERT INTO Steps (recipe_id, step_number, step_desc) VALUES (25, 2, 'Roughly chop onion, mince garlic, and chop fresh parsley and cilantro.');
INSERT INTO Steps (recipe_id, step_number, step_desc) VALUES (25, 3, 'In a food processor, combine chickpeas, onion, garlic, parsley, cilantro, ground cumin, ground coriander, baking powder, salt, and black pepper.');
INSERT INTO Steps (recipe_id, step_number, step_desc) VALUES (25, 4, 'Pulse until the mixture is finely ground and holds together when pressed.');
INSERT INTO Steps (recipe_id, step_number, step_desc) VALUES (25, 5, 'Transfer the mixture to a bowl, cover, and refrigerate for at least 1 hour to firm up.');
INSERT INTO Steps (recipe_id, step_number, step_desc) VALUES (25, 6, 'Shape the mixture into small balls or patties using your hands.');
INSERT INTO Steps (recipe_id, step_number, step_desc) VALUES (25, 7, 'In a large skillet, heat vegetable oil over medium-high heat.');
INSERT INTO Steps (recipe_id, step_number, step_desc) VALUES (25, 8, 'Fry falafel in batches until golden brown and crispy, about 3-4 minutes per side.');
INSERT INTO Steps (recipe_id, step_number, step_desc) VALUES (25, 9, 'Transfer fried falafel to a plate lined with paper towels to drain excess oil.');
INSERT INTO Steps (recipe_id, step_number, step_desc) VALUES (25, 10, 'Serve hot with pita bread, hummus, tahini sauce, and your favorite toppings.');
INSERT INTO Quantities (recipe_id, quantity) VALUES (25, 4);
INSERT INTO Tags (tag_name) VALUES ('middle-eastern-food');
INSERT INTO recipe_tags (recipe_id, tag_id) VALUES (25, 48);
INSERT INTO recipe_tags (recipe_id, tag_id) VALUES (25, 34);
INSERT INTO recipe_tags (recipe_id, tag_id) VALUES (25, 1);
INSERT INTO recipe_tags (recipe_id, tag_id) VALUES (25, 33);
INSERT INTO recipe_meal (recipe_id, meal_id) VALUES (25, 5);
INSERT INTO recipe_meal (recipe_id, meal_id) VALUES (25, 1);
INSERT INTO Kitchenware (name,usage_desc) VALUES ('Food Processor', 'For blending falafel mixture');
INSERT INTO kitchenware_for_recipe (recipe_id, kitchenware_id) VALUES (25, 44);
INSERT INTO kitchenware_for_recipe (recipe_id, kitchenware_id) VALUES (25, 44);
INSERT INTO Kitchenware (name,usage_desc) VALUES ('Paper Towels', 'For draining excess oil');
INSERT INTO kitchenware_for_recipe (recipe_id, kitchenware_id) VALUES (25, 45);
INSERT INTO Cuisines (country_name) VALUES ('Middle Eastern');
INSERT INTO dietaryinfo (recipe_id, fat_content, protein_content, hydrocarbon_content) VALUES (25, 15, 23, 62);
INSERT INTO Recipes (name, short_desc , recipe_type, difficulty_level, TIP1 ,TIP2 ,TIP3, prep_time, cook_time, cuisine_id) VALUES ('Falafel', 'Crispy and flavorful Middle Eastern chickpea fritters served with pita bread, hummus, and tahini sauce.', 'gastronomy', '2', 'Use dried chickpeas that have been soaked overnight for the best texture.', 'Add fresh herbs like parsley and cilantro for added flavor.', 'Serve with pickled vegetables and a squeeze of lemon juice for brightness.', '00:20:00', '00:10:00', 14);
INSERT INTO Ingredients (food_group_id, name, calories_per_100_units) VALUES (9, 'Salmon Fillets', 208);
INSERT INTO requires (recipe_id, ingredient_id, quantity, num_units, main_ingredient) VALUES (26, 140, '4', 339, 1);
INSERT INTO requires (recipe_id, ingredient_id, quantity, num_units, main_ingredient) VALUES (26, 45, '1/4 cup', 308, 0);
INSERT INTO requires (recipe_id, ingredient_id, quantity, num_units, main_ingredient) VALUES (26, 87, '2 tbsp', 392, 0);
INSERT INTO Ingredients (food_group_id, name, calories_per_100_units) VALUES (11, 'Rice Vinegar', 9);
INSERT INTO requires (recipe_id, ingredient_id, quantity, num_units, main_ingredient) VALUES (26, 141, '2 tbsp', 319, 0);
INSERT INTO Ingredients (food_group_id, name, calories_per_100_units) VALUES (1, 'Fresh Ginger', 80);
INSERT INTO requires (recipe_id, ingredient_id, quantity, num_units, main_ingredient) VALUES (26, 142, '1 inch piece', 300, 0);
INSERT INTO requires (recipe_id, ingredient_id, quantity, num_units, main_ingredient) VALUES (26, 51, '2 cloves', 474, 0);
INSERT INTO requires (recipe_id, ingredient_id, quantity, num_units, main_ingredient) VALUES (26, 86, '1 tbsp', 419, 0);
INSERT INTO requires (recipe_id, ingredient_id, quantity, num_units, main_ingredient) VALUES (26, 77, '1 tbsp', 268, 0);
INSERT INTO Ingredients (food_group_id, name, calories_per_100_units) VALUES (1, 'Green Onions (Sliced)', 40);
INSERT INTO requires (recipe_id, ingredient_id, quantity, num_units, main_ingredient) VALUES (26, 143, 'For garnish', 209, 0);
INSERT INTO requires (recipe_id, ingredient_id, quantity, num_units, main_ingredient) VALUES (26, 67, 'For garnish', 326, 0);
INSERT INTO Themes (name,descr) VALUES ('Seafood Sensations', 'N/A');
INSERT INTO recipe_theme (recipe_id, theme_id) VALUES (26, 13);
INSERT INTO Steps (recipe_id, step_number, step_desc) VALUES (26, 1, 'In a small bowl, whisk together soy sauce, honey, rice vinegar, grated fresh ginger, minced garlic, and sesame oil.');
INSERT INTO Steps (recipe_id, step_number, step_desc) VALUES (26, 2, 'Place salmon fillets in a shallow dish and pour marinade over the top, turning to coat evenly. Cover and refrigerate for at least 30 minutes.');
INSERT INTO Steps (recipe_id, step_number, step_desc) VALUES (26, 3, 'Preheat broiler to high and line a baking sheet with aluminum foil.');
INSERT INTO Steps (recipe_id, step_number, step_desc) VALUES (26, 4, 'Remove salmon from marinade, allowing excess to drip off, and place on the prepared baking sheet.');
INSERT INTO Steps (recipe_id, step_number, step_desc) VALUES (26, 5, 'Broil salmon for 6-8 minutes until browned on top and just cooked through.');
INSERT INTO Steps (recipe_id, step_number, step_desc) VALUES (26, 6, 'Garnish with sliced green onions and sesame seeds before serving.');
INSERT INTO Quantities (recipe_id, quantity) VALUES (26, 4);
INSERT INTO Tags (tag_name) VALUES ('asian-food');
INSERT INTO recipe_tags (recipe_id, tag_id) VALUES (26, 49);
INSERT INTO recipe_tags (recipe_id, tag_id) VALUES (26, 19);
INSERT INTO recipe_tags (recipe_id, tag_id) VALUES (26, 33);
INSERT INTO recipe_meal (recipe_id, meal_id) VALUES (26, 5);
INSERT INTO recipe_meal (recipe_id, meal_id) VALUES (26, 1);
INSERT INTO kitchenware_for_recipe (recipe_id, kitchenware_id) VALUES (26, 45);
INSERT INTO kitchenware_for_recipe (recipe_id, kitchenware_id) VALUES (26, 45);
INSERT INTO kitchenware_for_recipe (recipe_id, kitchenware_id) VALUES (26, 45);
INSERT INTO dietaryinfo (recipe_id, fat_content, protein_content, hydrocarbon_content) VALUES (26, 0, 0, 100);
INSERT INTO Recipes (name, short_desc , recipe_type, difficulty_level, TIP1 ,TIP2 ,TIP3, prep_time, cook_time, cuisine_id) VALUES ('Ginger-Soy Glazed Salmon', 'Tender salmon fillets marinated in a flavorful ginger-soy sauce and broiled to perfection.', 'gastronomy', '2', 'Marinate salmon for at least 30 minutes to allow the flavors to penetrate.', 'Broil salmon until just cooked through for a juicy and tender texture.', 'Garnish with sliced green onions and sesame seeds for added flavor and presentation.', '00:10:00', '00:10:00', 10);
INSERT INTO Ingredients (food_group_id, name, calories_per_100_units) VALUES (1, 'Eggplants', 25);
INSERT INTO requires (recipe_id, ingredient_id, quantity, num_units, main_ingredient) VALUES (27, 144, '4', 423, 0);
INSERT INTO requires (recipe_id, ingredient_id, quantity, num_units, main_ingredient) VALUES (27, 91, '300g', 303, 1);
INSERT INTO requires (recipe_id, ingredient_id, quantity, num_units, main_ingredient) VALUES (27, 56, '1', 297, 0);
INSERT INTO requires (recipe_id, ingredient_id, quantity, num_units, main_ingredient) VALUES (27, 93, '2', 298, 0);
INSERT INTO requires (recipe_id, ingredient_id, quantity, num_units, main_ingredient) VALUES (27, 51, '3 cloves', 495, 0);
INSERT INTO requires (recipe_id, ingredient_id, quantity, num_units, main_ingredient) VALUES (27, 80, '2 tbsp', 341, 0);
INSERT INTO requires (recipe_id, ingredient_id, quantity, num_units, main_ingredient) VALUES (27, 130, '1/2 tsp', 220, 0);
INSERT INTO requires (recipe_id, ingredient_id, quantity, num_units, main_ingredient) VALUES (27, 24, '1/2 tsp', 363, 0);
INSERT INTO Ingredients (food_group_id, name, calories_per_100_units) VALUES (11, 'Ground Paprika', 0);
INSERT INTO requires (recipe_id, ingredient_id, quantity, num_units, main_ingredient) VALUES (27, 145, '1/2 tsp', 395, 0);
INSERT INTO requires (recipe_id, ingredient_id, quantity, num_units, main_ingredient) VALUES (27, 114, '2 tbsp', 424, 0);
INSERT INTO requires (recipe_id, ingredient_id, quantity, num_units, main_ingredient) VALUES (27, 6, 'To taste', 309, 0);
INSERT INTO requires (recipe_id, ingredient_id, quantity, num_units, main_ingredient) VALUES (27, 5, 'To taste', 253, 0);
INSERT INTO Themes (name,descr) VALUES ('Mediterranean Delights', 'N/A');
INSERT INTO recipe_theme (recipe_id, theme_id) VALUES (27, 17);
INSERT INTO Steps (recipe_id, step_number, step_desc) VALUES (27, 1, 'Preheat the oven to 200°C (400°F).');
INSERT INTO Steps (recipe_id, step_number, step_desc) VALUES (27, 2, 'Slice the eggplants in half lengthwise, leaving the stems intact. Make deep slits in each half without cutting through the skin.');
INSERT INTO Steps (recipe_id, step_number, step_desc) VALUES (27, 3, 'In a skillet, heat olive oil over medium heat. Add finely chopped onion and minced garlic, and sauté until softened.');
INSERT INTO Steps (recipe_id, step_number, step_desc) VALUES (27, 4, 'Add ground beef to the skillet and cook until browned. Season with salt, black pepper, red pepper flakes, ground cumin, and ground paprika.');
INSERT INTO Steps (recipe_id, step_number, step_desc) VALUES (27, 5, 'Dice tomatoes and chop fresh parsley. Add them to the skillet and cook for a few more minutes until the tomatoes soften.');
INSERT INTO Steps (recipe_id, step_number, step_desc) VALUES (27, 6, 'Fill the slits in the eggplants with the meat mixture, pressing gently to close the eggplants.');
INSERT INTO Steps (recipe_id, step_number, step_desc) VALUES (27, 7, 'Place stuffed eggplants in a baking dish, drizzle with olive oil, and cover with foil. Bake for 30 minutes.');
INSERT INTO Steps (recipe_id, step_number, step_desc) VALUES (27, 8, 'Remove the foil and bake for an additional 10 minutes until the eggplants are tender and the tops are golden brown.');
INSERT INTO Steps (recipe_id, step_number, step_desc) VALUES (27, 9, 'Serve hot with a side of yogurt and garnish with chopped parsley.');
INSERT INTO Quantities (recipe_id, quantity) VALUES (27, 4);
INSERT INTO Tags (tag_name) VALUES ('turkish-food');
INSERT INTO recipe_tags (recipe_id, tag_id) VALUES (27, 50);
INSERT INTO recipe_tags (recipe_id, tag_id) VALUES (27, 41);
INSERT INTO recipe_tags (recipe_id, tag_id) VALUES (27, 23);
INSERT INTO recipe_meal (recipe_id, meal_id) VALUES (27, 5);
INSERT INTO recipe_meal (recipe_id, meal_id) VALUES (27, 1);
INSERT INTO kitchenware_for_recipe (recipe_id, kitchenware_id) VALUES (27, 45);
INSERT INTO kitchenware_for_recipe (recipe_id, kitchenware_id) VALUES (27, 45);
INSERT INTO kitchenware_for_recipe (recipe_id, kitchenware_id) VALUES (27, 45);
INSERT INTO Cuisines (country_name) VALUES ('Turkish');
INSERT INTO dietaryinfo (recipe_id, fat_content, protein_content, hydrocarbon_content) VALUES (27, 19, 23, 58);
INSERT INTO Recipes (name, short_desc , recipe_type, difficulty_level, TIP1 ,TIP2 ,TIP3, prep_time, cook_time, cuisine_id) VALUES ('Turkish Karnıyarık', 'Stuffed eggplant halves filled with a flavorful mixture of spiced ground meat, tomatoes, onions, and herbs.', 'gastronomy', '3', 'Choose small to medium-sized eggplants for easier handling and faster cooking.', 'Make deep slits in the eggplants without cutting them completely in half to hold the stuffing.', 'Serve with a dollop of yogurt and a sprinkle of chopped parsley for freshness.', '00:30:00', '00:40:00', 15);
INSERT INTO Ingredients (food_group_id, name, calories_per_100_units) VALUES (6, 'Ham Slices', 145);
INSERT INTO requires (recipe_id, ingredient_id, quantity, num_units, main_ingredient) VALUES (28, 146, '8', 467, 1);
INSERT INTO Ingredients (food_group_id, name, calories_per_100_units) VALUES (4, 'Gruyère Cheese (Grated)', 413);
INSERT INTO requires (recipe_id, ingredient_id, quantity, num_units, main_ingredient) VALUES (28, 147, '1 1/2 cups', 391, 0);
INSERT INTO Ingredients (food_group_id, name, calories_per_100_units) VALUES (3, 'Bread Slices (Thick-cut)', 364);
INSERT INTO requires (recipe_id, ingredient_id, quantity, num_units, main_ingredient) VALUES (28, 148, '8', 319, 0);
INSERT INTO requires (recipe_id, ingredient_id, quantity, num_units, main_ingredient) VALUES (28, 8, '4 tbsp', 234, 0);
INSERT INTO requires (recipe_id, ingredient_id, quantity, num_units, main_ingredient) VALUES (28, 7, '2 tbsp', 388, 0);
INSERT INTO requires (recipe_id, ingredient_id, quantity, num_units, main_ingredient) VALUES (28, 11, '1 1/2 cups', 242, 0);
INSERT INTO Ingredients (food_group_id, name, calories_per_100_units) VALUES (11, 'Nutmeg (Freshly Grated)', 525);
INSERT INTO requires (recipe_id, ingredient_id, quantity, num_units, main_ingredient) VALUES (28, 149, '1/4 tsp', 388, 0);
INSERT INTO requires (recipe_id, ingredient_id, quantity, num_units, main_ingredient) VALUES (28, 60, '2 tbsp', 340, 0);
INSERT INTO requires (recipe_id, ingredient_id, quantity, num_units, main_ingredient) VALUES (28, 6, 'To taste', 401, 0);
INSERT INTO requires (recipe_id, ingredient_id, quantity, num_units, main_ingredient) VALUES (28, 5, 'To taste', 283, 0);
INSERT INTO Themes (name,descr) VALUES ('European Delights', 'N/A');
INSERT INTO recipe_theme (recipe_id, theme_id) VALUES (28, 22);
INSERT INTO Steps (recipe_id, step_number, step_desc) VALUES (28, 1, 'Preheat oven to 200°C (400°F).');
INSERT INTO Steps (recipe_id, step_number, step_desc) VALUES (28, 2, 'In a saucepan, melt butter over medium heat. Add all-purpose flour and whisk constantly until a smooth paste forms (roux).');
INSERT INTO Steps (recipe_id, step_number, step_desc) VALUES (28, 3, 'Gradually pour in milk while whisking constantly to avoid lumps. Cook until the sauce thickens and coats the back of a spoon.');
INSERT INTO Steps (recipe_id, step_number, step_desc) VALUES (28, 4, 'Remove from heat and season béchamel sauce with freshly grated nutmeg, salt, and black pepper. Set aside.');
INSERT INTO Steps (recipe_id, step_number, step_desc) VALUES (28, 5, 'Spread Dijon mustard on one side of each bread slice.');
INSERT INTO Steps (recipe_id, step_number, step_desc) VALUES (28, 6, 'Layer ham slices and grated Gruyère cheese on half of the bread slices. Top with the remaining bread slices to form sandwiches.');
INSERT INTO Steps (recipe_id, step_number, step_desc) VALUES (28, 7, 'Spread a generous amount of béchamel sauce on top of each sandwich.');
INSERT INTO Steps (recipe_id, step_number, step_desc) VALUES (28, 8, 'Place sandwiches on a baking sheet and bake in the preheated oven for 10-15 minutes until the cheese is melted and bubbly, and the tops are golden brown.');
INSERT INTO Steps (recipe_id, step_number, step_desc) VALUES (28, 9, 'Serve hot and crispy.');
INSERT INTO Quantities (recipe_id, quantity) VALUES (28, 4);
INSERT INTO recipe_tags (recipe_id, tag_id) VALUES (28, 46);
INSERT INTO Tags (tag_name) VALUES ('sandwich-lover');
INSERT INTO recipe_tags (recipe_id, tag_id) VALUES (28, 51);
INSERT INTO Tags (tag_name) VALUES ('cheese-lover');
INSERT INTO recipe_tags (recipe_id, tag_id) VALUES (28, 52);
INSERT INTO recipe_meal (recipe_id, meal_id) VALUES (28, 5);
INSERT INTO kitchenware_for_recipe (recipe_id, kitchenware_id) VALUES (28, 45);
INSERT INTO kitchenware_for_recipe (recipe_id, kitchenware_id) VALUES (28, 45);
INSERT INTO dietaryinfo (recipe_id, fat_content, protein_content, hydrocarbon_content) VALUES (28, 28, 25, 47);
INSERT INTO Recipes (name, short_desc , recipe_type, difficulty_level, TIP1 ,TIP2 ,TIP3, prep_time, cook_time, cuisine_id) VALUES ('French Croque Monsieur', 'Classic French sandwich made with ham, Gruyère cheese, and béchamel sauce, toasted until golden and crispy.', 'gastronomy', '2', 'Use good-quality ham and Gruyère cheese for the most authentic flavor.', 'Spread a thin layer of mustard on the bread for added flavor.', 'Serve with a side salad or pickles for a complete meal.', '00:15:00', '00:15:00', 2);
INSERT INTO Ingredients (food_group_id, name, calories_per_100_units) VALUES (9, 'Shrimp (Peeled and Deveined)', 99);
INSERT INTO requires (recipe_id, ingredient_id, quantity, num_units, main_ingredient) VALUES (29, 150, '500g', 215, 1);
INSERT INTO Ingredients (food_group_id, name, calories_per_100_units) VALUES (1, 'Bamboo Shoots (Finely Chopped)', 27);
INSERT INTO requires (recipe_id, ingredient_id, quantity, num_units, main_ingredient) VALUES (29, 151, '1/2 cup', 448, 0);
INSERT INTO Ingredients (food_group_id, name, calories_per_100_units) VALUES (1, 'Water Chestnuts (Finely Chopped)', 24);
INSERT INTO requires (recipe_id, ingredient_id, quantity, num_units, main_ingredient) VALUES (29, 152, '1/2 cup', 377, 0);
INSERT INTO Ingredients (food_group_id, name, calories_per_100_units) VALUES (1, 'Ginger (Minced)', 80);
INSERT INTO requires (recipe_id, ingredient_id, quantity, num_units, main_ingredient) VALUES (29, 153, '1 tbsp', 382, 0);
INSERT INTO Ingredients (food_group_id, name, calories_per_100_units) VALUES (1, 'Garlic (Minced)', 149);
INSERT INTO requires (recipe_id, ingredient_id, quantity, num_units, main_ingredient) VALUES (29, 154, '2 cloves', 320, 0);
INSERT INTO requires (recipe_id, ingredient_id, quantity, num_units, main_ingredient) VALUES (29, 88, '2 tbsp', 251, 0);
INSERT INTO requires (recipe_id, ingredient_id, quantity, num_units, main_ingredient) VALUES (29, 86, '1 tbsp', 298, 0);
INSERT INTO requires (recipe_id, ingredient_id, quantity, num_units, main_ingredient) VALUES (29, 45, '1 tbsp', 480, 0);
INSERT INTO requires (recipe_id, ingredient_id, quantity, num_units, main_ingredient) VALUES (29, 6, '1/2 tsp', 245, 0);
INSERT INTO Ingredients (food_group_id, name, calories_per_100_units) VALUES (11, 'White Pepper', 255);
INSERT INTO requires (recipe_id, ingredient_id, quantity, num_units, main_ingredient) VALUES (29, 155, '1/4 tsp', 339, 0);
INSERT INTO requires (recipe_id, ingredient_id, quantity, num_units, main_ingredient) VALUES (29, 9, '1/2 tsp', 433, 0);
INSERT INTO Ingredients (food_group_id, name, calories_per_100_units) VALUES (3, 'Wheat Starch', 339);
INSERT INTO requires (recipe_id, ingredient_id, quantity, num_units, main_ingredient) VALUES (29, 156, '1/2 cup', 498, 0);
INSERT INTO Ingredients (food_group_id, name, calories_per_100_units) VALUES (11, 'Tapioca Starch', 100);
INSERT INTO requires (recipe_id, ingredient_id, quantity, num_units, main_ingredient) VALUES (29, 157, '1/4 cup', 494, 0);
INSERT INTO Ingredients (food_group_id, name, calories_per_100_units) VALUES (11, 'Boiling Water', 0);
INSERT INTO requires (recipe_id, ingredient_id, quantity, num_units, main_ingredient) VALUES (29, 158, '1/2 cup', 430, 0);
INSERT INTO Themes (name,descr) VALUES ('Asian Fusion', 'N/A');
INSERT INTO recipe_theme (recipe_id, theme_id) VALUES (29, 23);
INSERT INTO Steps (recipe_id, step_number, step_desc) VALUES (29, 1, 'In a food processor, combine half of the shrimp with minced ginger, minced garlic, cornstarch, sesame oil, soy sauce, salt, white pepper, and sugar. Process until a smooth paste forms.');
INSERT INTO Steps (recipe_id, step_number, step_desc) VALUES (29, 2, 'Chop the remaining shrimp into small pieces and mix with finely chopped bamboo shoots and water chestnuts.');
INSERT INTO Steps (recipe_id, step_number, step_desc) VALUES (29, 3, 'Combine the shrimp paste with the chopped shrimp mixture and mix well. Chill in the refrigerator for 30 minutes.');
INSERT INTO Steps (recipe_id, step_number, step_desc) VALUES (29, 4, 'In a large bowl, mix wheat starch and tapioca starch. Gradually add boiling water while stirring until a smooth dough forms.');
INSERT INTO Steps (recipe_id, step_number, step_desc) VALUES (29, 5, 'Knead the dough on a clean surface until smooth and elastic. Divide into small balls.');
INSERT INTO Steps (recipe_id, step_number, step_desc) VALUES (29, 6, 'Roll each ball into a thin wrapper using a rolling pin. Keep wrappers covered with a damp cloth to prevent drying.');
INSERT INTO Steps (recipe_id, step_number, step_desc) VALUES (29, 7, 'Place a spoonful of the shrimp filling onto the center of each wrapper. Fold the wrapper in half and pinch the edges to seal.');
INSERT INTO Steps (recipe_id, step_number, step_desc) VALUES (29, 8, 'Arrange dumplings on a parchment-lined steamer basket, leaving space between each dumpling.');
INSERT INTO Steps (recipe_id, step_number, step_desc) VALUES (29, 9, 'Steam dumplings over high heat for 8-10 minutes until the wrappers are translucent and the filling is cooked through.');
INSERT INTO Steps (recipe_id, step_number, step_desc) VALUES (29, 10, 'Serve hot with soy sauce for dipping.');
INSERT INTO Quantities (recipe_id, quantity) VALUES (29, 4);
INSERT INTO Tags (tag_name) VALUES ('chinese-food');
INSERT INTO recipe_tags (recipe_id, tag_id) VALUES (29, 53);
INSERT INTO recipe_tags (recipe_id, tag_id) VALUES (29, 19);
INSERT INTO recipe_tags (recipe_id, tag_id) VALUES (29, 49);
INSERT INTO recipe_meal (recipe_id, meal_id) VALUES (29, 6);
INSERT INTO meals (name) VALUES ('Dim Sum');
INSERT INTO recipe_meal (recipe_id, meal_id) VALUES (29, 10);
INSERT INTO kitchenware_for_recipe (recipe_id, kitchenware_id) VALUES (29, 45);
INSERT INTO kitchenware_for_recipe (recipe_id, kitchenware_id) VALUES (29, 45);
INSERT INTO Kitchenware (name,usage_desc) VALUES ('Steamer Basket', 'For steaming dumplings');
INSERT INTO kitchenware_for_recipe (recipe_id, kitchenware_id) VALUES (29, 46);
INSERT INTO Cuisines (country_name) VALUES ('Chinese');
INSERT INTO dietaryinfo (recipe_id, fat_content, protein_content, hydrocarbon_content) VALUES (29, 18, 13, 69);
INSERT INTO Recipes (name, short_desc , recipe_type, difficulty_level, TIP1 ,TIP2 ,TIP3, prep_time, cook_time, cuisine_id) VALUES ('Chinese Dim Sum: Har Gow (Shrimp Dumplings)', 'Delicate and translucent shrimp dumplings with a thin wrapper, served steamed and dipped in soy sauce.', 'gastronomy', '3', 'Use a combination of shrimp paste and chopped whole shrimp for the best texture.', 'Keep the dumpling wrappers covered with a damp cloth to prevent them from drying out.', 'Steam dumplings over high heat for a short amount of time to maintain their delicate texture.', '00:45:00', '00:10:00', 16);
INSERT INTO requires (recipe_id, ingredient_id, quantity, num_units, main_ingredient) VALUES (30, 7, '1 1/2 cups', 389, 0);
INSERT INTO requires (recipe_id, ingredient_id, quantity, num_units, main_ingredient) VALUES (30, 139, '1 tsp', 477, 0);
INSERT INTO requires (recipe_id, ingredient_id, quantity, num_units, main_ingredient) VALUES (30, 6, '1/4 tsp', 343, 0);
INSERT INTO Ingredients (food_group_id, name, calories_per_100_units) VALUES (4, 'Unsalted Butter (Room Temperature)', 717);
INSERT INTO requires (recipe_id, ingredient_id, quantity, num_units, main_ingredient) VALUES (30, 159, '1/2 cup', 412, 0);
INSERT INTO requires (recipe_id, ingredient_id, quantity, num_units, main_ingredient) VALUES (30, 13, '1 cup', 345, 0);
INSERT INTO requires (recipe_id, ingredient_id, quantity, num_units, main_ingredient) VALUES (30, 3, '4', 476, 0);
INSERT INTO requires (recipe_id, ingredient_id, quantity, num_units, main_ingredient) VALUES (30, 15, '2 tsp', 378, 0);
INSERT INTO Ingredients (food_group_id, name, calories_per_100_units) VALUES (4, 'Evaporated Milk', 81);
INSERT INTO requires (recipe_id, ingredient_id, quantity, num_units, main_ingredient) VALUES (30, 160, '1 cup', 441, 0);
INSERT INTO Ingredients (food_group_id, name, calories_per_100_units) VALUES (4, 'Sweetened Condensed Milk', 321);
INSERT INTO requires (recipe_id, ingredient_id, quantity, num_units, main_ingredient) VALUES (30, 161, '1 cup', 240, 1);
INSERT INTO requires (recipe_id, ingredient_id, quantity, num_units, main_ingredient) VALUES (30, 27, '1 cup', 329, 0);
INSERT INTO Ingredients (food_group_id, name, calories_per_100_units) VALUES (4, 'Whipped Cream (For Topping)', 340);
INSERT INTO requires (recipe_id, ingredient_id, quantity, num_units, main_ingredient) VALUES (30, 162, 'For serving', 328, 0);
INSERT INTO Ingredients (food_group_id, name, calories_per_100_units) VALUES (2, 'Fresh Berries (For Topping)', 30);
INSERT INTO requires (recipe_id, ingredient_id, quantity, num_units, main_ingredient) VALUES (30, 163, 'For serving', 320, 0);
INSERT INTO Themes (name,descr) VALUES ('Latin American Treats', 'N/A');
INSERT INTO recipe_theme (recipe_id, theme_id) VALUES (30, 24);
INSERT INTO Steps (recipe_id, step_number, step_desc) VALUES (30, 1, 'Preheat oven to 180°C (350°F). Grease and flour a 9x13-inch baking dish.');
INSERT INTO Steps (recipe_id, step_number, step_desc) VALUES (30, 2, 'In a bowl, whisk together all-purpose flour, baking powder, and salt. Set aside.');
INSERT INTO Steps (recipe_id, step_number, step_desc) VALUES (30, 3, 'In a separate bowl, cream together unsalted butter and granulated sugar until light and fluffy.');
INSERT INTO Steps (recipe_id, step_number, step_desc) VALUES (30, 4, 'Add eggs one at a time, beating well after each addition. Stir in vanilla extract.');
INSERT INTO Steps (recipe_id, step_number, step_desc) VALUES (30, 5, 'Gradually add the flour mixture to the wet ingredients, mixing until just combined.');
INSERT INTO Steps (recipe_id, step_number, step_desc) VALUES (30, 6, 'Pour the batter into the prepared baking dish and spread it out evenly.');
INSERT INTO Steps (recipe_id, step_number, step_desc) VALUES (30, 7, 'Bake for 25-30 minutes until a toothpick inserted into the center comes out clean.');
INSERT INTO Steps (recipe_id, step_number, step_desc) VALUES (30, 8, 'While the cake is still warm, poke holes all over the surface with a fork.');
INSERT INTO Steps (recipe_id, step_number, step_desc) VALUES (30, 9, 'In a bowl, whisk together evaporated milk, sweetened condensed milk, and heavy cream.');
INSERT INTO Steps (recipe_id, step_number, step_desc) VALUES (30, 10, 'Slowly pour the milk mixture over the warm cake, allowing it to soak in.');
INSERT INTO Steps (recipe_id, step_number, step_desc) VALUES (30, 11, 'Cover and refrigerate the cake for several hours, or overnight, to allow the flavors to meld.');
INSERT INTO Steps (recipe_id, step_number, step_desc) VALUES (30, 12, 'Before serving, top with whipped cream and fresh berries.');
INSERT INTO Quantities (recipe_id, quantity) VALUES (30, 8);
INSERT INTO recipe_tags (recipe_id, tag_id) VALUES (30, 35);
INSERT INTO Tags (tag_name) VALUES ('cake-lover');
INSERT INTO recipe_tags (recipe_id, tag_id) VALUES (30, 54);
INSERT INTO recipe_tags (recipe_id, tag_id) VALUES (30, 14);
INSERT INTO recipe_meal (recipe_id, meal_id) VALUES (30, 3);
INSERT INTO Kitchenware (name,usage_desc) VALUES ('9x13-inch Baking Dish', 'For baking the cake');
INSERT INTO kitchenware_for_recipe (recipe_id, kitchenware_id) VALUES (30, 47);
INSERT INTO Kitchenware (name,usage_desc) VALUES ('Mixing Bowls', 'For mixing cake batter and milk mixture');
INSERT INTO kitchenware_for_recipe (recipe_id, kitchenware_id) VALUES (30, 48);
INSERT INTO kitchenware_for_recipe (recipe_id, kitchenware_id) VALUES (30, 48);
INSERT INTO dietaryinfo (recipe_id, fat_content, protein_content, hydrocarbon_content) VALUES (30, 22, 10, 61);
INSERT INTO Recipes (name, short_desc , recipe_type, difficulty_level, TIP1 ,TIP2 ,TIP3, prep_time, cook_time, cuisine_id) VALUES ('Mexican Tres Leches Cake', 'Decadent sponge cake soaked in a mixture of three milks (evaporated milk, condensed milk, and heavy cream), topped with whipped cream and fresh berries.', 'pastry', '2', 'Poke holes in the cake with a fork before pouring the milk mixture for better absorption.', 'Let the cake chill in the refrigerator for several hours, or overnight, to allow the flavors to meld.', 'Top with whipped cream and berries just before serving for a beautiful presentation.', '00:20:00', '00:30:00', 11);
INSERT INTO Ingredients (food_group_id, name, calories_per_100_units) VALUES (7, 'Chicken Breast (Sliced)', 165);
INSERT INTO requires (recipe_id, ingredient_id, quantity, num_units, main_ingredient) VALUES (31, 164, '500g', 277, 1);
INSERT INTO requires (recipe_id, ingredient_id, quantity, num_units, main_ingredient) VALUES (31, 65, '2 cups', 232, 0);
INSERT INTO Ingredients (food_group_id, name, calories_per_100_units) VALUES (11, 'Green Curry Paste', 240);
INSERT INTO requires (recipe_id, ingredient_id, quantity, num_units, main_ingredient) VALUES (31, 165, '1/4 cup', 406, 0);
INSERT INTO requires (recipe_id, ingredient_id, quantity, num_units, main_ingredient) VALUES (31, 77, '2 tbsp', 343, 0);
INSERT INTO requires (recipe_id, ingredient_id, quantity, num_units, main_ingredient) VALUES (31, 74, '2 tbsp', 208, 0);
INSERT INTO Ingredients (food_group_id, name, calories_per_100_units) VALUES (11, 'Palm Sugar', 375);
INSERT INTO requires (recipe_id, ingredient_id, quantity, num_units, main_ingredient) VALUES (31, 166, '2 tbsp', 476, 0);
INSERT INTO Ingredients (food_group_id, name, calories_per_100_units) VALUES (1, 'Thai Basil Leaves', 23);
INSERT INTO requires (recipe_id, ingredient_id, quantity, num_units, main_ingredient) VALUES (31, 167, '1/2 cup', 291, 0);
INSERT INTO Ingredients (food_group_id, name, calories_per_100_units) VALUES (1, 'Kaffir Lime Leaves', 43);
INSERT INTO requires (recipe_id, ingredient_id, quantity, num_units, main_ingredient) VALUES (31, 168, '4', 397, 0);
INSERT INTO Ingredients (food_group_id, name, calories_per_100_units) VALUES (1, 'Green Beans (Trimmed and Cut into Bite-sized Pieces)', 31);
INSERT INTO requires (recipe_id, ingredient_id, quantity, num_units, main_ingredient) VALUES (31, 169, '1 cup', 288, 0);
INSERT INTO Ingredients (food_group_id, name, calories_per_100_units) VALUES (1, 'Thai Eggplant (Quartered)', 24);
INSERT INTO requires (recipe_id, ingredient_id, quantity, num_units, main_ingredient) VALUES (31, 170, '2', 299, 0);
INSERT INTO Ingredients (food_group_id, name, calories_per_100_units) VALUES (1, 'Red Chili Peppers (Sliced)', 40);
INSERT INTO requires (recipe_id, ingredient_id, quantity, num_units, main_ingredient) VALUES (31, 171, '2', 315, 0);
INSERT INTO requires (recipe_id, ingredient_id, quantity, num_units, main_ingredient) VALUES (31, 6, 'To taste', 208, 0);
INSERT INTO Themes (name,descr) VALUES ('Exotic Flavors', 'N/A');
INSERT INTO recipe_theme (recipe_id, theme_id) VALUES (31, 20);
INSERT INTO Steps (recipe_id, step_number, step_desc) VALUES (31, 1, 'In a wok or large skillet, heat vegetable oil over medium heat.');
INSERT INTO Steps (recipe_id, step_number, step_desc) VALUES (31, 2, 'Add green curry paste to the hot oil and stir-fry for a minute until fragrant.');
INSERT INTO Steps (recipe_id, step_number, step_desc) VALUES (31, 3, 'Add sliced chicken breast to the wok and cook until lightly browned on all sides.');
INSERT INTO Steps (recipe_id, step_number, step_desc) VALUES (31, 4, 'Pour in coconut milk and stir to combine with the curry paste. Bring to a gentle simmer.');
INSERT INTO Steps (recipe_id, step_number, step_desc) VALUES (31, 5, 'Add fish sauce and palm sugar, and stir until the sugar is dissolved.');
INSERT INTO Steps (recipe_id, step_number, step_desc) VALUES (31, 6, 'Add kaffir lime leaves, Thai basil leaves, green beans, Thai eggplant, and sliced red chili peppers to the curry.');
INSERT INTO Steps (recipe_id, step_number, step_desc) VALUES (31, 7, 'Simmer for 15-20 minutes until the chicken is cooked through and the vegetables are tender.');
INSERT INTO Steps (recipe_id, step_number, step_desc) VALUES (31, 8, 'Taste and adjust seasoning with salt if necessary.');
INSERT INTO Steps (recipe_id, step_number, step_desc) VALUES (31, 9, 'Remove from heat and discard kaffir lime leaves.');
INSERT INTO Steps (recipe_id, step_number, step_desc) VALUES (31, 10, 'Serve hot with steamed jasmine rice.');
INSERT INTO Quantities (recipe_id, quantity) VALUES (31, 4);
INSERT INTO recipe_tags (recipe_id, tag_id) VALUES (31, 30);
INSERT INTO Tags (tag_name) VALUES ('curry-lover');
INSERT INTO recipe_tags (recipe_id, tag_id) VALUES (31, 55);
INSERT INTO recipe_tags (recipe_id, tag_id) VALUES (31, 11);
INSERT INTO recipe_meal (recipe_id, meal_id) VALUES (31, 5);
INSERT INTO recipe_meal (recipe_id, meal_id) VALUES (31, 1);
INSERT INTO kitchenware_for_recipe (recipe_id, kitchenware_id) VALUES (31, 48);
INSERT INTO kitchenware_for_recipe (recipe_id, kitchenware_id) VALUES (31, 48);
INSERT INTO Kitchenware (name,usage_desc) VALUES ('Knife', 'For slicing chicken and vegetables');
INSERT INTO kitchenware_for_recipe (recipe_id, kitchenware_id) VALUES (31, 49);
INSERT INTO dietaryinfo (recipe_id, fat_content, protein_content, hydrocarbon_content) VALUES (31, 30, 23, 44);
INSERT INTO Recipes (name, short_desc , recipe_type, difficulty_level, TIP1 ,TIP2 ,TIP3, prep_time, cook_time, cuisine_id) VALUES ('Thai Green Curry', 'Fragrant and spicy Thai curry made with green curry paste, coconut milk, tender chicken, and vegetables, served with steamed jasmine rice.', 'gastronomy', '3', 'Use fresh ingredients for the green curry paste for the most authentic flavor.', 'Add vegetables of your choice such as eggplant, bell peppers, and bamboo shoots for variety and texture.', 'Simmer the curry gently to allow flavors to meld and develop.', '00:20:00', '00:30:00', 8);
INSERT INTO Ingredients (food_group_id, name, calories_per_100_units) VALUES (9, 'Shrimp (Peeled and Deveined, Tails Intact)', 99);
INSERT INTO requires (recipe_id, ingredient_id, quantity, num_units, main_ingredient) VALUES (32, 172, '12', 481, 1);
INSERT INTO Ingredients (food_group_id, name, calories_per_100_units) VALUES (1, 'Assorted Vegetables (Such as Sweet Potato, Zucchini, and Bell Pepper)', 27);
INSERT INTO requires (recipe_id, ingredient_id, quantity, num_units, main_ingredient) VALUES (32, 173, '2 cups', 450, 0);
INSERT INTO requires (recipe_id, ingredient_id, quantity, num_units, main_ingredient) VALUES (32, 7, '1 cup', 245, 0);
INSERT INTO requires (recipe_id, ingredient_id, quantity, num_units, main_ingredient) VALUES (32, 88, '1/2 cup', 324, 0);
INSERT INTO requires (recipe_id, ingredient_id, quantity, num_units, main_ingredient) VALUES (32, 139, '1 tsp', 365, 0);
INSERT INTO requires (recipe_id, ingredient_id, quantity, num_units, main_ingredient) VALUES (32, 34, '2', 437, 0);
INSERT INTO Ingredients (food_group_id, name, calories_per_100_units) VALUES (11, 'Ice Water', 0);
INSERT INTO requires (recipe_id, ingredient_id, quantity, num_units, main_ingredient) VALUES (32, 174, '1 cup', 495, 0);
INSERT INTO Ingredients (food_group_id, name, calories_per_100_units) VALUES (10, 'Vegetable Oil (For Frying)', 884);
INSERT INTO requires (recipe_id, ingredient_id, quantity, num_units, main_ingredient) VALUES (32, 175, 'For frying', 293, 0);
INSERT INTO Ingredients (food_group_id, name, calories_per_100_units) VALUES (11, 'Dipping Sauce (Such as Tentsuyu)', 10);
INSERT INTO requires (recipe_id, ingredient_id, quantity, num_units, main_ingredient) VALUES (32, 176, 'For serving', 218, 0);
INSERT INTO Ingredients (food_group_id, name, calories_per_100_units) VALUES (1, 'Grated Daikon Radish (For Serving)', 18);
INSERT INTO requires (recipe_id, ingredient_id, quantity, num_units, main_ingredient) VALUES (32, 177, 'For serving', 316, 0);
INSERT INTO Ingredients (food_group_id, name, calories_per_100_units) VALUES (11, 'Tempura Sauce', 25);
INSERT INTO requires (recipe_id, ingredient_id, quantity, num_units, main_ingredient) VALUES (32, 178, 'For serving', 393, 0);
INSERT INTO Themes (name,descr) VALUES ('Asian Fusion', 'N/A');
INSERT INTO recipe_theme (recipe_id, theme_id) VALUES (32, 23);
INSERT INTO Steps (recipe_id, step_number, step_desc) VALUES (32, 1, 'Prepare the dipping sauce by combining tentsuyu or other dipping sauce ingredients in a small bowl. Set aside.');
INSERT INTO Steps (recipe_id, step_number, step_desc) VALUES (32, 2, 'Peel and devein shrimp, leaving tails intact. Prepare assorted vegetables by cutting them into bite-sized pieces.');
INSERT INTO Steps (recipe_id, step_number, step_desc) VALUES (32, 3, 'In a mixing bowl, combine all-purpose flour, cornstarch, and baking powder.');
INSERT INTO Steps (recipe_id, step_number, step_desc) VALUES (32, 4, 'In a separate bowl, lightly beat egg yolks and ice water.');
INSERT INTO Steps (recipe_id, step_number, step_desc) VALUES (32, 5, 'Gradually add the egg yolk mixture to the dry ingredients, stirring until just combined. Do not overmix; the batter should be lumpy.');
INSERT INTO Steps (recipe_id, step_number, step_desc) VALUES (32, 6, 'Heat vegetable oil in a deep pot or fryer to 180°C (350°F).');
INSERT INTO Steps (recipe_id, step_number, step_desc) VALUES (32, 7, 'Dip shrimp and vegetables into the batter, shaking off any excess, and carefully place them in the hot oil.');
INSERT INTO Steps (recipe_id, step_number, step_desc) VALUES (32, 8, 'Fry in batches for 2-3 minutes until golden brown and crispy.');
INSERT INTO Steps (recipe_id, step_number, step_desc) VALUES (32, 9, 'Use a slotted spoon to remove tempura from the oil and drain on paper towels.');
INSERT INTO Steps (recipe_id, step_number, step_desc) VALUES (32, 10, 'Serve hot with dipping sauce and grated daikon radish.');
INSERT INTO Quantities (recipe_id, quantity) VALUES (32, 4);
INSERT INTO recipe_tags (recipe_id, tag_id) VALUES (32, 17);
INSERT INTO recipe_tags (recipe_id, tag_id) VALUES (32, 19);
INSERT INTO recipe_tags (recipe_id, tag_id) VALUES (32, 49);
INSERT INTO recipe_meal (recipe_id, meal_id) VALUES (32, 6);
INSERT INTO meals (name) VALUES ('Main Course');
INSERT INTO recipe_meal (recipe_id, meal_id) VALUES (32, 11);
INSERT INTO Kitchenware (name,usage_desc) VALUES ('Deep Pot or Fryer', 'For frying tempura');
INSERT INTO kitchenware_for_recipe (recipe_id, kitchenware_id) VALUES (32, 50);
INSERT INTO kitchenware_for_recipe (recipe_id, kitchenware_id) VALUES (32, 50);
INSERT INTO Kitchenware (name,usage_desc) VALUES ('Slotted Spoon', 'For removing tempura from oil');
INSERT INTO kitchenware_for_recipe (recipe_id, kitchenware_id) VALUES (32, 51);
INSERT INTO dietaryinfo (recipe_id, fat_content, protein_content, hydrocarbon_content) VALUES (32, 19, 11, 69);
INSERT INTO Recipes (name, short_desc , recipe_type, difficulty_level, TIP1 ,TIP2 ,TIP3, prep_time, cook_time, cuisine_id) VALUES ('Japanese Tempura', 'Light and crispy Japanese dish consisting of battered and deep-fried seafood, vegetables, and shrimp, served with dipping sauce and grated daikon radish.', 'gastronomy', '4', 'Keep the batter ice-cold to ensure a light and crispy texture.', 'Do not overcrowd the frying pot to maintain the oil temperature.', 'Serve tempura immediately after frying for the best texture and flavor.', '00:30:00', '00:20:00', 5);
INSERT INTO Ingredients (food_group_id, name, calories_per_100_units) VALUES (7, 'Chicken Thighs (Boneless, Skinless, Cubed)', 177);
INSERT INTO requires (recipe_id, ingredient_id, quantity, num_units, main_ingredient) VALUES (33, 179, '600g', 386, 1);
INSERT INTO requires (recipe_id, ingredient_id, quantity, num_units, main_ingredient) VALUES (33, 102, '1/2 cup', 333, 0);
INSERT INTO Ingredients (food_group_id, name, calories_per_100_units) VALUES (11, 'Ginger-Garlic Paste', 100);
INSERT INTO requires (recipe_id, ingredient_id, quantity, num_units, main_ingredient) VALUES (33, 180, '2 tbsp', 397, 0);
INSERT INTO requires (recipe_id, ingredient_id, quantity, num_units, main_ingredient) VALUES (33, 23, '2 tsp', 384, 0);
INSERT INTO requires (recipe_id, ingredient_id, quantity, num_units, main_ingredient) VALUES (33, 24, '1 tsp', 316, 0);
INSERT INTO requires (recipe_id, ingredient_id, quantity, num_units, main_ingredient) VALUES (33, 138, '1 tsp', 314, 0);
INSERT INTO Ingredients (food_group_id, name, calories_per_100_units) VALUES (11, 'Kashmiri Red Chili Powder', 55);
INSERT INTO requires (recipe_id, ingredient_id, quantity, num_units, main_ingredient) VALUES (33, 181, '1 tsp', 274, 0);
INSERT INTO Ingredients (food_group_id, name, calories_per_100_units) VALUES (11, 'Turmeric Powder', 29);
INSERT INTO requires (recipe_id, ingredient_id, quantity, num_units, main_ingredient) VALUES (33, 182, '1/2 tsp', 415, 0);
INSERT INTO requires (recipe_id, ingredient_id, quantity, num_units, main_ingredient) VALUES (33, 6, 'To taste', 373, 0);
INSERT INTO Ingredients (food_group_id, name, calories_per_100_units) VALUES (4, 'Ghee or Butter', 717);
INSERT INTO requires (recipe_id, ingredient_id, quantity, num_units, main_ingredient) VALUES (33, 183, '4 tbsp', 378, 0);
INSERT INTO Ingredients (food_group_id, name, calories_per_100_units) VALUES (1, 'Onion (Finely Chopped)', 40);
INSERT INTO requires (recipe_id, ingredient_id, quantity, num_units, main_ingredient) VALUES (33, 184, '1', 281, 0);
INSERT INTO Ingredients (food_group_id, name, calories_per_100_units) VALUES (1, 'Tomato Puree', 32);
INSERT INTO requires (recipe_id, ingredient_id, quantity, num_units, main_ingredient) VALUES (33, 185, '1 cup', 480, 0);
INSERT INTO requires (recipe_id, ingredient_id, quantity, num_units, main_ingredient) VALUES (33, 27, '1/4 cup', 469, 0);
INSERT INTO Ingredients (food_group_id, name, calories_per_100_units) VALUES (11, 'Kasuri Methi (Dried Fenugreek Leaves)', 323);
INSERT INTO requires (recipe_id, ingredient_id, quantity, num_units, main_ingredient) VALUES (33, 186, '1 tbsp', 319, 0);
INSERT INTO Ingredients (food_group_id, name, calories_per_100_units) VALUES (1, 'Fresh Coriander Leaves (Chopped)', 23);
INSERT INTO requires (recipe_id, ingredient_id, quantity, num_units, main_ingredient) VALUES (33, 187, 'For garnish', 216, 0);
INSERT INTO Ingredients (food_group_id, name, calories_per_100_units) VALUES (3, 'Cooked Basmati Rice', 364);
INSERT INTO requires (recipe_id, ingredient_id, quantity, num_units, main_ingredient) VALUES (33, 188, 'For serving', 492, 0);
INSERT INTO Themes (name,descr) VALUES ('Exotic Flavors', 'N/A');
INSERT INTO recipe_theme (recipe_id, theme_id) VALUES (33, 20);
INSERT INTO Steps (recipe_id, step_number, step_desc) VALUES (33, 1, 'In a bowl, combine cubed chicken thighs with yogurt, ginger-garlic paste, garam masala, ground cumin, ground coriander, Kashmiri red chili powder, turmeric powder, and salt. Mix well and marinate for 30 minutes.');
INSERT INTO Steps (recipe_id, step_number, step_desc) VALUES (33, 2, 'Heat ghee or butter in a skillet over medium heat. Add chopped onion and sauté until golden brown.');
INSERT INTO Steps (recipe_id, step_number, step_desc) VALUES (33, 3, 'Add marinated chicken to the skillet and cook until lightly browned on all sides.');
INSERT INTO Steps (recipe_id, step_number, step_desc) VALUES (33, 4, 'Stir in tomato puree and cook for a few minutes until the raw flavor disappears.');
INSERT INTO Steps (recipe_id, step_number, step_desc) VALUES (33, 5, 'Reduce heat to low and simmer the chicken in the sauce for 15-20 minutes until cooked through and the sauce thickens.');
INSERT INTO Steps (recipe_id, step_number, step_desc) VALUES (33, 6, 'Add heavy cream and kasuri methi to the skillet, stirring to combine. Simmer for an additional 5 minutes.');
INSERT INTO Steps (recipe_id, step_number, step_desc) VALUES (33, 7, 'Taste and adjust seasoning if necessary. Garnish with chopped fresh coriander leaves.');
INSERT INTO Steps (recipe_id, step_number, step_desc) VALUES (33, 8, 'Serve hot with cooked basmati rice.');
INSERT INTO Quantities (recipe_id, quantity) VALUES (33, 4);
INSERT INTO recipe_tags (recipe_id, tag_id) VALUES (33, 37);
INSERT INTO recipe_tags (recipe_id, tag_id) VALUES (33, 12);
INSERT INTO recipe_tags (recipe_id, tag_id) VALUES (33, 11);
INSERT INTO recipe_meal (recipe_id, meal_id) VALUES (33, 1);
INSERT INTO kitchenware_for_recipe (recipe_id, kitchenware_id) VALUES (33, 51);
INSERT INTO kitchenware_for_recipe (recipe_id, kitchenware_id) VALUES (33, 51);
INSERT INTO kitchenware_for_recipe (recipe_id, kitchenware_id) VALUES (33, 51);
INSERT INTO dietaryinfo (recipe_id, fat_content, protein_content, hydrocarbon_content) VALUES (33, 29, 30, 41);
INSERT INTO Recipes (name, short_desc , recipe_type, difficulty_level, TIP1 ,TIP2 ,TIP3, prep_time, cook_time, cuisine_id) VALUES ('Indian Butter Chicken (Murgh Makhani)', 'Creamy and aromatic Indian chicken dish cooked in a rich tomato and butter sauce, flavored with Indian spices.', 'gastronomy', '3', 'Marinate chicken in yogurt and spices for at least 30 minutes for maximum flavor.', 'Use ghee (clarified butter) for authentic flavor, but regular butter can also be used.', 'Finish the dish with a drizzle of heavy cream for added richness and creaminess.', '00:30:00', '00:40:00', 4);
INSERT INTO Ingredients (food_group_id, name, calories_per_100_units) VALUES (5, 'Black Beans (Soaked Overnight)', 341);
INSERT INTO requires (recipe_id, ingredient_id, quantity, num_units, main_ingredient) VALUES (34, 189, '500g', 243, 0);
INSERT INTO Ingredients (food_group_id, name, calories_per_100_units) VALUES (6, 'Pork Shoulder (Cubed)', 250);
INSERT INTO requires (recipe_id, ingredient_id, quantity, num_units, main_ingredient) VALUES (34, 190, '500g', 382, 1);
INSERT INTO Ingredients (food_group_id, name, calories_per_100_units) VALUES (6, 'Smoked Sausage (Sliced)', 267);
INSERT INTO requires (recipe_id, ingredient_id, quantity, num_units, main_ingredient) VALUES (34, 191, '300g', 269, 0);
INSERT INTO Ingredients (food_group_id, name, calories_per_100_units) VALUES (6, 'Bacon (Chopped)', 541);
INSERT INTO requires (recipe_id, ingredient_id, quantity, num_units, main_ingredient) VALUES (34, 192, '200g', 260, 0);
INSERT INTO Ingredients (food_group_id, name, calories_per_100_units) VALUES (6, 'Ham Hock', 290);
INSERT INTO requires (recipe_id, ingredient_id, quantity, num_units, main_ingredient) VALUES (34, 193, '1', 402, 0);
INSERT INTO Ingredients (food_group_id, name, calories_per_100_units) VALUES (1, 'Onion (Chopped)', 40);
INSERT INTO requires (recipe_id, ingredient_id, quantity, num_units, main_ingredient) VALUES (34, 194, '1', 467, 0);
INSERT INTO requires (recipe_id, ingredient_id, quantity, num_units, main_ingredient) VALUES (34, 154, '4 cloves', 292, 0);
INSERT INTO Ingredients (food_group_id, name, calories_per_100_units) VALUES (11, 'Bay Leaves', 0);
INSERT INTO requires (recipe_id, ingredient_id, quantity, num_units, main_ingredient) VALUES (34, 195, '2', 426, 0);
INSERT INTO requires (recipe_id, ingredient_id, quantity, num_units, main_ingredient) VALUES (34, 24, '1 tsp', 329, 0);
INSERT INTO Ingredients (food_group_id, name, calories_per_100_units) VALUES (11, 'Smoked Paprika', 17);
INSERT INTO requires (recipe_id, ingredient_id, quantity, num_units, main_ingredient) VALUES (34, 196, '1 tsp', 313, 0);
INSERT INTO requires (recipe_id, ingredient_id, quantity, num_units, main_ingredient) VALUES (34, 6, 'To taste', 487, 0);
INSERT INTO Ingredients (food_group_id, name, calories_per_100_units) VALUES (3, 'Cooked Rice', 364);
INSERT INTO requires (recipe_id, ingredient_id, quantity, num_units, main_ingredient) VALUES (34, 197, 'For serving', 358, 0);
INSERT INTO Ingredients (food_group_id, name, calories_per_100_units) VALUES (1, 'Collard Greens (Chopped)', 33);
INSERT INTO requires (recipe_id, ingredient_id, quantity, num_units, main_ingredient) VALUES (34, 198, 'For serving', 305, 0);
INSERT INTO Ingredients (food_group_id, name, calories_per_100_units) VALUES (3, 'Farofa (Toasted Cassava Flour)', 365);
INSERT INTO requires (recipe_id, ingredient_id, quantity, num_units, main_ingredient) VALUES (34, 199, 'For serving', 445, 0);
INSERT INTO Ingredients (food_group_id, name, calories_per_100_units) VALUES (2, 'Orange Slices', 43);
INSERT INTO requires (recipe_id, ingredient_id, quantity, num_units, main_ingredient) VALUES (34, 200, 'For serving', 488, 0);
INSERT INTO Themes (name,descr) VALUES ('Latin American Treats', 'N/A');
INSERT INTO recipe_theme (recipe_id, theme_id) VALUES (34, 24);
INSERT INTO Steps (recipe_id, step_number, step_desc) VALUES (34, 1, 'In a large pot, combine soaked black beans, cubed pork shoulder, sliced smoked sausage, chopped bacon, ham hock, chopped onion, minced garlic, bay leaves, ground cumin, smoked paprika, and salt.');
INSERT INTO Steps (recipe_id, step_number, step_desc) VALUES (34, 2, 'Cover with water and bring to a boil. Reduce heat to low and simmer, partially covered, for 2-3 hours until the beans and meats are tender and flavorful.');
INSERT INTO Steps (recipe_id, step_number, step_desc) VALUES (34, 3, 'Remove ham hock from the pot and shred the meat, discarding any bones and skin. Return the shredded meat to the pot and stir to combine.');
INSERT INTO Steps (recipe_id, step_number, step_desc) VALUES (34, 4, 'Taste and adjust seasoning if necessary. Remove bay leaves before serving.');
INSERT INTO Steps (recipe_id, step_number, step_desc) VALUES (34, 5, 'Serve feijoada hot with cooked rice, chopped collard greens, farofa, and orange slices.');
INSERT INTO Quantities (recipe_id, quantity) VALUES (34, 6);
INSERT INTO Tags (tag_name) VALUES ('brazilian-food');
INSERT INTO recipe_tags (recipe_id, tag_id) VALUES (34, 56);
INSERT INTO Tags (tag_name) VALUES ('meat-lover');
INSERT INTO recipe_tags (recipe_id, tag_id) VALUES (34, 57);
INSERT INTO recipe_tags (recipe_id, tag_id) VALUES (34, 22);
INSERT INTO recipe_meal (recipe_id, meal_id) VALUES (34, 5);
INSERT INTO recipe_meal (recipe_id, meal_id) VALUES (34, 1);
INSERT INTO kitchenware_for_recipe (recipe_id, kitchenware_id) VALUES (34, 51);
INSERT INTO kitchenware_for_recipe (recipe_id, kitchenware_id) VALUES (34, 51);
INSERT INTO Kitchenware (name,usage_desc) VALUES ('Serving Bowls', 'For serving feijoada and accompaniments');
INSERT INTO kitchenware_for_recipe (recipe_id, kitchenware_id) VALUES (34, 52);
INSERT INTO Cuisines (country_name) VALUES ('Brazilian');
INSERT INTO dietaryinfo (recipe_id, fat_content, protein_content, hydrocarbon_content) VALUES (34, 15, 27, 49);
INSERT INTO Recipes (name, short_desc , recipe_type, difficulty_level, TIP1 ,TIP2 ,TIP3, prep_time, cook_time, cuisine_id) VALUES ('Brazilian Feijoada', 'Hearty and flavorful Brazilian stew made with black beans, pork, sausage, and various smoked meats, served with rice, collard greens, and orange slices.', 'gastronomy', '4', 'Soak black beans overnight to reduce cooking time and ensure even cooking.', 'Use a variety of meats such as pork shoulder, smoked sausage, bacon, and ham hock for depth of flavor.', 'Serve feijoada with traditional accompaniments like rice, collard greens, farofa (toasted cassava flour), and orange slices.', '00:12:00', '00:3:00', 17);
INSERT INTO Ingredients (food_group_id, name, calories_per_100_units) VALUES (3, 'Glutinous Rice (Soaked Overnight)', 364);
INSERT INTO requires (recipe_id, ingredient_id, quantity, num_units, main_ingredient) VALUES (35, 201, '1 cup', 408, 0);
INSERT INTO Ingredients (food_group_id, name, calories_per_100_units) VALUES (10, 'Coconut Milk (Divided)', 230);
INSERT INTO requires (recipe_id, ingredient_id, quantity, num_units, main_ingredient) VALUES (35, 202, '1 1/2 cups', 457, 0);
INSERT INTO requires (recipe_id, ingredient_id, quantity, num_units, main_ingredient) VALUES (35, 9, '1/2 cup', 386, 0);
INSERT INTO requires (recipe_id, ingredient_id, quantity, num_units, main_ingredient) VALUES (35, 6, '1/4 tsp', 328, 0);
INSERT INTO Ingredients (food_group_id, name, calories_per_100_units) VALUES (2, 'Ripe Mangoes (Peeled and Sliced)', 60);
INSERT INTO requires (recipe_id, ingredient_id, quantity, num_units, main_ingredient) VALUES (35, 203, '2', 213, 1);
INSERT INTO requires (recipe_id, ingredient_id, quantity, num_units, main_ingredient) VALUES (35, 88, '1 tbsp', 202, 0);
INSERT INTO Ingredients (food_group_id, name, calories_per_100_units) VALUES (11, 'Toasted Sesame Seeds (For Garnish)', 573);
INSERT INTO requires (recipe_id, ingredient_id, quantity, num_units, main_ingredient) VALUES (35, 204, 'For garnish', 406, 0);
INSERT INTO Themes (name,descr) VALUES ('Exotic Flavors', 'N/A');
INSERT INTO recipe_theme (recipe_id, theme_id) VALUES (35, 20);
INSERT INTO Steps (recipe_id, step_number, step_desc) VALUES (35, 1, 'Rinse soaked glutinous rice until the water runs clear. Drain well.');
INSERT INTO Steps (recipe_id, step_number, step_desc) VALUES (35, 2, 'In a steamer basket lined with cheesecloth, steam the glutinous rice over boiling water for 20-25 minutes until tender and cooked through.');
INSERT INTO Steps (recipe_id, step_number, step_desc) VALUES (35, 3, 'In a saucepan, combine half of the coconut milk with sugar and salt. Heat gently until the sugar dissolves.');
INSERT INTO Steps (recipe_id, step_number, step_desc) VALUES (35, 4, 'Pour the coconut milk mixture over the cooked glutinous rice and let it soak for 30 minutes.');
INSERT INTO Steps (recipe_id, step_number, step_desc) VALUES (35, 5, 'Meanwhile, prepare the coconut sauce by heating the remaining coconut milk in a saucepan. Mix cornstarch with a little water to make a slurry, then add it to the coconut milk. Cook until thickened.');
INSERT INTO Steps (recipe_id, step_number, step_desc) VALUES (35, 6, 'To serve, divide the sweet sticky rice among serving plates. Arrange sliced mangoes alongside and drizzle with coconut sauce.');
INSERT INTO Steps (recipe_id, step_number, step_desc) VALUES (35, 7, 'Sprinkle toasted sesame seeds over the top for garnish.');
INSERT INTO Steps (recipe_id, step_number, step_desc) VALUES (35, 8, 'Serve warm or at room temperature.');
INSERT INTO Quantities (recipe_id, quantity) VALUES (35, 4);
INSERT INTO recipe_tags (recipe_id, tag_id) VALUES (35, 30);
INSERT INTO recipe_tags (recipe_id, tag_id) VALUES (35, 28);
INSERT INTO recipe_tags (recipe_id, tag_id) VALUES (35, 14);
INSERT INTO recipe_meal (recipe_id, meal_id) VALUES (35, 3);
INSERT INTO kitchenware_for_recipe (recipe_id, kitchenware_id) VALUES (35, 52);
INSERT INTO kitchenware_for_recipe (recipe_id, kitchenware_id) VALUES (35, 52);
INSERT INTO Kitchenware (name,usage_desc) VALUES ('Serving Plates', 'For serving mango sticky rice');
INSERT INTO kitchenware_for_recipe (recipe_id, kitchenware_id) VALUES (35, 53);
INSERT INTO dietaryinfo (recipe_id, fat_content, protein_content, hydrocarbon_content) VALUES (35, 8, 2, 86);
INSERT INTO Recipes (name, short_desc , recipe_type, difficulty_level, TIP1 ,TIP2 ,TIP3, prep_time, cook_time, cuisine_id) VALUES ('Thai Mango Sticky Rice (Khao Niew Mamuang)', 'Classic Thai dessert featuring sweet sticky rice infused with coconut milk, served with ripe mango slices and a drizzle of coconut sauce.', 'pastry', '2', 'Use glutinous rice (also known as sticky rice or sweet rice) for the authentic texture.', 'Choose ripe and sweet mangoes for the best flavor and texture.', 'Warm the coconut sauce slightly before serving for a delightful contrast to the cool mango and sticky rice.', '00:8:00', '00:30:00', 8);
INSERT INTO requires (recipe_id, ingredient_id, quantity, num_units, main_ingredient) VALUES (36, 179, '300g', 344, 1);
INSERT INTO Ingredients (food_group_id, name, calories_per_100_units) VALUES (6, 'Chorizo Sausage (Sliced)', 455);
INSERT INTO requires (recipe_id, ingredient_id, quantity, num_units, main_ingredient) VALUES (36, 205, '200g', 500, 0);
INSERT INTO requires (recipe_id, ingredient_id, quantity, num_units, main_ingredient) VALUES (36, 150, '200g', 258, 0);
INSERT INTO Ingredients (food_group_id, name, calories_per_100_units) VALUES (9, 'Mussels (Cleaned and Debearded)', 172);
INSERT INTO requires (recipe_id, ingredient_id, quantity, num_units, main_ingredient) VALUES (36, 206, '200g', 365, 0);
INSERT INTO Ingredients (food_group_id, name, calories_per_100_units) VALUES (3, 'Calasparra Rice', 364);
INSERT INTO requires (recipe_id, ingredient_id, quantity, num_units, main_ingredient) VALUES (36, 207, '2 cups', 448, 0);
INSERT INTO Ingredients (food_group_id, name, calories_per_100_units) VALUES (11, 'Chicken Stock', 17);
INSERT INTO requires (recipe_id, ingredient_id, quantity, num_units, main_ingredient) VALUES (36, 208, '4 cups', 256, 0);
INSERT INTO Ingredients (food_group_id, name, calories_per_100_units) VALUES (11, 'Saffron Threads', 310);
INSERT INTO requires (recipe_id, ingredient_id, quantity, num_units, main_ingredient) VALUES (36, 209, '1/2 tsp', 393, 0);
INSERT INTO requires (recipe_id, ingredient_id, quantity, num_units, main_ingredient) VALUES (36, 114, '4 tbsp', 465, 0);
INSERT INTO requires (recipe_id, ingredient_id, quantity, num_units, main_ingredient) VALUES (36, 194, '1', 353, 0);
INSERT INTO Ingredients (food_group_id, name, calories_per_100_units) VALUES (1, 'Red Bell Pepper (Sliced)', 31);
INSERT INTO requires (recipe_id, ingredient_id, quantity, num_units, main_ingredient) VALUES (36, 210, '1', 290, 0);
INSERT INTO Ingredients (food_group_id, name, calories_per_100_units) VALUES (1, 'Green Peas', 81);
INSERT INTO requires (recipe_id, ingredient_id, quantity, num_units, main_ingredient) VALUES (36, 211, '1/2 cup', 348, 0);
INSERT INTO requires (recipe_id, ingredient_id, quantity, num_units, main_ingredient) VALUES (36, 154, '3 cloves', 355, 0);
INSERT INTO Ingredients (food_group_id, name, calories_per_100_units) VALUES (1, 'Tomato (Diced)', 18);
INSERT INTO requires (recipe_id, ingredient_id, quantity, num_units, main_ingredient) VALUES (36, 212, '1', 390, 0);
INSERT INTO requires (recipe_id, ingredient_id, quantity, num_units, main_ingredient) VALUES (36, 6, 'To taste', 351, 0);
INSERT INTO Ingredients (food_group_id, name, calories_per_100_units) VALUES (1, 'Fresh Parsley (Chopped, For Garnish)', 36);
INSERT INTO requires (recipe_id, ingredient_id, quantity, num_units, main_ingredient) VALUES (36, 213, 'For garnish', 315, 0);
INSERT INTO Themes (name,descr) VALUES ('Mediterranean Delights', 'N/A');
INSERT INTO recipe_theme (recipe_id, theme_id) VALUES (36, 17);
INSERT INTO Steps (recipe_id, step_number, step_desc) VALUES (36, 1, 'In a small bowl, steep saffron threads in a few tablespoons of warm chicken stock. Set aside.');
INSERT INTO Steps (recipe_id, step_number, step_desc) VALUES (36, 2, 'In a large paella pan or skillet, heat olive oil over medium heat. Add chicken thighs and chorizo sausage, and cook until browned.');
INSERT INTO Steps (recipe_id, step_number, step_desc) VALUES (36, 3, 'Add chopped onion, sliced red bell pepper, green peas, and minced garlic to the pan. Cook until vegetables are softened.');
INSERT INTO Steps (recipe_id, step_number, step_desc) VALUES (36, 4, 'Stir in diced tomato and Calasparra rice, coating the rice in the oil and vegetables.');
INSERT INTO Steps (recipe_id, step_number, step_desc) VALUES (36, 5, 'Add steeped saffron mixture to the pan, along with the remaining chicken stock. Season with salt to taste.');
INSERT INTO Steps (recipe_id, step_number, step_desc) VALUES (36, 6, 'Bring the mixture to a boil, then reduce heat to low and simmer, uncovered, for 20-25 minutes until the rice is cooked and most of the liquid is absorbed.');
INSERT INTO Steps (recipe_id, step_number, step_desc) VALUES (36, 7, 'Arrange shrimp and mussels on top of the paella, cover with a lid, and cook for an additional 5-7 minutes until the seafood is cooked through and the mussels have opened.');
INSERT INTO Steps (recipe_id, step_number, step_desc) VALUES (36, 8, 'Remove from heat and let the paella rest for a few minutes before serving.');
INSERT INTO Steps (recipe_id, step_number, step_desc) VALUES (36, 9, 'Garnish with chopped fresh parsley before serving.');
INSERT INTO Quantities (recipe_id, quantity) VALUES (36, 6);
INSERT INTO Tags (tag_name) VALUES ('spanish-food');
INSERT INTO recipe_tags (recipe_id, tag_id) VALUES (36, 58);
INSERT INTO recipe_tags (recipe_id, tag_id) VALUES (36, 19);
INSERT INTO Tags (tag_name) VALUES ('rice-dish');
INSERT INTO recipe_tags (recipe_id, tag_id) VALUES (36, 59);
INSERT INTO recipe_tags (recipe_id, tag_id) VALUES (36, 41);
INSERT INTO recipe_meal (recipe_id, meal_id) VALUES (36, 5);
INSERT INTO recipe_meal (recipe_id, meal_id) VALUES (36, 1);
INSERT INTO Kitchenware (name,usage_desc) VALUES ('Paella Pan or Skillet', 'For cooking paella');
INSERT INTO kitchenware_for_recipe (recipe_id, kitchenware_id) VALUES (36, 54);
INSERT INTO kitchenware_for_recipe (recipe_id, kitchenware_id) VALUES (36, 54);
INSERT INTO Kitchenware (name,usage_desc) VALUES ('Serving Spoon', 'For serving paella');
INSERT INTO kitchenware_for_recipe (recipe_id, kitchenware_id) VALUES (36, 55);
INSERT INTO dietaryinfo (recipe_id, fat_content, protein_content, hydrocarbon_content) VALUES (36, 22, 33, 45);
INSERT INTO Recipes (name, short_desc , recipe_type, difficulty_level, TIP1 ,TIP2 ,TIP3, prep_time, cook_time, cuisine_id) VALUES ('Spanish Paella', 'Vibrant Spanish rice dish cooked with saffron-infused broth, seafood, chicken, chorizo, and vegetables, served in a large paella pan.', 'gastronomy', '3', 'Use bomba or Calasparra rice for the best texture in paella.', 'Toast the rice in olive oil before adding the broth to enhance its nutty flavor.', 'Let the paella rest for a few minutes after cooking to allow the flavors to meld.', '00:20:00', '00:40:00', 6);
INSERT INTO Ingredients (food_group_id, name, calories_per_100_units) VALUES (3, 'Phyllo Dough (Thawed if Frozen)', 364);
INSERT INTO requires (recipe_id, ingredient_id, quantity, num_units, main_ingredient) VALUES (37, 214, '1 package', 318, 1);
INSERT INTO Ingredients (food_group_id, name, calories_per_100_units) VALUES (4, 'Unsalted Butter (Melted)', 717);
INSERT INTO requires (recipe_id, ingredient_id, quantity, num_units, main_ingredient) VALUES (37, 215, '1 cup', 438, 0);
INSERT INTO Ingredients (food_group_id, name, calories_per_100_units) VALUES (10, 'Pistachios (Chopped)', 562);
INSERT INTO requires (recipe_id, ingredient_id, quantity, num_units, main_ingredient) VALUES (37, 216, '1 cup', 448, 0);
INSERT INTO Ingredients (food_group_id, name, calories_per_100_units) VALUES (10, 'Walnuts (Chopped)', 654);
INSERT INTO requires (recipe_id, ingredient_id, quantity, num_units, main_ingredient) VALUES (37, 217, '1 cup', 357, 0);
INSERT INTO requires (recipe_id, ingredient_id, quantity, num_units, main_ingredient) VALUES (37, 13, '1 cup', 420, 0);
INSERT INTO requires (recipe_id, ingredient_id, quantity, num_units, main_ingredient) VALUES (37, 89, '1 cup', 499, 0);
INSERT INTO requires (recipe_id, ingredient_id, quantity, num_units, main_ingredient) VALUES (37, 22, '1 tbsp', 393, 0);
INSERT INTO Ingredients (food_group_id, name, calories_per_100_units) VALUES (11, 'Honey or Corn Syrup', 304);
INSERT INTO requires (recipe_id, ingredient_id, quantity, num_units, main_ingredient) VALUES (37, 218, '1 cup', 480, 0);
INSERT INTO Themes (name,descr) VALUES ('Middle Eastern Delights', 'N/A');
INSERT INTO recipe_theme (recipe_id, theme_id) VALUES (37, 25);
INSERT INTO Steps (recipe_id, step_number, step_desc) VALUES (37, 1, 'Preheat oven to 175°C (350°F).');
INSERT INTO Steps (recipe_id, step_number, step_desc) VALUES (37, 2, 'In a bowl, combine chopped pistachios, chopped walnuts, and granulated sugar. Mix well and set aside.');
INSERT INTO Steps (recipe_id, step_number, step_desc) VALUES (37, 3, 'Brush a baking dish with melted butter. Place a sheet of phyllo dough in the dish and brush with more melted butter.');
INSERT INTO Steps (recipe_id, step_number, step_desc) VALUES (37, 4, 'Repeat layering with phyllo dough and melted butter until half of the phyllo dough is used.');
INSERT INTO Steps (recipe_id, step_number, step_desc) VALUES (37, 5, 'Spread the nut and sugar mixture evenly over the layered phyllo dough.');
INSERT INTO Steps (recipe_id, step_number, step_desc) VALUES (37, 6, 'Continue layering the remaining phyllo dough sheets and melted butter on top of the nut mixture.');
INSERT INTO Steps (recipe_id, step_number, step_desc) VALUES (37, 7, 'Using a sharp knife, cut the baklava into diamond-shaped pieces.');
INSERT INTO Steps (recipe_id, step_number, step_desc) VALUES (37, 8, 'Bake in the preheated oven for 40-45 minutes until golden brown and crisp.');
INSERT INTO Steps (recipe_id, step_number, step_desc) VALUES (37, 9, 'While the baklava is baking, prepare the syrup. In a saucepan, combine water, lemon juice, and honey or corn syrup. Bring to a boil, then reduce heat and simmer for 10-15 minutes until slightly thickened.');
INSERT INTO Steps (recipe_id, step_number, step_desc) VALUES (37, 10, 'Remove baklava from the oven and immediately pour the hot syrup over the hot baklava. Let it cool completely before serving.');
INSERT INTO Quantities (recipe_id, quantity) VALUES (37, 12);
INSERT INTO recipe_tags (recipe_id, tag_id) VALUES (37, 50);
INSERT INTO Tags (tag_name) VALUES ('pastry-lover');
INSERT INTO recipe_tags (recipe_id, tag_id) VALUES (37, 60);
INSERT INTO recipe_tags (recipe_id, tag_id) VALUES (37, 14);
INSERT INTO recipe_meal (recipe_id, meal_id) VALUES (37, 3);
INSERT INTO kitchenware_for_recipe (recipe_id, kitchenware_id) VALUES (37, 55);
INSERT INTO kitchenware_for_recipe (recipe_id, kitchenware_id) VALUES (37, 55);
INSERT INTO kitchenware_for_recipe (recipe_id, kitchenware_id) VALUES (37, 55);
INSERT INTO dietaryinfo (recipe_id, fat_content, protein_content, hydrocarbon_content) VALUES (37, 35, 9, 51);
INSERT INTO Recipes (name, short_desc , recipe_type, difficulty_level, TIP1 ,TIP2 ,TIP3, prep_time, cook_time, cuisine_id) VALUES ('Turkish Baklava', 'Delicate and sweet Turkish pastry made with layers of phyllo dough, butter, chopped nuts, and honey or syrup, cut into diamond-shaped pieces.', 'pastry', '4', 'Use a combination of pistachios and walnuts for the filling for a balanced flavor and texture.', 'Brush each layer of phyllo dough generously with melted butter for a crispy and flaky baklava.', 'Allow baklava to cool completely before pouring the syrup over to prevent sogginess.', '00:30:00', '00:45:00', 15);
INSERT INTO Ingredients (food_group_id, name, calories_per_100_units) VALUES (6, 'Pork Shoulder (Thinly Sliced)', 250);
INSERT INTO requires (recipe_id, ingredient_id, quantity, num_units, main_ingredient) VALUES (38, 219, '1 kg', 340, 1);
INSERT INTO Ingredients (food_group_id, name, calories_per_100_units) VALUES (11, 'Achiote Paste', 33);
INSERT INTO requires (recipe_id, ingredient_id, quantity, num_units, main_ingredient) VALUES (38, 220, '4 tbsp', 500, 0);
INSERT INTO Ingredients (food_group_id, name, calories_per_100_units) VALUES (2, 'Pineapple Juice', 53);
INSERT INTO requires (recipe_id, ingredient_id, quantity, num_units, main_ingredient) VALUES (38, 221, '1 cup', 214, 0);
INSERT INTO Ingredients (food_group_id, name, calories_per_100_units) VALUES (3, 'Corn Tortillas', 364);
INSERT INTO requires (recipe_id, ingredient_id, quantity, num_units, main_ingredient) VALUES (38, 222, '12', 232, 0);
INSERT INTO Ingredients (food_group_id, name, calories_per_100_units) VALUES (2, 'Fresh Pineapple (Sliced)', 50);
INSERT INTO requires (recipe_id, ingredient_id, quantity, num_units, main_ingredient) VALUES (38, 223, '1 cup', 230, 0);
INSERT INTO Ingredients (food_group_id, name, calories_per_100_units) VALUES (1, 'Onion (Diced)', 40);
INSERT INTO requires (recipe_id, ingredient_id, quantity, num_units, main_ingredient) VALUES (38, 224, '1', 395, 0);
INSERT INTO Ingredients (food_group_id, name, calories_per_100_units) VALUES (1, 'Fresh Cilantro (Chopped)', 23);
INSERT INTO requires (recipe_id, ingredient_id, quantity, num_units, main_ingredient) VALUES (38, 225, '1/2 cup', 260, 0);
INSERT INTO requires (recipe_id, ingredient_id, quantity, num_units, main_ingredient) VALUES (38, 128, 'For serving', 341, 0);
INSERT INTO requires (recipe_id, ingredient_id, quantity, num_units, main_ingredient) VALUES (38, 6, 'To taste', 255, 0);
INSERT INTO Themes (name,descr) VALUES ('Latin American Treats', 'N/A');
INSERT INTO recipe_theme (recipe_id, theme_id) VALUES (38, 24);
INSERT INTO Steps (recipe_id, step_number, step_desc) VALUES (38, 1, 'In a bowl, mix achiote paste and pineapple juice until well combined.');
INSERT INTO Steps (recipe_id, step_number, step_desc) VALUES (38, 2, 'Add thinly sliced pork shoulder to the marinade, ensuring each piece is coated. Cover and refrigerate for at least 3 hours, preferably overnight.');
INSERT INTO Steps (recipe_id, step_number, step_desc) VALUES (38, 3, 'Preheat a grill or vertical rotisserie to medium-high heat.');
INSERT INTO Steps (recipe_id, step_number, step_desc) VALUES (38, 4, 'Thread marinated pork slices onto skewers for a vertical rotisserie or place directly on the grill. Cook for 45-60 minutes, turning occasionally, until the pork is cooked through and caramelized.');
INSERT INTO Steps (recipe_id, step_number, step_desc) VALUES (38, 5, 'Remove pork from the skewers or grill and thinly slice.');
INSERT INTO Steps (recipe_id, step_number, step_desc) VALUES (38, 6, 'Warm corn tortillas on the grill or in a skillet until soft and pliable.');
INSERT INTO Steps (recipe_id, step_number, step_desc) VALUES (38, 7, 'To assemble tacos, place a few slices of cooked pork on each tortilla. Top with sliced pineapple, diced onions, and chopped cilantro.');
INSERT INTO Steps (recipe_id, step_number, step_desc) VALUES (38, 8, 'Serve hot with lime wedges on the side.');
INSERT INTO Quantities (recipe_id, quantity) VALUES (38, 6);
INSERT INTO recipe_tags (recipe_id, tag_id) VALUES (38, 35);
INSERT INTO recipe_tags (recipe_id, tag_id) VALUES (38, 36);
INSERT INTO Tags (tag_name) VALUES ('street-food');
INSERT INTO recipe_tags (recipe_id, tag_id) VALUES (38, 61);
INSERT INTO recipe_meal (recipe_id, meal_id) VALUES (38, 5);
INSERT INTO recipe_meal (recipe_id, meal_id) VALUES (38, 1);
INSERT INTO Kitchenware (name,usage_desc) VALUES ('Grill or Vertical Rotisserie', 'For cooking marinated pork');
INSERT INTO kitchenware_for_recipe (recipe_id, kitchenware_id) VALUES (38, 56);
INSERT INTO Kitchenware (name,usage_desc) VALUES ('Skewers (If Using Vertical Rotisserie)', 'For threading pork slices');
INSERT INTO kitchenware_for_recipe (recipe_id, kitchenware_id) VALUES (38, 57);
INSERT INTO Kitchenware (name,usage_desc) VALUES ('Grilling Tools', 'For grilling pork');
INSERT INTO kitchenware_for_recipe (recipe_id, kitchenware_id) VALUES (38, 58);
INSERT INTO dietaryinfo (recipe_id, fat_content, protein_content, hydrocarbon_content) VALUES (38, 21, 24, 55);
INSERT INTO Recipes (name, short_desc , recipe_type, difficulty_level, TIP1 ,TIP2 ,TIP3, prep_time, cook_time, cuisine_id) VALUES ('Mexican Tacos al Pastor', 'Traditional Mexican street food featuring marinated pork cooked on a vertical rotisserie, thinly sliced, and served on corn tortillas with pineapple, onions, and cilantro.', 'gastronomy', '3', 'Marinate pork in achiote paste and pineapple juice for authentic flavor and tenderization.', 'Use a vertical rotisserie or a grill to cook the marinated pork until tender and caramelized.', 'Serve tacos al pastor with fresh pineapple, diced onions, chopped cilantro, and a squeeze of lime for a burst of flavor.', '00:4:00', '00:1:00', 11);
INSERT INTO requires (recipe_id, ingredient_id, quantity, num_units, main_ingredient) VALUES (39, 32, '24', 207, 1);
INSERT INTO Ingredients (food_group_id, name, calories_per_100_units) VALUES (11, 'Espresso (Strong, Cooled)', 2);
INSERT INTO requires (recipe_id, ingredient_id, quantity, num_units, main_ingredient) VALUES (39, 226, '1 1/2 cups', 442, 0);
INSERT INTO requires (recipe_id, ingredient_id, quantity, num_units, main_ingredient) VALUES (39, 34, '6', 500, 0);
INSERT INTO requires (recipe_id, ingredient_id, quantity, num_units, main_ingredient) VALUES (39, 13, '3/4 cup', 450, 0);
INSERT INTO requires (recipe_id, ingredient_id, quantity, num_units, main_ingredient) VALUES (39, 35, '16 oz', 497, 0);
INSERT INTO requires (recipe_id, ingredient_id, quantity, num_units, main_ingredient) VALUES (39, 27, '1 cup', 204, 0);
INSERT INTO requires (recipe_id, ingredient_id, quantity, num_units, main_ingredient) VALUES (39, 15, '1 tsp', 483, 0);
INSERT INTO Ingredients (food_group_id, name, calories_per_100_units) VALUES (11, 'Cocoa Powder (For Dusting)', 196);
INSERT INTO requires (recipe_id, ingredient_id, quantity, num_units, main_ingredient) VALUES (39, 227, 'For dusting', 388, 0);
INSERT INTO Themes (name,descr) VALUES ('Mediterranean Delights', 'N/A');
INSERT INTO recipe_theme (recipe_id, theme_id) VALUES (39, 17);
INSERT INTO Steps (recipe_id, step_number, step_desc) VALUES (39, 1, 'In a mixing bowl, beat egg yolks and granulated sugar until pale and thick.');
INSERT INTO Steps (recipe_id, step_number, step_desc) VALUES (39, 2, 'Add mascarpone cheese and vanilla extract to the egg yolk mixture. Beat until smooth and creamy.');
INSERT INTO Steps (recipe_id, step_number, step_desc) VALUES (39, 3, 'In a separate bowl, whip heavy cream until stiff peaks form.');
INSERT INTO Steps (recipe_id, step_number, step_desc) VALUES (39, 4, 'Gently fold whipped cream into the mascarpone mixture until well combined.');
INSERT INTO Steps (recipe_id, step_number, step_desc) VALUES (39, 5, 'Quickly dip each ladyfinger into the cooled espresso, ensuring it is soaked but not soggy.');
INSERT INTO Steps (recipe_id, step_number, step_desc) VALUES (39, 6, 'Arrange a layer of soaked ladyfingers in the bottom of a serving dish or individual glasses.');
INSERT INTO Steps (recipe_id, step_number, step_desc) VALUES (39, 7, 'Spread half of the mascarpone mixture over the ladyfingers.');
INSERT INTO Steps (recipe_id, step_number, step_desc) VALUES (39, 8, 'Repeat with another layer of soaked ladyfingers and the remaining mascarpone mixture.');
INSERT INTO Steps (recipe_id, step_number, step_desc) VALUES (39, 9, 'Cover and refrigerate tiramisu for at least 4 hours, preferably overnight.');
INSERT INTO Steps (recipe_id, step_number, step_desc) VALUES (39, 10, 'Before serving, dust the top of tiramisu with cocoa powder.');
INSERT INTO Steps (recipe_id, step_number, step_desc) VALUES (39, 11, 'Serve chilled.');
INSERT INTO Quantities (recipe_id, quantity) VALUES (39, 8);
INSERT INTO recipe_tags (recipe_id, tag_id) VALUES (39, 43);
INSERT INTO Tags (tag_name) VALUES ('coffee-lover');
INSERT INTO recipe_tags (recipe_id, tag_id) VALUES (39, 62);
INSERT INTO recipe_tags (recipe_id, tag_id) VALUES (39, 14);
INSERT INTO recipe_meal (recipe_id, meal_id) VALUES (39, 3);
INSERT INTO kitchenware_for_recipe (recipe_id, kitchenware_id) VALUES (39, 58);
INSERT INTO Kitchenware (name,usage_desc) VALUES ('Whisk or Electric Mixer', 'For beating egg yolks and whipping cream');
INSERT INTO kitchenware_for_recipe (recipe_id, kitchenware_id) VALUES (39, 59);
INSERT INTO Kitchenware (name,usage_desc) VALUES ('Serving Dish or Glasses', 'For assembling tiramisu');
INSERT INTO kitchenware_for_recipe (recipe_id, kitchenware_id) VALUES (39, 60);
INSERT INTO dietaryinfo (recipe_id, fat_content, protein_content, hydrocarbon_content) VALUES (39, 41, 18, 20);
INSERT INTO Recipes (name, short_desc , recipe_type, difficulty_level, TIP1 ,TIP2 ,TIP3, prep_time, cook_time, cuisine_id) VALUES ('Italian Tiramisu', 'Classic Italian dessert made with layers of espresso-soaked ladyfingers, mascarpone cheese filling, and dusted with cocoa powder.', 'pastry', '3', 'Use high-quality ingredients such as fresh eggs, good espresso, and real mascarpone cheese for the best flavor.', 'Dip ladyfingers quickly in espresso to avoid them becoming too soggy.', 'Chill tiramisu in the refrigerator for at least 4 hours, preferably overnight, to allow the flavors to meld and the dessert to set.', '00:30:00', '00:0:00', 1);
INSERT INTO Ingredients (food_group_id, name, calories_per_100_units) VALUES (6, 'Chicken Bones', 195);
INSERT INTO requires (recipe_id, ingredient_id, quantity, num_units, main_ingredient) VALUES (40, 228, '1 kg', 331, 0);
INSERT INTO Ingredients (food_group_id, name, calories_per_100_units) VALUES (6, 'Pork Bones', 185);
INSERT INTO requires (recipe_id, ingredient_id, quantity, num_units, main_ingredient) VALUES (40, 229, '1 kg', 215, 0);
INSERT INTO Ingredients (food_group_id, name, calories_per_100_units) VALUES (1, 'Onion (Halved)', 40);
INSERT INTO requires (recipe_id, ingredient_id, quantity, num_units, main_ingredient) VALUES (40, 230, '1', 362, 0);
INSERT INTO Ingredients (food_group_id, name, calories_per_100_units) VALUES (1, 'Carrot (Chopped)', 41);
INSERT INTO requires (recipe_id, ingredient_id, quantity, num_units, main_ingredient) VALUES (40, 231, '1', 325, 0);
INSERT INTO Ingredients (food_group_id, name, calories_per_100_units) VALUES (1, 'Garlic (Crushed)', 149);
INSERT INTO requires (recipe_id, ingredient_id, quantity, num_units, main_ingredient) VALUES (40, 232, '4 cloves', 420, 0);
INSERT INTO Ingredients (food_group_id, name, calories_per_100_units) VALUES (1, 'Ginger (Sliced)', 80);
INSERT INTO requires (recipe_id, ingredient_id, quantity, num_units, main_ingredient) VALUES (40, 233, '1-inch piece', 291, 0);
INSERT INTO Ingredients (food_group_id, name, calories_per_100_units) VALUES (1, 'Dried Shiitake Mushrooms', 296);
INSERT INTO requires (recipe_id, ingredient_id, quantity, num_units, main_ingredient) VALUES (40, 234, '4', 447, 0);
INSERT INTO Ingredients (food_group_id, name, calories_per_100_units) VALUES (1, 'Kombu (Dried Seaweed)', 43);
INSERT INTO requires (recipe_id, ingredient_id, quantity, num_units, main_ingredient) VALUES (40, 235, '2 sheets', 450, 0);
INSERT INTO requires (recipe_id, ingredient_id, quantity, num_units, main_ingredient) VALUES (40, 45, '1/4 cup', 399, 0);
INSERT INTO Ingredients (food_group_id, name, calories_per_100_units) VALUES (11, 'Mirin', 40);
INSERT INTO requires (recipe_id, ingredient_id, quantity, num_units, main_ingredient) VALUES (40, 236, '1/4 cup', 422, 0);
INSERT INTO requires (recipe_id, ingredient_id, quantity, num_units, main_ingredient) VALUES (40, 6, 'To taste', 452, 0);
INSERT INTO Ingredients (food_group_id, name, calories_per_100_units) VALUES (3, 'Ramen Noodles', 364);
INSERT INTO requires (recipe_id, ingredient_id, quantity, num_units, main_ingredient) VALUES (40, 237, '4 servings', 493, 1);
INSERT INTO Ingredients (food_group_id, name, calories_per_100_units) VALUES (6, 'Sliced Pork (Cooked)', 250);
INSERT INTO requires (recipe_id, ingredient_id, quantity, num_units, main_ingredient) VALUES (40, 238, 'For topping', 429, 0);
INSERT INTO Ingredients (food_group_id, name, calories_per_100_units) VALUES (8, 'Soft-Boiled Eggs (Halved)', 143);
INSERT INTO requires (recipe_id, ingredient_id, quantity, num_units, main_ingredient) VALUES (40, 239, 'For topping', 223, 0);
INSERT INTO Ingredients (food_group_id, name, calories_per_100_units) VALUES (1, 'Nori Sheets (Seaweed)', 33);
INSERT INTO requires (recipe_id, ingredient_id, quantity, num_units, main_ingredient) VALUES (40, 240, 'For topping', 289, 0);
INSERT INTO requires (recipe_id, ingredient_id, quantity, num_units, main_ingredient) VALUES (40, 143, 'For topping', 313, 0);
INSERT INTO Themes (name,descr) VALUES ('Asian Comfort Food', 'N/A');
INSERT INTO recipe_theme (recipe_id, theme_id) VALUES (40, 26);
INSERT INTO Steps (recipe_id, step_number, step_desc) VALUES (40, 1, 'In a large pot, combine chicken bones, pork bones, halved onion, chopped carrot, crushed garlic, sliced ginger, dried shiitake mushrooms, and dried kombu.');
INSERT INTO Steps (recipe_id, step_number, step_desc) VALUES (40, 2, 'Cover with water and bring to a boil. Skim off any scum that rises to the surface.');
INSERT INTO Steps (recipe_id, step_number, step_desc) VALUES (40, 3, 'Reduce heat to low and simmer, partially covered, for 4-6 hours, adding more water as needed to keep ingredients submerged.');
INSERT INTO Steps (recipe_id, step_number, step_desc) VALUES (40, 4, 'Strain the broth through a fine-mesh sieve into a clean pot. Discard solids.');
INSERT INTO Steps (recipe_id, step_number, step_desc) VALUES (40, 5, 'Stir in soy sauce, mirin, and salt to taste. Keep warm over low heat.');
INSERT INTO Steps (recipe_id, step_number, step_desc) VALUES (40, 6, 'Cook ramen noodles according to package instructions until al dente. Drain and rinse under cold water to remove excess starch.');
INSERT INTO Steps (recipe_id, step_number, step_desc) VALUES (40, 7, 'Divide cooked noodles among serving bowls. Ladle hot broth over the noodles.');
INSERT INTO Steps (recipe_id, step_number, step_desc) VALUES (40, 8, 'Top with sliced cooked pork, soft-boiled eggs, nori sheets, sliced green onions, and any other desired toppings.');
INSERT INTO Steps (recipe_id, step_number, step_desc) VALUES (40, 9, 'Serve hot.');
INSERT INTO Quantities (recipe_id, quantity) VALUES (40, 4);
INSERT INTO recipe_tags (recipe_id, tag_id) VALUES (40, 17);
INSERT INTO Tags (tag_name) VALUES ('noodle-soup');
INSERT INTO recipe_tags (recipe_id, tag_id) VALUES (40, 63);
INSERT INTO recipe_tags (recipe_id, tag_id) VALUES (40, 22);
INSERT INTO recipe_meal (recipe_id, meal_id) VALUES (40, 5);
INSERT INTO recipe_meal (recipe_id, meal_id) VALUES (40, 1);
INSERT INTO kitchenware_for_recipe (recipe_id, kitchenware_id) VALUES (40, 60);
INSERT INTO Kitchenware (name,usage_desc) VALUES ('Fine-Mesh Sieve', 'For straining broth');
INSERT INTO kitchenware_for_recipe (recipe_id, kitchenware_id) VALUES (40, 61);
INSERT INTO Kitchenware (name,usage_desc) VALUES ('Soup Bowls', 'For serving ramen');
INSERT INTO kitchenware_for_recipe (recipe_id, kitchenware_id) VALUES (40, 62);
INSERT INTO dietaryinfo (recipe_id, fat_content, protein_content, hydrocarbon_content) VALUES (40, 12, 23, 65);
INSERT INTO Recipes (name, short_desc , recipe_type, difficulty_level, TIP1 ,TIP2 ,TIP3, prep_time, cook_time, cuisine_id) VALUES ('Japanese Ramen', 'Japanese noodle soup featuring flavorful broth, chewy noodles, and various toppings such as sliced pork, soft-boiled eggs, nori, and green onions.', 'gastronomy', '4', 'Use a combination of chicken and pork bones to make a rich and flavorful broth.', 'Cook noodles until al dente and rinse under cold water to remove excess starch.', 'Top ramen with sliced pork, soft-boiled eggs, nori sheets, sliced green onions, and any other desired toppings.', '00:1:00', '00:6:00', 5);
INSERT INTO Ingredients (food_group_id, name, calories_per_100_units) VALUES (6, 'Lamb Shoulder (Cubed)', 258);
INSERT INTO requires (recipe_id, ingredient_id, quantity, num_units, main_ingredient) VALUES (41, 241, '800g', 478, 1);
INSERT INTO requires (recipe_id, ingredient_id, quantity, num_units, main_ingredient) VALUES (41, 194, '1', 352, 0);
INSERT INTO requires (recipe_id, ingredient_id, quantity, num_units, main_ingredient) VALUES (41, 154, '4 cloves', 289, 0);
INSERT INTO requires (recipe_id, ingredient_id, quantity, num_units, main_ingredient) VALUES (41, 153, '1 tbsp', 237, 0);
INSERT INTO Ingredients (food_group_id, name, calories_per_100_units) VALUES (11, 'Cinnamon Stick', 247);
INSERT INTO requires (recipe_id, ingredient_id, quantity, num_units, main_ingredient) VALUES (41, 242, '1', 390, 0);
INSERT INTO requires (recipe_id, ingredient_id, quantity, num_units, main_ingredient) VALUES (41, 24, '1 tsp', 303, 0);
INSERT INTO requires (recipe_id, ingredient_id, quantity, num_units, main_ingredient) VALUES (41, 138, '1 tsp', 355, 0);
INSERT INTO Ingredients (food_group_id, name, calories_per_100_units) VALUES (11, 'Ground Turmeric', 29);
INSERT INTO requires (recipe_id, ingredient_id, quantity, num_units, main_ingredient) VALUES (41, 243, '1/2 tsp', 370, 0);
INSERT INTO requires (recipe_id, ingredient_id, quantity, num_units, main_ingredient) VALUES (41, 98, '1 tsp', 392, 0);
INSERT INTO requires (recipe_id, ingredient_id, quantity, num_units, main_ingredient) VALUES (41, 113, '1/2 tsp', 436, 0);
INSERT INTO requires (recipe_id, ingredient_id, quantity, num_units, main_ingredient) VALUES (41, 209, '1/2 tsp', 236, 0);
INSERT INTO Ingredients (food_group_id, name, calories_per_100_units) VALUES (2, 'Dried Apricots', 241);
INSERT INTO requires (recipe_id, ingredient_id, quantity, num_units, main_ingredient) VALUES (41, 244, '1 cup', 450, 0);
INSERT INTO Ingredients (food_group_id, name, calories_per_100_units) VALUES (2, 'Dried Prunes', 240);
INSERT INTO requires (recipe_id, ingredient_id, quantity, num_units, main_ingredient) VALUES (41, 245, '1 cup', 378, 0);
INSERT INTO requires (recipe_id, ingredient_id, quantity, num_units, main_ingredient) VALUES (41, 208, '2 cups', 258, 0);
INSERT INTO requires (recipe_id, ingredient_id, quantity, num_units, main_ingredient) VALUES (41, 87, '2 tbsp', 398, 0);
INSERT INTO requires (recipe_id, ingredient_id, quantity, num_units, main_ingredient) VALUES (41, 6, 'To taste', 277, 0);
INSERT INTO requires (recipe_id, ingredient_id, quantity, num_units, main_ingredient) VALUES (41, 213, 'For garnish', 430, 0);
INSERT INTO Ingredients (food_group_id, name, calories_per_100_units) VALUES (10, 'Toasted Almonds (For Garnish)', 576);
INSERT INTO requires (recipe_id, ingredient_id, quantity, num_units, main_ingredient) VALUES (41, 246, 'For garnish', 325, 0);
INSERT INTO Themes (name,descr) VALUES ('Exotic Flavors', 'N/A');
INSERT INTO recipe_theme (recipe_id, theme_id) VALUES (41, 20);
INSERT INTO Steps (recipe_id, step_number, step_desc) VALUES (41, 1, 'In a bowl, combine cubed lamb shoulder with chopped onion, minced garlic, minced ginger, cinnamon stick, ground cumin, ground coriander, ground turmeric, paprika, ground ginger, saffron threads, and salt. Mix well and marinate for at least 1 hour, preferably overnight.');
INSERT INTO Steps (recipe_id, step_number, step_desc) VALUES (41, 2, 'Heat a tagine pot or Dutch oven over medium heat. Add marinated lamb and brown on all sides.');
INSERT INTO Steps (recipe_id, step_number, step_desc) VALUES (41, 3, 'Stir in dried apricots, dried prunes, chicken stock, and honey. Bring to a simmer.');
INSERT INTO Steps (recipe_id, step_number, step_desc) VALUES (41, 4, 'Cover and cook over low heat for 1.5-2 hours until the lamb is tender and the flavors have melded.');
INSERT INTO Steps (recipe_id, step_number, step_desc) VALUES (41, 5, 'Taste and adjust seasoning if necessary. Remove cinnamon stick before serving.');
INSERT INTO Steps (recipe_id, step_number, step_desc) VALUES (41, 6, 'Garnish tagine with chopped fresh parsley and toasted almonds before serving.');
INSERT INTO Steps (recipe_id, step_number, step_desc) VALUES (41, 7, 'Serve hot with couscous or crusty bread.');
INSERT INTO Quantities (recipe_id, quantity) VALUES (41, 4);
INSERT INTO Tags (tag_name) VALUES ('stew');
INSERT INTO recipe_tags (recipe_id, tag_id) VALUES (41, 64);
INSERT INTO recipe_tags (recipe_id, tag_id) VALUES (41, 22);
INSERT INTO recipe_meal (recipe_id, meal_id) VALUES (41, 5);
INSERT INTO recipe_meal (recipe_id, meal_id) VALUES (41, 1);
INSERT INTO Kitchenware (name,usage_desc) VALUES ('Tagine Pot or Dutch Oven', 'For cooking tagine');
INSERT INTO kitchenware_for_recipe (recipe_id, kitchenware_id) VALUES (41, 63);
INSERT INTO kitchenware_for_recipe (recipe_id, kitchenware_id) VALUES (41, 63);
INSERT INTO kitchenware_for_recipe (recipe_id, kitchenware_id) VALUES (41, 63);
INSERT INTO Cuisines (country_name) VALUES ('Moroccan');
INSERT INTO dietaryinfo (recipe_id, fat_content, protein_content, hydrocarbon_content) VALUES (41, 28, 22, 50);
INSERT INTO Recipes (name, short_desc , recipe_type, difficulty_level, TIP1 ,TIP2 ,TIP3, prep_time, cook_time, cuisine_id) VALUES ('Moroccan Tagine', 'Fragrant and flavorful Moroccan stew cooked in a traditional tagine pot, featuring tender meat, vegetables, dried fruits, and aromatic spices.', 'gastronomy', '3', 'Marinate meat in a spice mixture overnight for maximum flavor.', 'Use a tagine pot for authentic cooking and presentation, but a Dutch oven can also be used.', 'Garnish tagine with chopped fresh herbs and toasted almonds before serving for extra flavor and texture.', '00:30:00', '00:2:00', 18);
INSERT INTO Ingredients (food_group_id, name, calories_per_100_units) VALUES (1, 'Eggplant (Sliced)', 25);
INSERT INTO requires (recipe_id, ingredient_id, quantity, num_units, main_ingredient) VALUES (42, 247, '2 large', 456, 0);
INSERT INTO requires (recipe_id, ingredient_id, quantity, num_units, main_ingredient) VALUES (42, 114, '1/4 cup', 408, 0);
INSERT INTO requires (recipe_id, ingredient_id, quantity, num_units, main_ingredient) VALUES (42, 194, '1', 255, 0);
INSERT INTO requires (recipe_id, ingredient_id, quantity, num_units, main_ingredient) VALUES (42, 154, '4 cloves', 360, 0);
INSERT INTO Ingredients (food_group_id, name, calories_per_100_units) VALUES (6, 'Ground Beef or Lamb', 250);
INSERT INTO requires (recipe_id, ingredient_id, quantity, num_units, main_ingredient) VALUES (42, 248, '500g', 429, 1);
INSERT INTO Ingredients (food_group_id, name, calories_per_100_units) VALUES (1, 'Canned Diced Tomatoes', 18);
INSERT INTO requires (recipe_id, ingredient_id, quantity, num_units, main_ingredient) VALUES (42, 249, '400g', 252, 0);
INSERT INTO Ingredients (food_group_id, name, calories_per_100_units) VALUES (1, 'Tomato Paste', 82);
INSERT INTO requires (recipe_id, ingredient_id, quantity, num_units, main_ingredient) VALUES (42, 250, '2 tbsp', 276, 0);
INSERT INTO requires (recipe_id, ingredient_id, quantity, num_units, main_ingredient) VALUES (42, 108, '1 tsp', 417, 0);
INSERT INTO requires (recipe_id, ingredient_id, quantity, num_units, main_ingredient) VALUES (42, 111, '1/2 tsp', 341, 0);
INSERT INTO requires (recipe_id, ingredient_id, quantity, num_units, main_ingredient) VALUES (42, 6, 'To taste', 335, 0);
INSERT INTO requires (recipe_id, ingredient_id, quantity, num_units, main_ingredient) VALUES (42, 5, 'To taste', 367, 0);
INSERT INTO requires (recipe_id, ingredient_id, quantity, num_units, main_ingredient) VALUES (42, 8, '4 tbsp', 404, 0);
INSERT INTO requires (recipe_id, ingredient_id, quantity, num_units, main_ingredient) VALUES (42, 7, '1/4 cup', 400, 0);
INSERT INTO requires (recipe_id, ingredient_id, quantity, num_units, main_ingredient) VALUES (42, 11, '2 cups', 364, 0);
INSERT INTO Ingredients (food_group_id, name, calories_per_100_units) VALUES (4, 'Grated Cheese (Parmesan or Kefalotyri)', 400);
INSERT INTO requires (recipe_id, ingredient_id, quantity, num_units, main_ingredient) VALUES (42, 251, '1 cup', 417, 0);
INSERT INTO Ingredients (food_group_id, name, calories_per_100_units) VALUES (8, 'Egg (Beaten)', 143);
INSERT INTO requires (recipe_id, ingredient_id, quantity, num_units, main_ingredient) VALUES (42, 252, '1', 334, 0);
INSERT INTO Ingredients (food_group_id, name, calories_per_100_units) VALUES (3, 'Breadcrumbs', 364);
INSERT INTO requires (recipe_id, ingredient_id, quantity, num_units, main_ingredient) VALUES (42, 253, '1/4 cup', 276, 0);
INSERT INTO Themes (name,descr) VALUES ('Mediterranean Delights', 'N/A');
INSERT INTO recipe_theme (recipe_id, theme_id) VALUES (42, 17);
INSERT INTO Steps (recipe_id, step_number, step_desc) VALUES (42, 1, 'Preheat oven to 200°C (400°F).');
INSERT INTO Steps (recipe_id, step_number, step_desc) VALUES (42, 2, 'Place sliced eggplant in a colander and sprinkle with salt. Let sit for 30 minutes, then rinse and pat dry with paper towels.');
INSERT INTO Steps (recipe_id, step_number, step_desc) VALUES (42, 3, 'Heat olive oil in a large skillet over medium heat. Add chopped onion and minced garlic, and cook until softened.');
INSERT INTO Steps (recipe_id, step_number, step_desc) VALUES (42, 4, 'Add ground beef or lamb to the skillet and cook until browned. Drain excess fat if needed.');
INSERT INTO Steps (recipe_id, step_number, step_desc) VALUES (42, 5, 'Stir in diced tomatoes, tomato paste, dried oregano, ground cinnamon, salt, and black pepper. Simmer for 10-15 minutes until thickened.');
INSERT INTO Steps (recipe_id, step_number, step_desc) VALUES (42, 6, 'In a separate saucepan, melt butter over medium heat. Stir in all-purpose flour to form a roux.');
INSERT INTO Steps (recipe_id, step_number, step_desc) VALUES (42, 7, 'Gradually whisk in milk until smooth and thickened. Cook for 2-3 minutes, then remove from heat.');
INSERT INTO Steps (recipe_id, step_number, step_desc) VALUES (42, 8, 'Stir in grated cheese and beaten egg until well combined.');
INSERT INTO Steps (recipe_id, step_number, step_desc) VALUES (42, 9, 'Grease a baking dish and layer half of the eggplant slices on the bottom.');
INSERT INTO Steps (recipe_id, step_number, step_desc) VALUES (42, 10, 'Spread minced meat sauce over the eggplant layer. Top with remaining eggplant slices.');
INSERT INTO Steps (recipe_id, step_number, step_desc) VALUES (42, 11, 'Pour béchamel sauce over the top and spread evenly.');
INSERT INTO Steps (recipe_id, step_number, step_desc) VALUES (42, 12, 'Sprinkle breadcrumbs over the béchamel sauce.');
INSERT INTO Steps (recipe_id, step_number, step_desc) VALUES (42, 13, 'Bake in the preheated oven for 45-50 minutes until golden and bubbly.');
INSERT INTO Steps (recipe_id, step_number, step_desc) VALUES (42, 14, 'Let moussaka rest for 15-20 minutes before slicing and serving.');
INSERT INTO Quantities (recipe_id, quantity) VALUES (42, 6);
INSERT INTO recipe_tags (recipe_id, tag_id) VALUES (42, 39);
INSERT INTO Tags (tag_name) VALUES ('casserole');
INSERT INTO recipe_tags (recipe_id, tag_id) VALUES (42, 65);
INSERT INTO recipe_tags (recipe_id, tag_id) VALUES (42, 22);
INSERT INTO recipe_tags (recipe_id, tag_id) VALUES (42, 23);
INSERT INTO recipe_meal (recipe_id, meal_id) VALUES (42, 5);
INSERT INTO recipe_meal (recipe_id, meal_id) VALUES (42, 1);
INSERT INTO kitchenware_for_recipe (recipe_id, kitchenware_id) VALUES (42, 63);
INSERT INTO kitchenware_for_recipe (recipe_id, kitchenware_id) VALUES (42, 63);
INSERT INTO kitchenware_for_recipe (recipe_id, kitchenware_id) VALUES (42, 63);
INSERT INTO dietaryinfo (recipe_id, fat_content, protein_content, hydrocarbon_content) VALUES (42, 34, 22, 52);
INSERT INTO Recipes (name, short_desc , recipe_type, difficulty_level, TIP1 ,TIP2 ,TIP3, prep_time, cook_time, cuisine_id) VALUES ('Greek Moussaka', 'Classic Greek casserole dish featuring layers of eggplant, minced meat sauce, creamy béchamel sauce, and baked until golden and bubbly.', 'gastronomy', '4', 'Salt eggplant slices and let them sit for 30 minutes to draw out excess moisture and bitterness before cooking.', 'Make the béchamel sauce with a combination of milk and grated cheese for extra creaminess and flavor.', 'Allow moussaka to rest for 15-20 minutes after baking to set before serving.', '00:30:00', '00:1:00', 12);
INSERT INTO Ingredients (food_group_id, name, calories_per_100_units) VALUES (6, 'Beef Bones (Marrow and Knuckle)', 195);
INSERT INTO requires (recipe_id, ingredient_id, quantity, num_units, main_ingredient) VALUES (43, 254, '1.5 kg', 311, 1);
INSERT INTO requires (recipe_id, ingredient_id, quantity, num_units, main_ingredient) VALUES (43, 230, '2', 346, 0);
INSERT INTO requires (recipe_id, ingredient_id, quantity, num_units, main_ingredient) VALUES (43, 233, '1/4 cup', 414, 0);
INSERT INTO requires (recipe_id, ingredient_id, quantity, num_units, main_ingredient) VALUES (43, 242, '2', 457, 0);
INSERT INTO Ingredients (food_group_id, name, calories_per_100_units) VALUES (11, 'Star Anise', 37);
INSERT INTO requires (recipe_id, ingredient_id, quantity, num_units, main_ingredient) VALUES (43, 255, '4', 499, 0);
INSERT INTO Ingredients (food_group_id, name, calories_per_100_units) VALUES (11, 'Cloves', 313);
INSERT INTO requires (recipe_id, ingredient_id, quantity, num_units, main_ingredient) VALUES (43, 256, '6', 489, 0);
INSERT INTO Ingredients (food_group_id, name, calories_per_100_units) VALUES (11, 'Coriander Seeds', 21);
INSERT INTO requires (recipe_id, ingredient_id, quantity, num_units, main_ingredient) VALUES (43, 257, '1 tbsp', 338, 0);
INSERT INTO Ingredients (food_group_id, name, calories_per_100_units) VALUES (11, 'Rock Sugar or Granulated Sugar', 387);
INSERT INTO requires (recipe_id, ingredient_id, quantity, num_units, main_ingredient) VALUES (43, 258, '2 tbsp', 299, 0);
INSERT INTO requires (recipe_id, ingredient_id, quantity, num_units, main_ingredient) VALUES (43, 74, '1/4 cup', 265, 0);
INSERT INTO requires (recipe_id, ingredient_id, quantity, num_units, main_ingredient) VALUES (43, 6, 'To taste', 245, 0);
INSERT INTO Ingredients (food_group_id, name, calories_per_100_units) VALUES (3, 'Rice Noodles (Pho Noodles)', 364);
INSERT INTO requires (recipe_id, ingredient_id, quantity, num_units, main_ingredient) VALUES (43, 259, '4 servings', 272, 0);
INSERT INTO Ingredients (food_group_id, name, calories_per_100_units) VALUES (6, 'Beef Sirloin or Eye of Round (Thinly Sliced)', 250);
INSERT INTO requires (recipe_id, ingredient_id, quantity, num_units, main_ingredient) VALUES (43, 260, '500g', 415, 0);
INSERT INTO requires (recipe_id, ingredient_id, quantity, num_units, main_ingredient) VALUES (43, 143, 'For garnish', 453, 0);
INSERT INTO Ingredients (food_group_id, name, calories_per_100_units) VALUES (1, 'Fresh Thai Basil Leaves', 22);
INSERT INTO requires (recipe_id, ingredient_id, quantity, num_units, main_ingredient) VALUES (43, 261, 'For garnish', 415, 0);
INSERT INTO requires (recipe_id, ingredient_id, quantity, num_units, main_ingredient) VALUES (43, 225, 'For garnish', 230, 0);
INSERT INTO requires (recipe_id, ingredient_id, quantity, num_units, main_ingredient) VALUES (43, 71, 'For garnish', 275, 0);
INSERT INTO requires (recipe_id, ingredient_id, quantity, num_units, main_ingredient) VALUES (43, 128, 'For serving', 255, 0);
INSERT INTO Ingredients (food_group_id, name, calories_per_100_units) VALUES (1, 'Sliced Chili', 251);
INSERT INTO requires (recipe_id, ingredient_id, quantity, num_units, main_ingredient) VALUES (43, 262, 'For serving', 200, 0);
INSERT INTO Themes (name,descr) VALUES ('Asian Comfort Food', 'N/A');
INSERT INTO recipe_theme (recipe_id, theme_id) VALUES (43, 26);
INSERT INTO Steps (recipe_id, step_number, step_desc) VALUES (43, 1, 'Place beef bones in a large stockpot and cover with cold water. Bring to a boil and cook for 5-10 minutes, then drain and rinse bones under cold water. This helps remove impurities.');
INSERT INTO Steps (recipe_id, step_number, step_desc) VALUES (43, 2, 'In the same stockpot, char halved onions and sliced ginger over an open flame or under the broiler until slightly blackened.');
INSERT INTO Steps (recipe_id, step_number, step_desc) VALUES (43, 3, 'Return bones to the pot along with charred onions, ginger, cinnamon sticks, star anise, cloves, coriander seeds, rock sugar or granulated sugar, fish sauce, and salt.');
INSERT INTO Steps (recipe_id, step_number, step_desc) VALUES (43, 4, 'Cover with water and bring to a boil. Reduce heat to low and simmer, partially covered, for at least 6 hours, skimming off any foam that rises to the surface.');
INSERT INTO Steps (recipe_id, step_number, step_desc) VALUES (43, 5, 'Strain the broth through a fine-mesh sieve and discard solids. Keep the broth hot.');
INSERT INTO Steps (recipe_id, step_number, step_desc) VALUES (43, 6, 'Cook rice noodles according to package instructions until al dente. Drain and rinse under cold water.');
INSERT INTO Steps (recipe_id, step_number, step_desc) VALUES (43, 7, 'Divide cooked noodles among serving bowls. Top with thinly sliced beef.');
INSERT INTO Steps (recipe_id, step_number, step_desc) VALUES (43, 8, 'Ladle hot broth over the noodles and beef, ensuring the beef is cooked through.');
INSERT INTO Steps (recipe_id, step_number, step_desc) VALUES (43, 9, 'Serve pho hot, garnished with sliced green onions, fresh Thai basil leaves, chopped cilantro, bean sprouts, lime wedges, and sliced chili on the side.');
INSERT INTO Quantities (recipe_id, quantity) VALUES (43, 4);
INSERT INTO Tags (tag_name) VALUES ('vietnamese-food');
INSERT INTO recipe_tags (recipe_id, tag_id) VALUES (43, 66);
INSERT INTO recipe_tags (recipe_id, tag_id) VALUES (43, 31);
INSERT INTO recipe_tags (recipe_id, tag_id) VALUES (43, 22);
INSERT INTO recipe_meal (recipe_id, meal_id) VALUES (43, 5);
INSERT INTO recipe_meal (recipe_id, meal_id) VALUES (43, 1);
INSERT INTO Kitchenware (name,usage_desc) VALUES ('Large Stockpot', 'For cooking beef broth');
INSERT INTO kitchenware_for_recipe (recipe_id, kitchenware_id) VALUES (43, 64);
INSERT INTO kitchenware_for_recipe (recipe_id, kitchenware_id) VALUES (43, 64);
INSERT INTO kitchenware_for_recipe (recipe_id, kitchenware_id) VALUES (43, 64);
INSERT INTO Cuisines (country_name) VALUES ('Vietnamese');
INSERT INTO dietaryinfo (recipe_id, fat_content, protein_content, hydrocarbon_content) VALUES (43, 12, 23, 65);
INSERT INTO Recipes (name, short_desc , recipe_type, difficulty_level, TIP1 ,TIP2 ,TIP3, prep_time, cook_time, cuisine_id) VALUES ('Vietnamese Pho', 'Traditional Vietnamese noodle soup made with aromatic broth, rice noodles, thinly sliced beef or chicken, and fresh herbs, served with lime and chili on the side.', 'gastronomy', '3', 'Toast spices such as star anise, cinnamon, cloves, and coriander seeds before adding to the broth for extra flavor.', 'Simmer the broth for at least 6 hours to extract maximum flavor from the bones and spices.', 'Serve pho with fresh herbs like Thai basil, cilantro, and bean sprouts, as well as lime wedges and sliced chili for customization.', '00:30:00', '00:6:00', 19);
INSERT INTO Ingredients (food_group_id, name, calories_per_100_units) VALUES (9, 'Salted Cod (Bacalhau)', 82);
INSERT INTO requires (recipe_id, ingredient_id, quantity, num_units, main_ingredient) VALUES (44, 263, '500g', 311, 1);
INSERT INTO Ingredients (food_group_id, name, calories_per_100_units) VALUES (1, 'Potatoes (Thinly Sliced)', 77);
INSERT INTO requires (recipe_id, ingredient_id, quantity, num_units, main_ingredient) VALUES (44, 264, '4', 477, 0);
INSERT INTO requires (recipe_id, ingredient_id, quantity, num_units, main_ingredient) VALUES (44, 114, '1/4 cup', 294, 0);
INSERT INTO Ingredients (food_group_id, name, calories_per_100_units) VALUES (1, 'Onion (Sliced)', 40);
INSERT INTO requires (recipe_id, ingredient_id, quantity, num_units, main_ingredient) VALUES (44, 265, '2', 288, 0);
INSERT INTO requires (recipe_id, ingredient_id, quantity, num_units, main_ingredient) VALUES (44, 154, '4 cloves', 410, 0);
INSERT INTO Ingredients (food_group_id, name, calories_per_100_units) VALUES (8, 'Eggs (Beaten)', 143);
INSERT INTO requires (recipe_id, ingredient_id, quantity, num_units, main_ingredient) VALUES (44, 266, '4', 494, 0);
INSERT INTO Ingredients (food_group_id, name, calories_per_100_units) VALUES (1, 'Black Olives (Pitted)', 115);
INSERT INTO requires (recipe_id, ingredient_id, quantity, num_units, main_ingredient) VALUES (44, 267, '1/4 cup', 486, 0);
INSERT INTO requires (recipe_id, ingredient_id, quantity, num_units, main_ingredient) VALUES (44, 213, 'For garnish', 244, 0);
INSERT INTO requires (recipe_id, ingredient_id, quantity, num_units, main_ingredient) VALUES (44, 6, 'To taste', 351, 0);
INSERT INTO requires (recipe_id, ingredient_id, quantity, num_units, main_ingredient) VALUES (44, 5, 'To taste', 337, 0);
INSERT INTO Themes (name,descr) VALUES ('Coastal Flavors', 'N/A');
INSERT INTO recipe_theme (recipe_id, theme_id) VALUES (44, 27);
INSERT INTO Steps (recipe_id, step_number, step_desc) VALUES (44, 1, 'Soak salted cod in water for 24-48 hours, changing the water several times, to remove excess salt. Drain and pat dry.');
INSERT INTO Steps (recipe_id, step_number, step_desc) VALUES (44, 2, 'Boil thinly sliced potatoes in salted water until tender but not mushy. Drain and set aside.');
INSERT INTO Steps (recipe_id, step_number, step_desc) VALUES (44, 3, 'Heat olive oil in a large skillet over medium heat. Add sliced onions and minced garlic, and sauté until softened.');
INSERT INTO Steps (recipe_id, step_number, step_desc) VALUES (44, 4, 'Add salted cod to the skillet and cook until slightly browned.');
INSERT INTO Steps (recipe_id, step_number, step_desc) VALUES (44, 5, 'Add boiled potatoes to the skillet and stir to combine with the cod mixture.');
INSERT INTO Steps (recipe_id, step_number, step_desc) VALUES (44, 6, 'Push the mixture to one side of the skillet and pour beaten eggs into the empty space. Cook gently, stirring occasionally, until eggs are scrambled and cooked through.');
INSERT INTO Steps (recipe_id, step_number, step_desc) VALUES (44, 7, 'Stir the scrambled eggs into the cod and potato mixture until well combined.');
INSERT INTO Steps (recipe_id, step_number, step_desc) VALUES (44, 8, 'Season with salt and black pepper to taste.');
INSERT INTO Steps (recipe_id, step_number, step_desc) VALUES (44, 9, 'Garnish with chopped fresh parsley and black olives before serving.');
INSERT INTO Quantities (recipe_id, quantity) VALUES (44, 4);
INSERT INTO Tags (tag_name) VALUES ('portuguese-food');
INSERT INTO recipe_tags (recipe_id, tag_id) VALUES (44, 67);
INSERT INTO recipe_tags (recipe_id, tag_id) VALUES (44, 19);
INSERT INTO recipe_tags (recipe_id, tag_id) VALUES (44, 22);
INSERT INTO recipe_meal (recipe_id, meal_id) VALUES (44, 5);
INSERT INTO recipe_meal (recipe_id, meal_id) VALUES (44, 1);
INSERT INTO kitchenware_for_recipe (recipe_id, kitchenware_id) VALUES (44, 64);
INSERT INTO kitchenware_for_recipe (recipe_id, kitchenware_id) VALUES (44, 64);
INSERT INTO kitchenware_for_recipe (recipe_id, kitchenware_id) VALUES (44, 64);
INSERT INTO dietaryinfo (recipe_id, fat_content, protein_content, hydrocarbon_content) VALUES (44, 18, 27, 55);
INSERT INTO Recipes (name, short_desc , recipe_type, difficulty_level, TIP1 ,TIP2 ,TIP3, prep_time, cook_time, cuisine_id) VALUES ('Portuguese Bacalhau à Brás', 'Traditional Portuguese dish featuring salted cod, onions, potatoes, and eggs, all cooked in olive oil and garnished with parsley and olives.', 'gastronomy', '3', 'Soak salted cod in water for 24-48 hours, changing the water several times, to remove excess salt.', 'Use thinly sliced potatoes that are fried until golden and crispy for added texture to the dish.', 'Stir in beaten eggs at the end and cook gently to create creamy, scrambled eggs with the cod mixture.', '00:1:00', '00:30:00', 9);
INSERT INTO Ingredients (food_group_id, name, calories_per_100_units) VALUES (9, 'Cod or Haddock Fillets', 82);
INSERT INTO requires (recipe_id, ingredient_id, quantity, num_units, main_ingredient) VALUES (45, 268, '4', 250, 1);
INSERT INTO Ingredients (food_group_id, name, calories_per_100_units) VALUES (1, 'Potatoes (Cut into Chunky Chips)', 77);
INSERT INTO requires (recipe_id, ingredient_id, quantity, num_units, main_ingredient) VALUES (45, 269, '4', 251, 0);
INSERT INTO requires (recipe_id, ingredient_id, quantity, num_units, main_ingredient) VALUES (45, 7, '1 cup', 493, 0);
INSERT INTO requires (recipe_id, ingredient_id, quantity, num_units, main_ingredient) VALUES (45, 88, '1/2 cup', 283, 0);
INSERT INTO requires (recipe_id, ingredient_id, quantity, num_units, main_ingredient) VALUES (45, 139, '1 tsp', 215, 0);
INSERT INTO Ingredients (food_group_id, name, calories_per_100_units) VALUES (11, 'Sparkling Water', 0);
INSERT INTO requires (recipe_id, ingredient_id, quantity, num_units, main_ingredient) VALUES (45, 270, '1 cup', 278, 0);
INSERT INTO requires (recipe_id, ingredient_id, quantity, num_units, main_ingredient) VALUES (45, 6, 'To taste', 238, 0);
INSERT INTO requires (recipe_id, ingredient_id, quantity, num_units, main_ingredient) VALUES (45, 5, 'To taste', 353, 0);
INSERT INTO requires (recipe_id, ingredient_id, quantity, num_units, main_ingredient) VALUES (45, 175, 'For frying', 245, 0);
INSERT INTO Ingredients (food_group_id, name, calories_per_100_units) VALUES (1, 'Mushy Peas (For Serving)', 76);
INSERT INTO requires (recipe_id, ingredient_id, quantity, num_units, main_ingredient) VALUES (45, 271, 'For serving', 207, 0);
INSERT INTO Ingredients (food_group_id, name, calories_per_100_units) VALUES (11, 'Tartar Sauce (For Serving)', 422);
INSERT INTO requires (recipe_id, ingredient_id, quantity, num_units, main_ingredient) VALUES (45, 272, 'For serving', 303, 0);
INSERT INTO Themes (name,descr) VALUES ('British Classics', 'N/A');
INSERT INTO recipe_theme (recipe_id, theme_id) VALUES (45, 28);
INSERT INTO Steps (recipe_id, step_number, step_desc) VALUES (45, 1, 'Preheat vegetable oil in a deep fryer or large pot to 180°C (350°F).');
INSERT INTO Steps (recipe_id, step_number, step_desc) VALUES (45, 2, 'Peel and cut potatoes into chunky chips. Rinse under cold water and pat dry with paper towels.');
INSERT INTO Steps (recipe_id, step_number, step_desc) VALUES (45, 3, 'In a bowl, combine all-purpose flour, cornstarch, baking powder, salt, and black pepper. Gradually whisk in sparkling water until a smooth batter forms.');
INSERT INTO Steps (recipe_id, step_number, step_desc) VALUES (45, 4, 'Dip fish fillets into the batter, ensuring they are well coated.');
INSERT INTO Steps (recipe_id, step_number, step_desc) VALUES (45, 5, 'Carefully lower battered fish fillets into the hot oil and fry for 5-6 minutes until golden brown and crispy. Drain on paper towels.');
INSERT INTO Steps (recipe_id, step_number, step_desc) VALUES (45, 6, 'In the same hot oil, fry the chunky potato chips until golden and crispy, about 4-5 minutes. Drain on paper towels and sprinkle with salt.');
INSERT INTO Steps (recipe_id, step_number, step_desc) VALUES (45, 7, 'Serve crispy fish and chips hot, with mushy peas and tartar sauce on the side.');
INSERT INTO Quantities (recipe_id, quantity) VALUES (45, 4);
INSERT INTO Tags (tag_name) VALUES ('british-food');
INSERT INTO recipe_tags (recipe_id, tag_id) VALUES (45, 68);
INSERT INTO recipe_tags (recipe_id, tag_id) VALUES (45, 19);
INSERT INTO recipe_tags (recipe_id, tag_id) VALUES (45, 22);
INSERT INTO recipe_tags (recipe_id, tag_id) VALUES (45, 1);
INSERT INTO recipe_meal (recipe_id, meal_id) VALUES (45, 5);
INSERT INTO recipe_meal (recipe_id, meal_id) VALUES (45, 1);
INSERT INTO Kitchenware (name,usage_desc) VALUES ('Deep Fryer or Large Pot', 'For frying fish and chips');
INSERT INTO kitchenware_for_recipe (recipe_id, kitchenware_id) VALUES (45, 65);
INSERT INTO kitchenware_for_recipe (recipe_id, kitchenware_id) VALUES (45, 65);
INSERT INTO kitchenware_for_recipe (recipe_id, kitchenware_id) VALUES (45, 65);
INSERT INTO Cuisines (country_name) VALUES ('English');
INSERT INTO dietaryinfo (recipe_id, fat_content, protein_content, hydrocarbon_content) VALUES (45, 15, 20, 45);
INSERT INTO Recipes (name, short_desc , recipe_type, difficulty_level, TIP1 ,TIP2 ,TIP3, prep_time, cook_time, cuisine_id) VALUES ('English Fish and Chips', 'Classic British dish featuring crispy battered fish fillets served with chunky potato chips, mushy peas, and tartar sauce.', 'gastronomy', '3', 'Use firm white fish fillets such as cod or haddock for the best results in this dish.', 'Ensure the batter is light and crispy by using sparkling water and a combination of flour and cornstarch.', 'Fry fish and chips in hot oil until golden brown and crispy, and drain on paper towels to remove excess oil.', '00:30:00', '00:20:00', 20);
INSERT INTO Ingredients (food_group_id, name, calories_per_100_units) VALUES (7, 'Chicken (Cut into Pieces)', 219);
INSERT INTO requires (recipe_id, ingredient_id, quantity, num_units, main_ingredient) VALUES (46, 273, '1.5 kg', 455, 1);
INSERT INTO Ingredients (food_group_id, name, calories_per_100_units) VALUES (11, 'Red Wine (Burgundy or Pinot Noir)', 82);
INSERT INTO requires (recipe_id, ingredient_id, quantity, num_units, main_ingredient) VALUES (46, 274, '2 cups', 364, 0);
INSERT INTO requires (recipe_id, ingredient_id, quantity, num_units, main_ingredient) VALUES (46, 194, '2', 456, 0);
INSERT INTO requires (recipe_id, ingredient_id, quantity, num_units, main_ingredient) VALUES (46, 231, '2', 411, 0);
INSERT INTO Ingredients (food_group_id, name, calories_per_100_units) VALUES (6, 'Bacon Lardons', 533);
INSERT INTO requires (recipe_id, ingredient_id, quantity, num_units, main_ingredient) VALUES (46, 275, '200g', 364, 0);
INSERT INTO Ingredients (food_group_id, name, calories_per_100_units) VALUES (1, 'Button Mushrooms (Quartered)', 22);
INSERT INTO requires (recipe_id, ingredient_id, quantity, num_units, main_ingredient) VALUES (46, 276, '200g', 289, 0);
INSERT INTO requires (recipe_id, ingredient_id, quantity, num_units, main_ingredient) VALUES (46, 154, '4 cloves', 466, 0);
INSERT INTO requires (recipe_id, ingredient_id, quantity, num_units, main_ingredient) VALUES (46, 7, '1/4 cup', 478, 0);
INSERT INTO requires (recipe_id, ingredient_id, quantity, num_units, main_ingredient) VALUES (46, 208, '2 cups', 220, 0);
INSERT INTO requires (recipe_id, ingredient_id, quantity, num_units, main_ingredient) VALUES (46, 135, '4 sprigs', 497, 0);
INSERT INTO requires (recipe_id, ingredient_id, quantity, num_units, main_ingredient) VALUES (46, 195, '2', 299, 0);
INSERT INTO requires (recipe_id, ingredient_id, quantity, num_units, main_ingredient) VALUES (46, 8, '2 tbsp', 244, 0);
INSERT INTO requires (recipe_id, ingredient_id, quantity, num_units, main_ingredient) VALUES (46, 6, 'To taste', 210, 0);
INSERT INTO requires (recipe_id, ingredient_id, quantity, num_units, main_ingredient) VALUES (46, 5, 'To taste', 423, 0);
INSERT INTO requires (recipe_id, ingredient_id, quantity, num_units, main_ingredient) VALUES (46, 213, 'For garnish', 329, 0);
INSERT INTO Themes (name,descr) VALUES ('French Delicacies', 'N/A');
INSERT INTO recipe_theme (recipe_id, theme_id) VALUES (46, 29);
INSERT INTO Steps (recipe_id, step_number, step_desc) VALUES (46, 1, 'In a large bowl, combine chicken pieces with red wine, chopped onions, chopped carrots, bacon lardons, quartered button mushrooms, minced garlic, fresh thyme, and bay leaves. Cover and refrigerate for several hours or overnight.');
INSERT INTO Steps (recipe_id, step_number, step_desc) VALUES (46, 2, 'Remove chicken pieces from the marinade and pat dry with paper towels. Reserve the marinade.');
INSERT INTO Steps (recipe_id, step_number, step_desc) VALUES (46, 3, 'Season chicken pieces with salt and black pepper, then dredge in all-purpose flour, shaking off excess.');
INSERT INTO Steps (recipe_id, step_number, step_desc) VALUES (46, 4, 'In a Dutch oven or large pot, melt butter over medium heat. Add chicken pieces and brown on all sides.');
INSERT INTO Steps (recipe_id, step_number, step_desc) VALUES (46, 5, 'Pour reserved marinade and chicken stock into the pot. Bring to a simmer, then cover and cook over low heat for 1.5-2 hours, stirring occasionally, until chicken is tender and cooked through.');
INSERT INTO Steps (recipe_id, step_number, step_desc) VALUES (46, 6, 'Remove chicken pieces from the pot and keep warm.');
INSERT INTO Steps (recipe_id, step_number, step_desc) VALUES (46, 7, 'Simmer the sauce over medium heat until slightly thickened, about 10-15 minutes. Season with salt and black pepper to taste.');
INSERT INTO Steps (recipe_id, step_number, step_desc) VALUES (46, 8, 'Return chicken pieces to the pot and simmer for an additional 5 minutes to heat through.');
INSERT INTO Steps (recipe_id, step_number, step_desc) VALUES (46, 9, 'Serve Coq au Vin hot, garnished with chopped fresh parsley.');
INSERT INTO Quantities (recipe_id, quantity) VALUES (46, 6);
INSERT INTO recipe_tags (recipe_id, tag_id) VALUES (46, 46);
INSERT INTO Tags (tag_name) VALUES ('chicken-dish');
INSERT INTO recipe_tags (recipe_id, tag_id) VALUES (46, 69);
INSERT INTO recipe_tags (recipe_id, tag_id) VALUES (46, 22);
INSERT INTO recipe_meal (recipe_id, meal_id) VALUES (46, 5);
INSERT INTO recipe_meal (recipe_id, meal_id) VALUES (46, 1);
INSERT INTO Kitchenware (name,usage_desc) VALUES ('Dutch Oven or Large Pot', 'For braising chicken');
INSERT INTO kitchenware_for_recipe (recipe_id, kitchenware_id) VALUES (46, 66);
INSERT INTO kitchenware_for_recipe (recipe_id, kitchenware_id) VALUES (46, 66);
INSERT INTO kitchenware_for_recipe (recipe_id, kitchenware_id) VALUES (46, 66);
INSERT INTO dietaryinfo (recipe_id, fat_content, protein_content, hydrocarbon_content) VALUES (46, 30, 28, 42);
INSERT INTO Recipes (name, short_desc , recipe_type, difficulty_level, TIP1 ,TIP2 ,TIP3, prep_time, cook_time, cuisine_id) VALUES ('French Coq au Vin', 'Classic French dish featuring chicken braised in red wine with mushrooms, onions, bacon, and aromatic herbs, resulting in a rich and flavorful stew.', 'gastronomy', '4', 'Marinate chicken pieces in red wine, garlic, and herbs for several hours or overnight to tenderize and infuse flavor.', 'Use a good quality red wine such as Burgundy or Pinot Noir for authentic flavor in this dish.', 'Braise chicken slowly over low heat to ensure tender meat and a rich sauce.', '00:30:00', '00:2:00', 2);
INSERT INTO requires (recipe_id, ingredient_id, quantity, num_units, main_ingredient) VALUES (47, 7, '2 cups', 324, 1);
INSERT INTO Ingredients (food_group_id, name, calories_per_100_units) VALUES (11, 'Instant Yeast', 7);
INSERT INTO requires (recipe_id, ingredient_id, quantity, num_units, main_ingredient) VALUES (47, 277, '1 tsp', 403, 0);
INSERT INTO Ingredients (food_group_id, name, calories_per_100_units) VALUES (4, 'Warm Milk', 61);
INSERT INTO requires (recipe_id, ingredient_id, quantity, num_units, main_ingredient) VALUES (47, 278, '1/2 cup', 284, 0);
INSERT INTO requires (recipe_id, ingredient_id, quantity, num_units, main_ingredient) VALUES (47, 13, '1/4 cup', 222, 0);
INSERT INTO requires (recipe_id, ingredient_id, quantity, num_units, main_ingredient) VALUES (47, 215, '1/4 cup', 461, 0);
INSERT INTO requires (recipe_id, ingredient_id, quantity, num_units, main_ingredient) VALUES (47, 14, '1', 318, 0);
INSERT INTO requires (recipe_id, ingredient_id, quantity, num_units, main_ingredient) VALUES (47, 15, '1 tsp', 230, 0);
INSERT INTO requires (recipe_id, ingredient_id, quantity, num_units, main_ingredient) VALUES (47, 6, '1/4 tsp', 218, 0);
INSERT INTO requires (recipe_id, ingredient_id, quantity, num_units, main_ingredient) VALUES (47, 12, '1 cup', 205, 0);
INSERT INTO requires (recipe_id, ingredient_id, quantity, num_units, main_ingredient) VALUES (47, 8, '1/2 cup', 310, 0);
INSERT INTO requires (recipe_id, ingredient_id, quantity, num_units, main_ingredient) VALUES (47, 111, '1 tsp', 236, 0);
INSERT INTO Themes (name,descr) VALUES ('Dutch Treats', 'N/A');
INSERT INTO recipe_theme (recipe_id, theme_id) VALUES (47, 30);
INSERT INTO Steps (recipe_id, step_number, step_desc) VALUES (47, 1, 'In a large bowl, combine all-purpose flour and instant yeast.');
INSERT INTO Steps (recipe_id, step_number, step_desc) VALUES (47, 2, 'In a separate bowl, mix warm milk, granulated sugar, melted butter, egg, vanilla extract, and salt.');
INSERT INTO Steps (recipe_id, step_number, step_desc) VALUES (47, 3, 'Gradually add the wet ingredients to the dry ingredients, stirring until a dough forms.');
INSERT INTO Steps (recipe_id, step_number, step_desc) VALUES (47, 4, 'Cover the bowl with plastic wrap and let the dough rise in a warm place for 1 hour, or until doubled in size.');
INSERT INTO Steps (recipe_id, step_number, step_desc) VALUES (47, 5, 'Divide the dough into small balls and roll each ball into a thin circle using a rolling pin.');
INSERT INTO Steps (recipe_id, step_number, step_desc) VALUES (47, 6, 'Preheat a pizzelle or waffle iron and cook the dough circles until golden and crispy.');
INSERT INTO Steps (recipe_id, step_number, step_desc) VALUES (47, 7, 'While the waffle cookies are still warm, slice each one in half horizontally to create two thin waffle layers.');
INSERT INTO Steps (recipe_id, step_number, step_desc) VALUES (47, 8, 'In a saucepan, combine brown sugar, butter, and ground cinnamon. Cook over medium heat until the mixture is smooth and caramelized.');
INSERT INTO Steps (recipe_id, step_number, step_desc) VALUES (47, 9, 'Spread a generous amount of caramel syrup filling onto one half of each waffle cookie and sandwich with the other half.');
INSERT INTO Steps (recipe_id, step_number, step_desc) VALUES (47, 10, 'Allow the stroopwafels to cool slightly before serving to allow the caramel syrup filling to set.');
INSERT INTO Quantities (recipe_id, quantity) VALUES (47, 12);
INSERT INTO Tags (tag_name) VALUES ('dutch-food');
INSERT INTO recipe_tags (recipe_id, tag_id) VALUES (47, 70);
INSERT INTO Tags (tag_name) VALUES ('waffle-cookie');
INSERT INTO recipe_tags (recipe_id, tag_id) VALUES (47, 71);
INSERT INTO recipe_tags (recipe_id, tag_id) VALUES (47, 14);
INSERT INTO recipe_tags (recipe_id, tag_id) VALUES (47, 33);
INSERT INTO recipe_tags (recipe_id, tag_id) VALUES (47, 1);
INSERT INTO recipe_meal (recipe_id, meal_id) VALUES (47, 4);
INSERT INTO recipe_meal (recipe_id, meal_id) VALUES (47, 3);
INSERT INTO Kitchenware (name,usage_desc) VALUES ('Pizzelle or Waffle Iron', 'For cooking waffle cookies');
INSERT INTO kitchenware_for_recipe (recipe_id, kitchenware_id) VALUES (47, 67);
INSERT INTO kitchenware_for_recipe (recipe_id, kitchenware_id) VALUES (47, 67);
INSERT INTO kitchenware_for_recipe (recipe_id, kitchenware_id) VALUES (47, 67);
INSERT INTO Cuisines (country_name) VALUES ('Dutch');
INSERT INTO dietaryinfo (recipe_id, fat_content, protein_content, hydrocarbon_content) VALUES (47, 30, 25, 45);
INSERT INTO Recipes (name, short_desc , recipe_type, difficulty_level, TIP1 ,TIP2 ,TIP3, prep_time, cook_time, cuisine_id) VALUES ('Dutch Stroopwafels', 'Delicious Dutch treat consisting of thin waffle cookies sandwiched together with caramel syrup filling, best enjoyed with a cup of coffee or tea.', 'pastry', '3', 'Use a pizzelle or waffle iron to make thin, crispy waffle cookies for the stroopwafels.', 'Make the caramel syrup filling with a combination of brown sugar, butter, and cinnamon for authentic flavor.', 'Press the warm waffle cookies together with the caramel syrup filling and allow them to cool slightly before serving for the perfect texture.', '00:30:00', '00:30:00', 21);
INSERT INTO Ingredients (food_group_id, name, calories_per_100_units) VALUES (7, 'Chicken Drumsticks', 219);
INSERT INTO requires (recipe_id, ingredient_id, quantity, num_units, main_ingredient) VALUES (48, 279, '8', 344, 1);
INSERT INTO requires (recipe_id, ingredient_id, quantity, num_units, main_ingredient) VALUES (48, 22, '1/4 cup', 486, 0);
INSERT INTO requires (recipe_id, ingredient_id, quantity, num_units, main_ingredient) VALUES (48, 6, '1 tsp', 448, 0);
INSERT INTO Ingredients (food_group_id, name, calories_per_100_units) VALUES (1, 'Red Onion (Chopped)', 40);
INSERT INTO requires (recipe_id, ingredient_id, quantity, num_units, main_ingredient) VALUES (48, 280, '2', 412, 0);
INSERT INTO requires (recipe_id, ingredient_id, quantity, num_units, main_ingredient) VALUES (48, 154, '4 cloves', 392, 0);
INSERT INTO requires (recipe_id, ingredient_id, quantity, num_units, main_ingredient) VALUES (48, 153, '1 tbsp', 496, 0);
INSERT INTO Ingredients (food_group_id, name, calories_per_100_units) VALUES (11, 'Berbere Spice Blend', 43);
INSERT INTO requires (recipe_id, ingredient_id, quantity, num_units, main_ingredient) VALUES (48, 281, '1/4 cup', 293, 0);
INSERT INTO requires (recipe_id, ingredient_id, quantity, num_units, main_ingredient) VALUES (48, 250, '2 tbsp', 201, 0);
INSERT INTO requires (recipe_id, ingredient_id, quantity, num_units, main_ingredient) VALUES (48, 208, '2 cups', 254, 0);
INSERT INTO Ingredients (food_group_id, name, calories_per_100_units) VALUES (8, 'Hard-Boiled Eggs (Peeled)', 143);
INSERT INTO requires (recipe_id, ingredient_id, quantity, num_units, main_ingredient) VALUES (48, 282, '4', 406, 0);
INSERT INTO Ingredients (food_group_id, name, calories_per_100_units) VALUES (1, 'Fresh Cilantro (Chopped, For Garnish)', 23);
INSERT INTO requires (recipe_id, ingredient_id, quantity, num_units, main_ingredient) VALUES (48, 283, 'For garnish', 302, 0);
INSERT INTO Ingredients (food_group_id, name, calories_per_100_units) VALUES (3, 'Injera (For Serving)', 168);
INSERT INTO requires (recipe_id, ingredient_id, quantity, num_units, main_ingredient) VALUES (48, 284, 'For serving', 325, 0);
INSERT INTO Themes (name,descr) VALUES ('African Delights', 'N/A');
INSERT INTO recipe_theme (recipe_id, theme_id) VALUES (48, 31);
INSERT INTO Steps (recipe_id, step_number, step_desc) VALUES (48, 1, 'In a bowl, marinate chicken drumsticks in lemon juice and salt for 1 hour.');
INSERT INTO Steps (recipe_id, step_number, step_desc) VALUES (48, 2, 'In a large pot, heat oil over medium heat. Add chopped onions, minced garlic, and minced ginger, and sauté until softened.');
INSERT INTO Steps (recipe_id, step_number, step_desc) VALUES (48, 3, 'Stir in berbere spice blend and tomato paste, and cook for 2-3 minutes until fragrant.');
INSERT INTO Steps (recipe_id, step_number, step_desc) VALUES (48, 4, 'Add marinated chicken drumsticks to the pot and brown on all sides.');
INSERT INTO Steps (recipe_id, step_number, step_desc) VALUES (48, 5, 'Pour chicken stock into the pot and bring to a simmer. Cover and cook over low heat for 1.5-2 hours until the chicken is tender and cooked through.');
INSERT INTO Steps (recipe_id, step_number, step_desc) VALUES (48, 6, 'Add hard-boiled eggs to the pot and simmer for an additional 10 minutes to allow them to absorb the flavors.');
INSERT INTO Steps (recipe_id, step_number, step_desc) VALUES (48, 7, 'Garnish doro wat with chopped fresh cilantro and serve hot with injera.');
INSERT INTO Quantities (recipe_id, quantity) VALUES (48, 4);
INSERT INTO Tags (tag_name) VALUES ('ethiopian-food');
INSERT INTO recipe_tags (recipe_id, tag_id) VALUES (48, 72);
INSERT INTO recipe_tags (recipe_id, tag_id) VALUES (48, 64);
INSERT INTO recipe_tags (recipe_id, tag_id) VALUES (48, 22);
INSERT INTO recipe_meal (recipe_id, meal_id) VALUES (48, 5);
INSERT INTO recipe_meal (recipe_id, meal_id) VALUES (48, 1);
INSERT INTO kitchenware_for_recipe (recipe_id, kitchenware_id) VALUES (48, 67);
INSERT INTO kitchenware_for_recipe (recipe_id, kitchenware_id) VALUES (48, 67);
INSERT INTO kitchenware_for_recipe (recipe_id, kitchenware_id) VALUES (48, 67);
INSERT INTO Cuisines (country_name) VALUES ('Ethiopian');
INSERT INTO dietaryinfo (recipe_id, fat_content, protein_content, hydrocarbon_content) VALUES (48, 19, 33, 48);
INSERT INTO Recipes (name, short_desc , recipe_type, difficulty_level, TIP1 ,TIP2 ,TIP3, prep_time, cook_time, cuisine_id) VALUES ('Ethiopian Doro Wat', 'Traditional Ethiopian chicken stew simmered in a rich and spicy berbere sauce with onions, garlic, ginger, and hard-boiled eggs, served with injera.', 'gastronomy', '4', 'Marinate chicken pieces in lemon juice and salt for 1 hour to tenderize and remove excess odor.', 'Make berbere spice blend from scratch using a combination of chili peppers, garlic, ginger, fenugreek, and other aromatic spices for authentic flavor.', 'Simmer doro wat over low heat for at least 1.5-2 hours to allow the flavors to develop and the chicken to become tender.', '00:45:00', '00:2:00', 22);
INSERT INTO Ingredients (food_group_id, name, calories_per_100_units) VALUES (7, 'Chicken Breast (Boneless, Skinless)', 165);
INSERT INTO requires (recipe_id, ingredient_id, quantity, num_units, main_ingredient) VALUES (49, 285, '400g', 315, 1);
INSERT INTO requires (recipe_id, ingredient_id, quantity, num_units, main_ingredient) VALUES (49, 45, '2 tbsp', 353, 0);
INSERT INTO Ingredients (food_group_id, name, calories_per_100_units) VALUES (11, 'Chinese Rice Wine (Shaoxing Wine)', 0);
INSERT INTO requires (recipe_id, ingredient_id, quantity, num_units, main_ingredient) VALUES (49, 286, '2 tbsp', 218, 0);
INSERT INTO requires (recipe_id, ingredient_id, quantity, num_units, main_ingredient) VALUES (49, 88, '2 tbsp', 373, 0);
INSERT INTO requires (recipe_id, ingredient_id, quantity, num_units, main_ingredient) VALUES (49, 77, '2 tbsp', 277, 0);
INSERT INTO requires (recipe_id, ingredient_id, quantity, num_units, main_ingredient) VALUES (49, 154, '4 cloves', 294, 0);
INSERT INTO requires (recipe_id, ingredient_id, quantity, num_units, main_ingredient) VALUES (49, 153, '1 tbsp', 337, 0);
INSERT INTO Ingredients (food_group_id, name, calories_per_100_units) VALUES (1, 'Dried Red Chili Peppers', 288);
INSERT INTO requires (recipe_id, ingredient_id, quantity, num_units, main_ingredient) VALUES (49, 287, '6', 419, 0);
INSERT INTO Ingredients (food_group_id, name, calories_per_100_units) VALUES (1, 'Green Bell Pepper (Diced)', 20);
INSERT INTO requires (recipe_id, ingredient_id, quantity, num_units, main_ingredient) VALUES (49, 288, '1', 252, 0);
INSERT INTO Ingredients (food_group_id, name, calories_per_100_units) VALUES (1, 'Red Bell Pepper (Diced)', 31);
INSERT INTO requires (recipe_id, ingredient_id, quantity, num_units, main_ingredient) VALUES (49, 289, '1', 275, 0);
INSERT INTO Ingredients (food_group_id, name, calories_per_100_units) VALUES (1, 'Scallions (Chopped)', 31);
INSERT INTO requires (recipe_id, ingredient_id, quantity, num_units, main_ingredient) VALUES (49, 290, '4', 466, 0);
INSERT INTO Ingredients (food_group_id, name, calories_per_100_units) VALUES (11, 'Roasted Peanuts', 567);
INSERT INTO requires (recipe_id, ingredient_id, quantity, num_units, main_ingredient) VALUES (49, 291, '1/2 cup', 235, 0);
INSERT INTO requires (recipe_id, ingredient_id, quantity, num_units, main_ingredient) VALUES (49, 45, '2 tbsp', 383, 0);
INSERT INTO Ingredients (food_group_id, name, calories_per_100_units) VALUES (11, 'Chinese Black Vinegar', 15);
INSERT INTO requires (recipe_id, ingredient_id, quantity, num_units, main_ingredient) VALUES (49, 292, '1 tbsp', 483, 0);
INSERT INTO requires (recipe_id, ingredient_id, quantity, num_units, main_ingredient) VALUES (49, 9, '1 tsp', 337, 0);
INSERT INTO requires (recipe_id, ingredient_id, quantity, num_units, main_ingredient) VALUES (49, 88, '1 tsp', 257, 0);
INSERT INTO requires (recipe_id, ingredient_id, quantity, num_units, main_ingredient) VALUES (49, 89, '2 tbsp', 497, 0);
INSERT INTO Themes (name,descr) VALUES ('Oriental Delights', 'N/A');
INSERT INTO recipe_theme (recipe_id, theme_id) VALUES (49, 32);
INSERT INTO Steps (recipe_id, step_number, step_desc) VALUES (49, 1, 'Slice chicken breast into bite-sized pieces and place in a bowl. Add soy sauce, Chinese rice wine, and cornstarch, and toss to coat. Let marinate for at least 30 minutes.');
INSERT INTO Steps (recipe_id, step_number, step_desc) VALUES (49, 2, 'In a small bowl, mix soy sauce, Chinese black vinegar, sugar, cornstarch, and water to make the sauce. Set aside.');
INSERT INTO Steps (recipe_id, step_number, step_desc) VALUES (49, 3, 'Heat vegetable oil in a wok or large skillet over high heat. Add minced garlic, minced ginger, and dried red chili peppers, and stir-fry for 30 seconds until fragrant.');
INSERT INTO Steps (recipe_id, step_number, step_desc) VALUES (49, 4, 'Add marinated chicken to the wok and stir-fry until browned and cooked through.');
INSERT INTO Steps (recipe_id, step_number, step_desc) VALUES (49, 5, 'Add diced green bell pepper, diced red bell pepper, chopped scallions, and roasted peanuts to the wok, and stir-fry for 2-3 minutes until vegetables are tender-crisp.');
INSERT INTO Steps (recipe_id, step_number, step_desc) VALUES (49, 6, 'Pour the sauce into the wok and stir-fry for an additional 1-2 minutes until the sauce thickens and coats the chicken and vegetables evenly.');
INSERT INTO Steps (recipe_id, step_number, step_desc) VALUES (49, 7, 'Serve Kung Pao chicken hot with steamed rice.');
INSERT INTO Quantities (recipe_id, quantity) VALUES (49, 4);
INSERT INTO recipe_tags (recipe_id, tag_id) VALUES (49, 53);
INSERT INTO Tags (tag_name) VALUES ('stir-fry');
INSERT INTO recipe_tags (recipe_id, tag_id) VALUES (49, 73);
INSERT INTO recipe_tags (recipe_id, tag_id) VALUES (49, 22);
INSERT INTO recipe_meal (recipe_id, meal_id) VALUES (49, 5);
INSERT INTO recipe_meal (recipe_id, meal_id) VALUES (49, 1);
INSERT INTO kitchenware_for_recipe (recipe_id, kitchenware_id) VALUES (49, 67);
INSERT INTO Kitchenware (name,usage_desc) VALUES ('Bowls', 'For marinating chicken and mixing sauce');
INSERT INTO kitchenware_for_recipe (recipe_id, kitchenware_id) VALUES (49, 68);
INSERT INTO kitchenware_for_recipe (recipe_id, kitchenware_id) VALUES (49, 68);
INSERT INTO dietaryinfo (recipe_id, fat_content, protein_content, hydrocarbon_content) VALUES (49, 15, 27, 46);
INSERT INTO Recipes (name, short_desc , recipe_type, difficulty_level, TIP1 ,TIP2 ,TIP3, prep_time, cook_time, cuisine_id) VALUES ('Chinese Kung Pao Chicken', 'Classic Chinese stir-fry dish featuring tender chicken, peanuts, vegetables, and chili peppers, all tossed in a savory and spicy sauce.', 'gastronomy', '3', 'Marinate chicken pieces in soy sauce, rice wine, and cornstarch for at least 30 minutes to tenderize and flavor the meat.', 'Toast peanuts in a dry skillet until golden and fragrant before adding them to the stir-fry for extra crunch and flavor.', 'Stir-fry chicken and vegetables over high heat for a short time to retain their crispness and vibrant colors.', '00:20:00', '00:15:00', 16);
INSERT INTO Ingredients (food_group_id, name, calories_per_100_units) VALUES (7, 'Chicken Thighs (Bone-in, Skin-on)', 219);
INSERT INTO requires (recipe_id, ingredient_id, quantity, num_units, main_ingredient) VALUES (50, 293, '1.5 kg', 267, 1);
INSERT INTO Ingredients (food_group_id, name, calories_per_100_units) VALUES (11, 'White Vinegar', 18);
INSERT INTO requires (recipe_id, ingredient_id, quantity, num_units, main_ingredient) VALUES (50, 294, '1/2 cup', 211, 0);
INSERT INTO requires (recipe_id, ingredient_id, quantity, num_units, main_ingredient) VALUES (50, 45, '1/2 cup', 275, 0);
INSERT INTO requires (recipe_id, ingredient_id, quantity, num_units, main_ingredient) VALUES (50, 154, '6 cloves', 299, 0);
INSERT INTO Ingredients (food_group_id, name, calories_per_100_units) VALUES (11, 'Whole Peppercorns', 251);
INSERT INTO requires (recipe_id, ingredient_id, quantity, num_units, main_ingredient) VALUES (50, 295, '1 tsp', 494, 0);
INSERT INTO requires (recipe_id, ingredient_id, quantity, num_units, main_ingredient) VALUES (50, 195, '3', 267, 0);
INSERT INTO requires (recipe_id, ingredient_id, quantity, num_units, main_ingredient) VALUES (50, 89, '1 cup', 399, 0);
INSERT INTO Ingredients (food_group_id, name, calories_per_100_units) VALUES (10, 'Cooking Oil', 884);
INSERT INTO requires (recipe_id, ingredient_id, quantity, num_units, main_ingredient) VALUES (50, 296, '2 tbsp', 392, 0);
INSERT INTO Ingredients (food_group_id, name, calories_per_100_units) VALUES (1, 'Scallions (Chopped, For Garnish)', 31);
INSERT INTO requires (recipe_id, ingredient_id, quantity, num_units, main_ingredient) VALUES (50, 297, 'For garnish', 463, 0);
INSERT INTO Ingredients (food_group_id, name, calories_per_100_units) VALUES (1, 'Toasted Garlic (For Garnish)', 149);
INSERT INTO requires (recipe_id, ingredient_id, quantity, num_units, main_ingredient) VALUES (50, 298, 'For garnish', 314, 0);
INSERT INTO Themes (name,descr) VALUES ('Tropical Flavors', 'N/A');
INSERT INTO recipe_theme (recipe_id, theme_id) VALUES (50, 33);
INSERT INTO Steps (recipe_id, step_number, step_desc) VALUES (50, 1, 'In a large bowl, combine chicken thighs, white vinegar, soy sauce, minced garlic, and whole peppercorns. Marinate for at least 1 hour.');
INSERT INTO Steps (recipe_id, step_number, step_desc) VALUES (50, 2, 'Heat cooking oil in a large pot over medium heat. Remove chicken from marinade and brown on all sides.');
INSERT INTO Steps (recipe_id, step_number, step_desc) VALUES (50, 3, 'Pour marinade and water into the pot. Add bay leaves and bring to a boil.');
INSERT INTO Steps (recipe_id, step_number, step_desc) VALUES (50, 4, 'Reduce heat to low, cover, and simmer for 30-40 minutes until chicken is tender and cooked through.');
INSERT INTO Steps (recipe_id, step_number, step_desc) VALUES (50, 5, 'Uncover and increase heat to medium. Cook for an additional 10-15 minutes to reduce the sauce until thick and glossy.');
INSERT INTO Steps (recipe_id, step_number, step_desc) VALUES (50, 6, 'Garnish Filipino Chicken Adobo with chopped scallions and toasted garlic before serving. Enjoy with steamed rice.');
INSERT INTO Quantities (recipe_id, quantity) VALUES (50, 6);
INSERT INTO Tags (tag_name) VALUES ('filipino-food');
INSERT INTO recipe_tags (recipe_id, tag_id) VALUES (50, 74);
INSERT INTO recipe_tags (recipe_id, tag_id) VALUES (50, 69);
INSERT INTO recipe_tags (recipe_id, tag_id) VALUES (50, 22);
INSERT INTO recipe_meal (recipe_id, meal_id) VALUES (50, 5);
INSERT INTO recipe_meal (recipe_id, meal_id) VALUES (50, 1);
INSERT INTO kitchenware_for_recipe (recipe_id, kitchenware_id) VALUES (50, 68);
INSERT INTO kitchenware_for_recipe (recipe_id, kitchenware_id) VALUES (50, 68);
INSERT INTO kitchenware_for_recipe (recipe_id, kitchenware_id) VALUES (50, 68);
INSERT INTO Cuisines (country_name) VALUES ('Filipino');
INSERT INTO dietaryinfo (recipe_id, fat_content, protein_content, hydrocarbon_content) VALUES (50, 30, 27, 43);
INSERT INTO Recipes (name, short_desc , recipe_type, difficulty_level, TIP1 ,TIP2 ,TIP3, prep_time, cook_time, cuisine_id) VALUES ('Filipino Chicken Adobo', 'Signature Filipino dish featuring chicken simmered in a tangy and savory sauce made from vinegar, soy sauce, garlic, and spices, served with steamed rice.', 'gastronomy', '3', 'Marinate chicken pieces in vinegar, soy sauce, garlic, and peppercorns for at least 1 hour to enhance flavor and tenderize the meat.', 'Simmer chicken in the marinade over low heat until tender, then reduce the sauce until thick and glossy for a rich and flavorful dish.', 'Garnish with chopped scallions and toasted garlic before serving for added freshness and aroma.', '00:15:00', '00:45:00', 23);
INSERT INTO requires (recipe_id, ingredient_id, quantity, num_units, main_ingredient) VALUES (51, 55, '1.5 kg', 408, 1);
INSERT INTO requires (recipe_id, ingredient_id, quantity, num_units, main_ingredient) VALUES (51, 231, '1', 399, 0);
INSERT INTO Ingredients (food_group_id, name, calories_per_100_units) VALUES (1, 'Celery Root (Chopped)', 42);
INSERT INTO requires (recipe_id, ingredient_id, quantity, num_units, main_ingredient) VALUES (51, 299, '1/2', 237, 0);
INSERT INTO requires (recipe_id, ingredient_id, quantity, num_units, main_ingredient) VALUES (51, 194, '1', 285, 0);
INSERT INTO requires (recipe_id, ingredient_id, quantity, num_units, main_ingredient) VALUES (51, 154, '4 cloves', 408, 0);
INSERT INTO Ingredients (food_group_id, name, calories_per_100_units) VALUES (11, 'Whole Allspice', 263);
INSERT INTO requires (recipe_id, ingredient_id, quantity, num_units, main_ingredient) VALUES (51, 300, '5', 359, 0);
INSERT INTO Ingredients (food_group_id, name, calories_per_100_units) VALUES (11, 'Whole Cloves', 274);
INSERT INTO requires (recipe_id, ingredient_id, quantity, num_units, main_ingredient) VALUES (51, 301, '3', 314, 0);
INSERT INTO requires (recipe_id, ingredient_id, quantity, num_units, main_ingredient) VALUES (51, 195, '2', 414, 0);
INSERT INTO requires (recipe_id, ingredient_id, quantity, num_units, main_ingredient) VALUES (51, 53, '1/4 cup', 414, 0);
INSERT INTO requires (recipe_id, ingredient_id, quantity, num_units, main_ingredient) VALUES (51, 27, '1 cup', 210, 0);
INSERT INTO requires (recipe_id, ingredient_id, quantity, num_units, main_ingredient) VALUES (51, 7, '2 tbsp', 392, 0);
INSERT INTO requires (recipe_id, ingredient_id, quantity, num_units, main_ingredient) VALUES (51, 8, '2 tbsp', 455, 0);
INSERT INTO requires (recipe_id, ingredient_id, quantity, num_units, main_ingredient) VALUES (51, 22, '1 tbsp', 305, 0);
INSERT INTO requires (recipe_id, ingredient_id, quantity, num_units, main_ingredient) VALUES (51, 13, '1 tsp', 472, 0);
INSERT INTO requires (recipe_id, ingredient_id, quantity, num_units, main_ingredient) VALUES (51, 6, 'To taste', 286, 0);
INSERT INTO requires (recipe_id, ingredient_id, quantity, num_units, main_ingredient) VALUES (51, 5, 'To taste', 495, 0);
INSERT INTO Ingredients (food_group_id, name, calories_per_100_units) VALUES (3, 'Bread Dumplings (For Serving)', 168);
INSERT INTO requires (recipe_id, ingredient_id, quantity, num_units, main_ingredient) VALUES (51, 302, 'For serving', 409, 0);
INSERT INTO Ingredients (food_group_id, name, calories_per_100_units) VALUES (2, 'Cranberry Compote (For Serving)', 83);
INSERT INTO requires (recipe_id, ingredient_id, quantity, num_units, main_ingredient) VALUES (51, 303, 'For serving', 342, 0);
INSERT INTO Themes (name,descr) VALUES ('Central European Comfort', 'N/A');
INSERT INTO recipe_theme (recipe_id, theme_id) VALUES (51, 34);
INSERT INTO Steps (recipe_id, step_number, step_desc) VALUES (51, 1, 'In a large bowl, combine chopped carrot, celery root, onion, minced garlic, whole allspice, whole cloves, bay leaves, red wine vinegar, and enough water to cover the beef sirloin. Add beef sirloin and marinate in the refrigerator for at least 24 hours.');
INSERT INTO Steps (recipe_id, step_number, step_desc) VALUES (51, 2, 'Preheat oven to 160°C (320°F). Remove beef sirloin from the marinade and pat dry with paper towels. Strain the marinade and reserve the vegetables.');
INSERT INTO Steps (recipe_id, step_number, step_desc) VALUES (51, 3, 'In a Dutch oven or large oven-safe pot, melt butter over medium heat. Add reserved vegetables and cook until softened.');
INSERT INTO Steps (recipe_id, step_number, step_desc) VALUES (51, 4, 'Add beef sirloin to the pot and brown on all sides. Pour in enough water to cover the meat, then cover the pot and transfer to the preheated oven.');
INSERT INTO Steps (recipe_id, step_number, step_desc) VALUES (51, 5, 'Braise beef in the oven for 3-4 hours until fork-tender, adding more water if necessary.');
INSERT INTO Steps (recipe_id, step_number, step_desc) VALUES (51, 6, 'Remove beef from the pot and let rest for 10 minutes before slicing thinly.');
INSERT INTO Steps (recipe_id, step_number, step_desc) VALUES (51, 7, 'Meanwhile, strain the cooking liquid and discard solids. Return liquid to the pot and bring to a simmer.');
INSERT INTO Steps (recipe_id, step_number, step_desc) VALUES (51, 8, 'In a small bowl, mix together heavy cream and all-purpose flour until smooth. Gradually whisk the cream mixture into the simmering liquid.');
INSERT INTO Steps (recipe_id, step_number, step_desc) VALUES (51, 9, 'Cook the sauce until thickened, then season with lemon juice, sugar, salt, and black pepper to taste.');
INSERT INTO Steps (recipe_id, step_number, step_desc) VALUES (51, 10, 'Serve Czech Svíčková hot, with sliced beef sirloin, creamy vegetable sauce, bread dumplings, and cranberry compote.');
INSERT INTO Quantities (recipe_id, quantity) VALUES (51, 6);
INSERT INTO Tags (tag_name) VALUES ('czech-food');
INSERT INTO recipe_tags (recipe_id, tag_id) VALUES (51, 75);
INSERT INTO recipe_tags (recipe_id, tag_id) VALUES (51, 23);
INSERT INTO recipe_tags (recipe_id, tag_id) VALUES (51, 22);
INSERT INTO recipe_meal (recipe_id, meal_id) VALUES (51, 5);
INSERT INTO recipe_meal (recipe_id, meal_id) VALUES (51, 1);
INSERT INTO Kitchenware (name,usage_desc) VALUES ('Dutch Oven or Large Oven-Safe Pot', 'For braising beef');
INSERT INTO kitchenware_for_recipe (recipe_id, kitchenware_id) VALUES (51, 69);
INSERT INTO kitchenware_for_recipe (recipe_id, kitchenware_id) VALUES (51, 69);
INSERT INTO Kitchenware (name,usage_desc) VALUES ('Strainer', 'For straining the marinade and cooking liquid');
INSERT INTO kitchenware_for_recipe (recipe_id, kitchenware_id) VALUES (51, 70);
INSERT INTO Cuisines (country_name) VALUES ('Czech');
INSERT INTO dietaryinfo (recipe_id, fat_content, protein_content, hydrocarbon_content) VALUES (51, 31, 28, 41);
INSERT INTO Recipes (name, short_desc , recipe_type, difficulty_level, TIP1 ,TIP2 ,TIP3, prep_time, cook_time, cuisine_id) VALUES ('Czech Svíčková', 'Traditional Czech dish featuring marinated beef sirloin served with creamy vegetable sauce, bread dumplings, and cranberry compote.', 'gastronomy', '4', 'Marinate beef sirloin in a mixture of root vegetables, spices, and vinegar for at least 24 hours to tenderize and infuse flavor.', 'Strain the marinade and reserve the vegetables for making the creamy sauce.', 'Slow-cook marinated beef in the oven until fork-tender, then slice thinly for serving with the creamy sauce and bread dumplings.', '00:30:00', '00:4:00', 24);
INSERT INTO Ingredients (food_group_id, name, calories_per_100_units) VALUES (6, 'Pork Cutlets (Boneless, Thinly Pounded)', 235);
INSERT INTO requires (recipe_id, ingredient_id, quantity, num_units, main_ingredient) VALUES (52, 304, '4', 264, 1);
INSERT INTO requires (recipe_id, ingredient_id, quantity, num_units, main_ingredient) VALUES (52, 7, '1 cup', 261, 0);
INSERT INTO requires (recipe_id, ingredient_id, quantity, num_units, main_ingredient) VALUES (52, 266, '2', 293, 0);
INSERT INTO requires (recipe_id, ingredient_id, quantity, num_units, main_ingredient) VALUES (52, 253, '2 cups', 374, 0);
INSERT INTO requires (recipe_id, ingredient_id, quantity, num_units, main_ingredient) VALUES (52, 77, '1/2 cup', 268, 0);
INSERT INTO Ingredients (food_group_id, name, calories_per_100_units) VALUES (2, 'Lemon Wedges (For Serving)', 30);
INSERT INTO requires (recipe_id, ingredient_id, quantity, num_units, main_ingredient) VALUES (52, 305, 'For serving', 344, 0);
INSERT INTO Ingredients (food_group_id, name, calories_per_100_units) VALUES (1, 'Potato Salad (For Serving)', 143);
INSERT INTO requires (recipe_id, ingredient_id, quantity, num_units, main_ingredient) VALUES (52, 306, 'For serving', 241, 0);
INSERT INTO Ingredients (food_group_id, name, calories_per_100_units) VALUES (2, 'Lingonberry Jam (For Serving)', 88);
INSERT INTO requires (recipe_id, ingredient_id, quantity, num_units, main_ingredient) VALUES (52, 307, 'For serving', 426, 0);
INSERT INTO requires (recipe_id, ingredient_id, quantity, num_units, main_ingredient) VALUES (52, 6, 'To taste', 461, 0);
INSERT INTO requires (recipe_id, ingredient_id, quantity, num_units, main_ingredient) VALUES (52, 5, 'To taste', 225, 0);
INSERT INTO Themes (name,descr) VALUES ('Bavarian Classics', 'N/A');
INSERT INTO recipe_theme (recipe_id, theme_id) VALUES (52, 35);
INSERT INTO Steps (recipe_id, step_number, step_desc) VALUES (52, 1, 'Season pork cutlets with salt and black pepper.');
INSERT INTO Steps (recipe_id, step_number, step_desc) VALUES (52, 2, 'Dredge cutlets in all-purpose flour, shaking off excess.');
INSERT INTO Steps (recipe_id, step_number, step_desc) VALUES (52, 3, 'Dip cutlets in beaten eggs, allowing excess to drip off.');
INSERT INTO Steps (recipe_id, step_number, step_desc) VALUES (52, 4, 'Coat cutlets evenly with breadcrumbs, pressing lightly to adhere.');
INSERT INTO Steps (recipe_id, step_number, step_desc) VALUES (52, 5, 'Heat vegetable oil in a large skillet over medium-high heat. Fry schnitzel in hot oil until golden brown and crispy, about 3-4 minutes per side.');
INSERT INTO Steps (recipe_id, step_number, step_desc) VALUES (52, 6, 'Transfer schnitzel to a plate lined with paper towels to drain excess oil.');
INSERT INTO Steps (recipe_id, step_number, step_desc) VALUES (52, 7, 'Serve German Schnitzel hot, with lemon wedges, potato salad, and lingonberry jam on the side.');
INSERT INTO Quantities (recipe_id, quantity) VALUES (52, 4);
INSERT INTO Tags (tag_name) VALUES ('german-food');
INSERT INTO recipe_tags (recipe_id, tag_id) VALUES (52, 76);
INSERT INTO recipe_tags (recipe_id, tag_id) VALUES (52, 57);
INSERT INTO recipe_tags (recipe_id, tag_id) VALUES (52, 22);
INSERT INTO recipe_meal (recipe_id, meal_id) VALUES (52, 5);
INSERT INTO recipe_meal (recipe_id, meal_id) VALUES (52, 1);
INSERT INTO kitchenware_for_recipe (recipe_id, kitchenware_id) VALUES (52, 70);
INSERT INTO Kitchenware (name,usage_desc) VALUES ('Plates', 'For dredging cutlets in flour, eggs, and breadcrumbs');
INSERT INTO kitchenware_for_recipe (recipe_id, kitchenware_id) VALUES (52, 71);
INSERT INTO kitchenware_for_recipe (recipe_id, kitchenware_id) VALUES (52, 71);
INSERT INTO Cuisines (country_name) VALUES ('German');
INSERT INTO dietaryinfo (recipe_id, fat_content, protein_content, hydrocarbon_content) VALUES (52, 20, 26, 54);
INSERT INTO Recipes (name, short_desc , recipe_type, difficulty_level, TIP1 ,TIP2 ,TIP3, prep_time, cook_time, cuisine_id) VALUES ('German Schnitzel', 'Classic German dish featuring breaded and fried pork or veal cutlets served with lemon wedges, potato salad, and lingonberry jam.', 'gastronomy', '3', 'Pound pork or veal cutlets thinly to ensure even cooking and tender meat.', 'Dredge cutlets in flour, beaten eggs, and breadcrumbs for a crispy coating that adheres well to the meat.', 'Fry schnitzel in hot oil until golden brown and crispy, then drain on paper towels before serving with traditional accompaniments.', '00:20:00', '00:10:00', 25);
INSERT INTO Ingredients (food_group_id, name, calories_per_100_units) VALUES (6, 'Pork Baby Back Ribs', 361);
INSERT INTO requires (recipe_id, ingredient_id, quantity, num_units, main_ingredient) VALUES (53, 308, '2 racks', 430, 1);
INSERT INTO requires (recipe_id, ingredient_id, quantity, num_units, main_ingredient) VALUES (53, 98, '2 tbsp', 500, 0);
INSERT INTO requires (recipe_id, ingredient_id, quantity, num_units, main_ingredient) VALUES (53, 99, '1 tbsp', 215, 0);
INSERT INTO Ingredients (food_group_id, name, calories_per_100_units) VALUES (11, 'Onion Powder', 337);
INSERT INTO requires (recipe_id, ingredient_id, quantity, num_units, main_ingredient) VALUES (53, 309, '1 tbsp', 276, 0);
INSERT INTO requires (recipe_id, ingredient_id, quantity, num_units, main_ingredient) VALUES (53, 12, '1/4 cup', 391, 0);
INSERT INTO requires (recipe_id, ingredient_id, quantity, num_units, main_ingredient) VALUES (53, 6, '2 tsp', 301, 0);
INSERT INTO requires (recipe_id, ingredient_id, quantity, num_units, main_ingredient) VALUES (53, 5, '2 tsp', 282, 0);
INSERT INTO Ingredients (food_group_id, name, calories_per_100_units) VALUES (11, 'Barbecue Sauce', 231);
INSERT INTO requires (recipe_id, ingredient_id, quantity, num_units, main_ingredient) VALUES (53, 310, '2 cups', 463, 0);
INSERT INTO Ingredients (food_group_id, name, calories_per_100_units) VALUES (1, 'Coleslaw (For Serving)', 120);
INSERT INTO requires (recipe_id, ingredient_id, quantity, num_units, main_ingredient) VALUES (53, 311, 'For serving', 253, 0);
INSERT INTO Ingredients (food_group_id, name, calories_per_100_units) VALUES (3, 'Cornbread (For Serving)', 220);
INSERT INTO requires (recipe_id, ingredient_id, quantity, num_units, main_ingredient) VALUES (53, 312, 'For serving', 217, 0);
INSERT INTO Themes (name,descr) VALUES ('Southern Comfort', 'N/A');
INSERT INTO recipe_theme (recipe_id, theme_id) VALUES (53, 36);
INSERT INTO Steps (recipe_id, step_number, step_desc) VALUES (53, 1, 'In a small bowl, combine paprika, garlic powder, onion powder, brown sugar, salt, and black pepper to make the spice rub.');
INSERT INTO Steps (recipe_id, step_number, step_desc) VALUES (53, 2, 'Remove membrane from the back of the ribs and rub spice mixture onto both sides of the racks.');
INSERT INTO Steps (recipe_id, step_number, step_desc) VALUES (53, 3, 'Preheat smoker or oven to 120°C (250°F). Place ribs on the smoker rack or a baking sheet and cook low and slow for 5 hours.');
INSERT INTO Steps (recipe_id, step_number, step_desc) VALUES (53, 4, 'During the last hour of cooking, baste ribs with barbecue sauce every 15 minutes for a sticky glaze.');
INSERT INTO Steps (recipe_id, step_number, step_desc) VALUES (53, 5, 'Remove ribs from smoker or oven and let rest for 10 minutes before slicing and serving.');
INSERT INTO Steps (recipe_id, step_number, step_desc) VALUES (53, 6, 'Serve American BBQ Ribs hot, with coleslaw and cornbread on the side.');
INSERT INTO Quantities (recipe_id, quantity) VALUES (53, 4);
INSERT INTO Tags (tag_name) VALUES ('american-food');
INSERT INTO recipe_tags (recipe_id, tag_id) VALUES (53, 77);
INSERT INTO recipe_tags (recipe_id, tag_id) VALUES (53, 57);
INSERT INTO recipe_tags (recipe_id, tag_id) VALUES (53, 22);
INSERT INTO Tags (tag_name) VALUES ('weekend-dinner');
INSERT INTO recipe_tags (recipe_id, tag_id) VALUES (53, 78);
INSERT INTO recipe_meal (recipe_id, meal_id) VALUES (53, 5);
INSERT INTO recipe_meal (recipe_id, meal_id) VALUES (53, 1);
INSERT INTO Kitchenware (name,usage_desc) VALUES ('Smoker or Oven', 'For slow-cooking ribs');
INSERT INTO kitchenware_for_recipe (recipe_id, kitchenware_id) VALUES (53, 72);
INSERT INTO Kitchenware (name,usage_desc) VALUES ('Basting Brush', 'For applying barbecue sauce');
INSERT INTO kitchenware_for_recipe (recipe_id, kitchenware_id) VALUES (53, 73);
INSERT INTO kitchenware_for_recipe (recipe_id, kitchenware_id) VALUES (53, 73);
INSERT INTO dietaryinfo (recipe_id, fat_content, protein_content, hydrocarbon_content) VALUES (53, 35, 28, 37);
INSERT INTO Recipes (name, short_desc , recipe_type, difficulty_level, TIP1 ,TIP2 ,TIP3, prep_time, cook_time, cuisine_id) VALUES ('American BBQ Ribs', 'Iconic American dish featuring slow-cooked pork ribs basted in tangy barbecue sauce, served with coleslaw and cornbread for a hearty and flavorful meal.', 'gastronomy', '4', 'Rub pork ribs with a blend of spices such as paprika, garlic powder, onion powder, and brown sugar for added flavor before slow-cooking.', 'Slow-cook ribs in a smoker or oven at a low temperature for several hours until tender and falling off the bone.', 'Baste ribs with barbecue sauce during the last hour of cooking for a sticky and caramelized glaze.', '00:20:00', '00:6:00', 3);
INSERT INTO Ingredients (food_group_id, name, calories_per_100_units) VALUES (1, 'Red Bell Peppers', 31);
INSERT INTO requires (recipe_id, ingredient_id, quantity, num_units, main_ingredient) VALUES (54, 313, '4', 497, 0);
INSERT INTO Ingredients (food_group_id, name, calories_per_100_units) VALUES (1, 'Tomatoes (Chopped)', 18);
INSERT INTO requires (recipe_id, ingredient_id, quantity, num_units, main_ingredient) VALUES (54, 314, '4', 386, 0);
INSERT INTO requires (recipe_id, ingredient_id, quantity, num_units, main_ingredient) VALUES (54, 194, '1', 318, 0);
INSERT INTO Ingredients (food_group_id, name, calories_per_100_units) VALUES (4, 'Feta Cheese (Crumbled)', 264);
INSERT INTO requires (recipe_id, ingredient_id, quantity, num_units, main_ingredient) VALUES (54, 315, '200g', 451, 1);
INSERT INTO requires (recipe_id, ingredient_id, quantity, num_units, main_ingredient) VALUES (54, 114, '2 tbsp', 360, 0);
INSERT INTO requires (recipe_id, ingredient_id, quantity, num_units, main_ingredient) VALUES (54, 213, 'For garnish', 460, 0);
INSERT INTO requires (recipe_id, ingredient_id, quantity, num_units, main_ingredient) VALUES (54, 6, 'To taste', 335, 0);
INSERT INTO requires (recipe_id, ingredient_id, quantity, num_units, main_ingredient) VALUES (54, 5, 'To taste', 292, 0);
INSERT INTO Ingredients (food_group_id, name, calories_per_100_units) VALUES (3, 'Crusty Bread (For Serving)', 264);
INSERT INTO requires (recipe_id, ingredient_id, quantity, num_units, main_ingredient) VALUES (54, 316, 'For serving', 343, 0);
INSERT INTO Themes (name,descr) VALUES ('Balkan Delights', 'N/A');
INSERT INTO recipe_theme (recipe_id, theme_id) VALUES (54, 37);
INSERT INTO Steps (recipe_id, step_number, step_desc) VALUES (54, 1, 'Preheat oven to 200°C (400°F). Place whole red bell peppers on a baking sheet and roast for 20-25 minutes until charred and blistered.');
INSERT INTO Steps (recipe_id, step_number, step_desc) VALUES (54, 2, 'Transfer roasted peppers to a bowl, cover with plastic wrap, and let steam for 10 minutes. Peel off the skin, remove seeds, and slice into strips.');
INSERT INTO Steps (recipe_id, step_number, step_desc) VALUES (54, 3, 'In a skillet, heat olive oil over medium heat. Add chopped onions and sauté until translucent.');
INSERT INTO Steps (recipe_id, step_number, step_desc) VALUES (54, 4, 'Add chopped tomatoes to the skillet and cook until softened and juices release.');
INSERT INTO Steps (recipe_id, step_number, step_desc) VALUES (54, 5, 'Combine roasted pepper strips, sautéed onions and tomatoes, and crumbled feta cheese in a baking dish. Season with salt and black pepper to taste.');
INSERT INTO Steps (recipe_id, step_number, step_desc) VALUES (54, 6, 'Bake Fërgesë in the preheated oven for 15-20 minutes until bubbly and golden brown on top.');
INSERT INTO Steps (recipe_id, step_number, step_desc) VALUES (54, 7, 'Garnish Albanian Fërgesë with chopped fresh parsley and serve hot with crusty bread.');
INSERT INTO Quantities (recipe_id, quantity) VALUES (54, 4);
INSERT INTO Tags (tag_name) VALUES ('albanian-food');
INSERT INTO recipe_tags (recipe_id, tag_id) VALUES (54, 79);
INSERT INTO recipe_tags (recipe_id, tag_id) VALUES (54, 34);
INSERT INTO recipe_tags (recipe_id, tag_id) VALUES (54, 22);
INSERT INTO recipe_meal (recipe_id, meal_id) VALUES (54, 5);
INSERT INTO recipe_meal (recipe_id, meal_id) VALUES (54, 1);
INSERT INTO kitchenware_for_recipe (recipe_id, kitchenware_id) VALUES (54, 73);
INSERT INTO kitchenware_for_recipe (recipe_id, kitchenware_id) VALUES (54, 73);
INSERT INTO kitchenware_for_recipe (recipe_id, kitchenware_id) VALUES (54, 73);
INSERT INTO Cuisines (country_name) VALUES ('Albanian');
INSERT INTO dietaryinfo (recipe_id, fat_content, protein_content, hydrocarbon_content) VALUES (54, 20, 22, 48);
INSERT INTO Recipes (name, short_desc , recipe_type, difficulty_level, TIP1 ,TIP2 ,TIP3, prep_time, cook_time, cuisine_id) VALUES ('Albanian Fërgesë', 'Traditional Albanian dish featuring baked peppers, tomatoes, onions, and feta cheese, seasoned with herbs and served hot with crusty bread.', 'gastronomy', '2', 'Roast peppers until charred, then peel off the skin for a smoky flavor and tender texture.', 'Sauté onions and tomatoes until softened before combining with roasted peppers and feta cheese for a rich and savory filling.', 'Bake Fërgesë until bubbly and golden brown on top, then garnish with chopped parsley for freshness before serving.', '00:30:00', '00:45:00', 26);



INSERT INTO specialises_in (chef_id, cuisine_id) VALUES (1, 18);
INSERT INTO specialises_in (chef_id, cuisine_id) VALUES (2, 19);
INSERT INTO specialises_in (chef_id, cuisine_id) VALUES (2, 12);
INSERT INTO specialises_in (chef_id, cuisine_id) VALUES (2, 26);
INSERT INTO specialises_in (chef_id, cuisine_id) VALUES (2, 24);
INSERT INTO specialises_in (chef_id, cuisine_id) VALUES (3, 5);
INSERT INTO specialises_in (chef_id, cuisine_id) VALUES (3, 14);
INSERT INTO specialises_in (chef_id, cuisine_id) VALUES (4, 11);
INSERT INTO specialises_in (chef_id, cuisine_id) VALUES (5, 9);
INSERT INTO specialises_in (chef_id, cuisine_id) VALUES (5, 3);
INSERT INTO specialises_in (chef_id, cuisine_id) VALUES (6, 26);
INSERT INTO specialises_in (chef_id, cuisine_id) VALUES (6, 24);
INSERT INTO specialises_in (chef_id, cuisine_id) VALUES (6, 12);
INSERT INTO specialises_in (chef_id, cuisine_id) VALUES (6, 3);
INSERT INTO specialises_in (chef_id, cuisine_id) VALUES (7, 6);
INSERT INTO specialises_in (chef_id, cuisine_id) VALUES (8, 4);
INSERT INTO specialises_in (chef_id, cuisine_id) VALUES (8, 22);
INSERT INTO specialises_in (chef_id, cuisine_id) VALUES (8, 19);
INSERT INTO specialises_in (chef_id, cuisine_id) VALUES (9, 10);
INSERT INTO specialises_in (chef_id, cuisine_id) VALUES (9, 21);
INSERT INTO specialises_in (chef_id, cuisine_id) VALUES (10, 12);
INSERT INTO specialises_in (chef_id, cuisine_id) VALUES (10, 16);
INSERT INTO specialises_in (chef_id, cuisine_id) VALUES (10, 6);
INSERT INTO specialises_in (chef_id, cuisine_id) VALUES (10, 20);
INSERT INTO specialises_in (chef_id, cuisine_id) VALUES (11, 6);
INSERT INTO specialises_in (chef_id, cuisine_id) VALUES (11, 20);
INSERT INTO specialises_in (chef_id, cuisine_id) VALUES (11, 5);
INSERT INTO specialises_in (chef_id, cuisine_id) VALUES (11, 7);
INSERT INTO specialises_in (chef_id, cuisine_id) VALUES (12, 2);
INSERT INTO specialises_in (chef_id, cuisine_id) VALUES (13, 26);
INSERT INTO specialises_in (chef_id, cuisine_id) VALUES (14, 18);
INSERT INTO specialises_in (chef_id, cuisine_id) VALUES (14, 4);
INSERT INTO specialises_in (chef_id, cuisine_id) VALUES (14, 7);
INSERT INTO specialises_in (chef_id, cuisine_id) VALUES (15, 20);
INSERT INTO specialises_in (chef_id, cuisine_id) VALUES (16, 6);
INSERT INTO specialises_in (chef_id, cuisine_id) VALUES (16, 3);
INSERT INTO specialises_in (chef_id, cuisine_id) VALUES (16, 18);
INSERT INTO specialises_in (chef_id, cuisine_id) VALUES (16, 13);
INSERT INTO specialises_in (chef_id, cuisine_id) VALUES (17, 12);
INSERT INTO specialises_in (chef_id, cuisine_id) VALUES (17, 22);
INSERT INTO specialises_in (chef_id, cuisine_id) VALUES (17, 9);
INSERT INTO specialises_in (chef_id, cuisine_id) VALUES (17, 24);
INSERT INTO specialises_in (chef_id, cuisine_id) VALUES (18, 16);
INSERT INTO specialises_in (chef_id, cuisine_id) VALUES (19, 7);
INSERT INTO specialises_in (chef_id, cuisine_id) VALUES (19, 15);
INSERT INTO specialises_in (chef_id, cuisine_id) VALUES (19, 6);
INSERT INTO specialises_in (chef_id, cuisine_id) VALUES (20, 3);
INSERT INTO specialises_in (chef_id, cuisine_id) VALUES (20, 1);
INSERT INTO specialises_in (chef_id, cuisine_id) VALUES (21, 13);
INSERT INTO specialises_in (chef_id, cuisine_id) VALUES (21, 24);
INSERT INTO specialises_in (chef_id, cuisine_id) VALUES (21, 8);
INSERT INTO specialises_in (chef_id, cuisine_id) VALUES (22, 1);
INSERT INTO specialises_in (chef_id, cuisine_id) VALUES (22, 13);
INSERT INTO specialises_in (chef_id, cuisine_id) VALUES (23, 14);
INSERT INTO specialises_in (chef_id, cuisine_id) VALUES (23, 10);
INSERT INTO specialises_in (chef_id, cuisine_id) VALUES (24, 11);
INSERT INTO specialises_in (chef_id, cuisine_id) VALUES (24, 12);
INSERT INTO specialises_in (chef_id, cuisine_id) VALUES (24, 9);
INSERT INTO specialises_in (chef_id, cuisine_id) VALUES (24, 26);
INSERT INTO specialises_in (chef_id, cuisine_id) VALUES (25, 19);
INSERT INTO specialises_in (chef_id, cuisine_id) VALUES (25, 22);
INSERT INTO specialises_in (chef_id, cuisine_id) VALUES (25, 17);
INSERT INTO specialises_in (chef_id, cuisine_id) VALUES (25, 2);
INSERT INTO specialises_in (chef_id, cuisine_id) VALUES (26, 5);
INSERT INTO specialises_in (chef_id, cuisine_id) VALUES (26, 16);
INSERT INTO specialises_in (chef_id, cuisine_id) VALUES (26, 24);
INSERT INTO specialises_in (chef_id, cuisine_id) VALUES (27, 2);
INSERT INTO specialises_in (chef_id, cuisine_id) VALUES (27, 26);
INSERT INTO specialises_in (chef_id, cuisine_id) VALUES (27, 4);
INSERT INTO specialises_in (chef_id, cuisine_id) VALUES (28, 25);
INSERT INTO specialises_in (chef_id, cuisine_id) VALUES (28, 9);
INSERT INTO specialises_in (chef_id, cuisine_id) VALUES (28, 20);
INSERT INTO specialises_in (chef_id, cuisine_id) VALUES (28, 4);
INSERT INTO specialises_in (chef_id, cuisine_id) VALUES (29, 15);
INSERT INTO specialises_in (chef_id, cuisine_id) VALUES (29, 16);
INSERT INTO specialises_in (chef_id, cuisine_id) VALUES (29, 5);
INSERT INTO specialises_in (chef_id, cuisine_id) VALUES (30, 19);
INSERT INTO specialises_in (chef_id, cuisine_id) VALUES (31, 2);
INSERT INTO specialises_in (chef_id, cuisine_id) VALUES (32, 22);
INSERT INTO specialises_in (chef_id, cuisine_id) VALUES (32, 1);
INSERT INTO specialises_in (chef_id, cuisine_id) VALUES (32, 25);
INSERT INTO specialises_in (chef_id, cuisine_id) VALUES (33, 8);
INSERT INTO specialises_in (chef_id, cuisine_id) VALUES (33, 21);
INSERT INTO specialises_in (chef_id, cuisine_id) VALUES (33, 24);
INSERT INTO specialises_in (chef_id, cuisine_id) VALUES (33, 12);
INSERT INTO specialises_in (chef_id, cuisine_id) VALUES (34, 13);
INSERT INTO specialises_in (chef_id, cuisine_id) VALUES (34, 23);
INSERT INTO specialises_in (chef_id, cuisine_id) VALUES (34, 4);
INSERT INTO specialises_in (chef_id, cuisine_id) VALUES (34, 3);
INSERT INTO specialises_in (chef_id, cuisine_id) VALUES (35, 12);
INSERT INTO specialises_in (chef_id, cuisine_id) VALUES (35, 24);
INSERT INTO specialises_in (chef_id, cuisine_id) VALUES (35, 9);
INSERT INTO specialises_in (chef_id, cuisine_id) VALUES (36, 3);
INSERT INTO specialises_in (chef_id, cuisine_id) VALUES (36, 8);
INSERT INTO specialises_in (chef_id, cuisine_id) VALUES (36, 4);
INSERT INTO specialises_in (chef_id, cuisine_id) VALUES (36, 12);
INSERT INTO specialises_in (chef_id, cuisine_id) VALUES (37, 8);
INSERT INTO specialises_in (chef_id, cuisine_id) VALUES (37, 15);
INSERT INTO specialises_in (chef_id, cuisine_id) VALUES (38, 2);
INSERT INTO specialises_in (chef_id, cuisine_id) VALUES (38, 24);
INSERT INTO specialises_in (chef_id, cuisine_id) VALUES (39, 17);
INSERT INTO specialises_in (chef_id, cuisine_id) VALUES (40, 16);
INSERT INTO specialises_in (chef_id, cuisine_id) VALUES (40, 8);
INSERT INTO specialises_in (chef_id, cuisine_id) VALUES (40, 24);
INSERT INTO specialises_in (chef_id, cuisine_id) VALUES (41, 26);
INSERT INTO specialises_in (chef_id, cuisine_id) VALUES (41, 5);
INSERT INTO specialises_in (chef_id, cuisine_id) VALUES (42, 7);
INSERT INTO specialises_in (chef_id, cuisine_id) VALUES (42, 23);
INSERT INTO specialises_in (chef_id, cuisine_id) VALUES (42, 11);
INSERT INTO specialises_in (chef_id, cuisine_id) VALUES (43, 11);
INSERT INTO specialises_in (chef_id, cuisine_id) VALUES (44, 23);
INSERT INTO specialises_in (chef_id, cuisine_id) VALUES (45, 16);
INSERT INTO specialises_in (chef_id, cuisine_id) VALUES (46, 20);
INSERT INTO specialises_in (chef_id, cuisine_id) VALUES (47, 26);
INSERT INTO specialises_in (chef_id, cuisine_id) VALUES (47, 16);
INSERT INTO specialises_in (chef_id, cuisine_id) VALUES (47, 22);
INSERT INTO specialises_in (chef_id, cuisine_id) VALUES (48, 10);
INSERT INTO specialises_in (chef_id, cuisine_id) VALUES (48, 23);
INSERT INTO specialises_in (chef_id, cuisine_id) VALUES (48, 11);
INSERT INTO specialises_in (chef_id, cuisine_id) VALUES (49, 17);
INSERT INTO specialises_in (chef_id, cuisine_id) VALUES (49, 15);
INSERT INTO specialises_in (chef_id, cuisine_id) VALUES (49, 11);
INSERT INTO specialises_in (chef_id, cuisine_id) VALUES (49, 12);
INSERT INTO specialises_in (chef_id, cuisine_id) VALUES (50, 19);
INSERT INTO specialises_in (chef_id, cuisine_id) VALUES (51, 21);
INSERT INTO specialises_in (chef_id, cuisine_id) VALUES (52, 24);
INSERT INTO specialises_in (chef_id, cuisine_id) VALUES (52, 13);
INSERT INTO specialises_in (chef_id, cuisine_id) VALUES (53, 6);
INSERT INTO specialises_in (chef_id, cuisine_id) VALUES (53, 2);
INSERT INTO specialises_in (chef_id, cuisine_id) VALUES (53, 16);
INSERT INTO specialises_in (chef_id, cuisine_id) VALUES (53, 22);
INSERT INTO specialises_in (chef_id, cuisine_id) VALUES (54, 4);
INSERT INTO specialises_in (chef_id, cuisine_id) VALUES (54, 14);
INSERT INTO specialises_in (chef_id, cuisine_id) VALUES (54, 22);
INSERT INTO specialises_in (chef_id, cuisine_id) VALUES (55, 25);
INSERT INTO specialises_in (chef_id, cuisine_id) VALUES (55, 19);
INSERT INTO specialises_in (chef_id, cuisine_id) VALUES (55, 24);
INSERT INTO specialises_in (chef_id, cuisine_id) VALUES (56, 16);
INSERT INTO specialises_in (chef_id, cuisine_id) VALUES (56, 15);
INSERT INTO specialises_in (chef_id, cuisine_id) VALUES (56, 5);
INSERT INTO specialises_in (chef_id, cuisine_id) VALUES (57, 13);
INSERT INTO specialises_in (chef_id, cuisine_id) VALUES (57, 24);
INSERT INTO specialises_in (chef_id, cuisine_id) VALUES (57, 23);
INSERT INTO specialises_in (chef_id, cuisine_id) VALUES (57, 21);
INSERT INTO specialises_in (chef_id, cuisine_id) VALUES (58, 5);
INSERT INTO specialises_in (chef_id, cuisine_id) VALUES (58, 2);
INSERT INTO specialises_in (chef_id, cuisine_id) VALUES (58, 19);
INSERT INTO specialises_in (chef_id, cuisine_id) VALUES (59, 17);
INSERT INTO specialises_in (chef_id, cuisine_id) VALUES (59, 5);
INSERT INTO specialises_in (chef_id, cuisine_id) VALUES (59, 24);
INSERT INTO specialises_in (chef_id, cuisine_id) VALUES (60, 12);
INSERT INTO specialises_in (chef_id, cuisine_id) VALUES (61, 5);
INSERT INTO specialises_in (chef_id, cuisine_id) VALUES (61, 22);
INSERT INTO specialises_in (chef_id, cuisine_id) VALUES (61, 7);
INSERT INTO specialises_in (chef_id, cuisine_id) VALUES (62, 13);
INSERT INTO specialises_in (chef_id, cuisine_id) VALUES (63, 22);
INSERT INTO specialises_in (chef_id, cuisine_id) VALUES (63, 11);
INSERT INTO specialises_in (chef_id, cuisine_id) VALUES (64, 7);
INSERT INTO specialises_in (chef_id, cuisine_id) VALUES (64, 9);
INSERT INTO specialises_in (chef_id, cuisine_id) VALUES (64, 20);
INSERT INTO specialises_in (chef_id, cuisine_id) VALUES (65, 15);
INSERT INTO specialises_in (chef_id, cuisine_id) VALUES (65, 19);
INSERT INTO specialises_in (chef_id, cuisine_id) VALUES (65, 25);
INSERT INTO specialises_in (chef_id, cuisine_id) VALUES (65, 26);
INSERT INTO specialises_in (chef_id, cuisine_id) VALUES (66, 2);
INSERT INTO specialises_in (chef_id, cuisine_id) VALUES (66, 14);
INSERT INTO specialises_in (chef_id, cuisine_id) VALUES (67, 20);
INSERT INTO specialises_in (chef_id, cuisine_id) VALUES (67, 14);
INSERT INTO specialises_in (chef_id, cuisine_id) VALUES (67, 15);
INSERT INTO specialises_in (chef_id, cuisine_id) VALUES (67, 10);
INSERT INTO specialises_in (chef_id, cuisine_id) VALUES (68, 15);
INSERT INTO specialises_in (chef_id, cuisine_id) VALUES (69, 24);
INSERT INTO specialises_in (chef_id, cuisine_id) VALUES (69, 19);
INSERT INTO specialises_in (chef_id, cuisine_id) VALUES (70, 4);
INSERT INTO specialises_in (chef_id, cuisine_id) VALUES (70, 25);
INSERT INTO specialises_in (chef_id, cuisine_id) VALUES (71, 26);
INSERT INTO specialises_in (chef_id, cuisine_id) VALUES (71, 4);
INSERT INTO specialises_in (chef_id, cuisine_id) VALUES (71, 24);
INSERT INTO specialises_in (chef_id, cuisine_id) VALUES (72, 4);
INSERT INTO specialises_in (chef_id, cuisine_id) VALUES (73, 1);
INSERT INTO specialises_in (chef_id, cuisine_id) VALUES (73, 15);
INSERT INTO specialises_in (chef_id, cuisine_id) VALUES (74, 23);
INSERT INTO specialises_in (chef_id, cuisine_id) VALUES (74, 16);
INSERT INTO specialises_in (chef_id, cuisine_id) VALUES (74, 25);
INSERT INTO specialises_in (chef_id, cuisine_id) VALUES (75, 22);
INSERT INTO specialises_in (chef_id, cuisine_id) VALUES (75, 8);
INSERT INTO specialises_in (chef_id, cuisine_id) VALUES (76, 21);
INSERT INTO specialises_in (chef_id, cuisine_id) VALUES (76, 13);
INSERT INTO specialises_in (chef_id, cuisine_id) VALUES (76, 20);
INSERT INTO specialises_in (chef_id, cuisine_id) VALUES (77, 8);
INSERT INTO specialises_in (chef_id, cuisine_id) VALUES (78, 9);
INSERT INTO specialises_in (chef_id, cuisine_id) VALUES (78, 1);
INSERT INTO specialises_in (chef_id, cuisine_id) VALUES (78, 11);
INSERT INTO specialises_in (chef_id, cuisine_id) VALUES (79, 9);
INSERT INTO specialises_in (chef_id, cuisine_id) VALUES (79, 13);
INSERT INTO specialises_in (chef_id, cuisine_id) VALUES (80, 12);
INSERT INTO specialises_in (chef_id, cuisine_id) VALUES (80, 11);
INSERT INTO specialises_in (chef_id, cuisine_id) VALUES (80, 18);
INSERT INTO specialises_in (chef_id, cuisine_id) VALUES (80, 24);
INSERT INTO specialises_in (chef_id, cuisine_id) VALUES (81, 14);
INSERT INTO specialises_in (chef_id, cuisine_id) VALUES (81, 5);
INSERT INTO specialises_in (chef_id, cuisine_id) VALUES (81, 20);
INSERT INTO specialises_in (chef_id, cuisine_id) VALUES (82, 14);
INSERT INTO specialises_in (chef_id, cuisine_id) VALUES (83, 2);
INSERT INTO specialises_in (chef_id, cuisine_id) VALUES (83, 8);
INSERT INTO specialises_in (chef_id, cuisine_id) VALUES (83, 15);
INSERT INTO specialises_in (chef_id, cuisine_id) VALUES (83, 4);
INSERT INTO specialises_in (chef_id, cuisine_id) VALUES (84, 1);
INSERT INTO specialises_in (chef_id, cuisine_id) VALUES (85, 17);
INSERT INTO specialises_in (chef_id, cuisine_id) VALUES (85, 19);
INSERT INTO specialises_in (chef_id, cuisine_id) VALUES (85, 21);
INSERT INTO specialises_in (chef_id, cuisine_id) VALUES (85, 25);
INSERT INTO specialises_in (chef_id, cuisine_id) VALUES (86, 26);
INSERT INTO specialises_in (chef_id, cuisine_id) VALUES (86, 19);
INSERT INTO specialises_in (chef_id, cuisine_id) VALUES (86, 8);
INSERT INTO specialises_in (chef_id, cuisine_id) VALUES (87, 16);
INSERT INTO specialises_in (chef_id, cuisine_id) VALUES (87, 2);
INSERT INTO specialises_in (chef_id, cuisine_id) VALUES (87, 10);
INSERT INTO specialises_in (chef_id, cuisine_id) VALUES (88, 24);
INSERT INTO specialises_in (chef_id, cuisine_id) VALUES (88, 13);
INSERT INTO specialises_in (chef_id, cuisine_id) VALUES (89, 9);
INSERT INTO specialises_in (chef_id, cuisine_id) VALUES (89, 24);
INSERT INTO specialises_in (chef_id, cuisine_id) VALUES (89, 18);
INSERT INTO specialises_in (chef_id, cuisine_id) VALUES (90, 9);
INSERT INTO specialises_in (chef_id, cuisine_id) VALUES (90, 15);
INSERT INTO specialises_in (chef_id, cuisine_id) VALUES (91, 11);
INSERT INTO specialises_in (chef_id, cuisine_id) VALUES (92, 10);
INSERT INTO specialises_in (chef_id, cuisine_id) VALUES (92, 16);
INSERT INTO specialises_in (chef_id, cuisine_id) VALUES (92, 2);
INSERT INTO specialises_in (chef_id, cuisine_id) VALUES (92, 23);
INSERT INTO specialises_in (chef_id, cuisine_id) VALUES (93, 12);
INSERT INTO specialises_in (chef_id, cuisine_id) VALUES (93, 7);
INSERT INTO specialises_in (chef_id, cuisine_id) VALUES (94, 9);
INSERT INTO specialises_in (chef_id, cuisine_id) VALUES (94, 1);
INSERT INTO specialises_in (chef_id, cuisine_id) VALUES (95, 14);
INSERT INTO specialises_in (chef_id, cuisine_id) VALUES (95, 10);
INSERT INTO specialises_in (chef_id, cuisine_id) VALUES (95, 23);
INSERT INTO specialises_in (chef_id, cuisine_id) VALUES (96, 2);
INSERT INTO specialises_in (chef_id, cuisine_id) VALUES (96, 1);
INSERT INTO specialises_in (chef_id, cuisine_id) VALUES (97, 16);
INSERT INTO specialises_in (chef_id, cuisine_id) VALUES (97, 15);
INSERT INTO specialises_in (chef_id, cuisine_id) VALUES (98, 12);
INSERT INTO specialises_in (chef_id, cuisine_id) VALUES (98, 13);
INSERT INTO specialises_in (chef_id, cuisine_id) VALUES (99, 11);
INSERT INTO specialises_in (chef_id, cuisine_id) VALUES (99, 10);
INSERT INTO specialises_in (chef_id, cuisine_id) VALUES (99, 4);
INSERT INTO specialises_in (chef_id, cuisine_id) VALUES (100, 17);
INSERT INTO specialises_in (chef_id, cuisine_id) VALUES (100, 2);
INSERT INTO specialises_in (chef_id, cuisine_id) VALUES (101, 5);
INSERT INTO specialises_in (chef_id, cuisine_id) VALUES (101, 9);
INSERT INTO specialises_in (chef_id, cuisine_id) VALUES (101, 10);
INSERT INTO specialises_in (chef_id, cuisine_id) VALUES (101, 11);
INSERT INTO specialises_in (chef_id, cuisine_id) VALUES (102, 9);
INSERT INTO specialises_in (chef_id, cuisine_id) VALUES (103, 23);
INSERT INTO specialises_in (chef_id, cuisine_id) VALUES (103, 21);
INSERT INTO specialises_in (chef_id, cuisine_id) VALUES (103, 11);
INSERT INTO specialises_in (chef_id, cuisine_id) VALUES (104, 10);
INSERT INTO specialises_in (chef_id, cuisine_id) VALUES (104, 17);
INSERT INTO specialises_in (chef_id, cuisine_id) VALUES (104, 13);
INSERT INTO specialises_in (chef_id, cuisine_id) VALUES (105, 15);
INSERT INTO specialises_in (chef_id, cuisine_id) VALUES (105, 1);
INSERT INTO specialises_in (chef_id, cuisine_id) VALUES (105, 26);
INSERT INTO specialises_in (chef_id, cuisine_id) VALUES (106, 2);
INSERT INTO specialises_in (chef_id, cuisine_id) VALUES (106, 11);
INSERT INTO specialises_in (chef_id, cuisine_id) VALUES (106, 20);
INSERT INTO specialises_in (chef_id, cuisine_id) VALUES (106, 3);
INSERT INTO specialises_in (chef_id, cuisine_id) VALUES (107, 20);
INSERT INTO specialises_in (chef_id, cuisine_id) VALUES (107, 10);
INSERT INTO specialises_in (chef_id, cuisine_id) VALUES (107, 11);
INSERT INTO specialises_in (chef_id, cuisine_id) VALUES (107, 1);
INSERT INTO specialises_in (chef_id, cuisine_id) VALUES (108, 15);
INSERT INTO specialises_in (chef_id, cuisine_id) VALUES (108, 8);
INSERT INTO specialises_in (chef_id, cuisine_id) VALUES (108, 5);
INSERT INTO specialises_in (chef_id, cuisine_id) VALUES (109, 21);
INSERT INTO specialises_in (chef_id, cuisine_id) VALUES (109, 13);
INSERT INTO specialises_in (chef_id, cuisine_id) VALUES (109, 1);
INSERT INTO specialises_in (chef_id, cuisine_id) VALUES (109, 9);
INSERT INTO specialises_in (chef_id, cuisine_id) VALUES (110, 2);
INSERT INTO specialises_in (chef_id, cuisine_id) VALUES (111, 2);
INSERT INTO specialises_in (chef_id, cuisine_id) VALUES (111, 14);
INSERT INTO specialises_in (chef_id, cuisine_id) VALUES (111, 10);
INSERT INTO specialises_in (chef_id, cuisine_id) VALUES (112, 7);
INSERT INTO specialises_in (chef_id, cuisine_id) VALUES (112, 5);
INSERT INTO specialises_in (chef_id, cuisine_id) VALUES (112, 15);
INSERT INTO specialises_in (chef_id, cuisine_id) VALUES (112, 3);
INSERT INTO specialises_in (chef_id, cuisine_id) VALUES (113, 25);
INSERT INTO specialises_in (chef_id, cuisine_id) VALUES (114, 21);
INSERT INTO specialises_in (chef_id, cuisine_id) VALUES (114, 20);
INSERT INTO specialises_in (chef_id, cuisine_id) VALUES (114, 26);
INSERT INTO specialises_in (chef_id, cuisine_id) VALUES (114, 9);
INSERT INTO specialises_in (chef_id, cuisine_id) VALUES (115, 22);
INSERT INTO specialises_in (chef_id, cuisine_id) VALUES (115, 16);
INSERT INTO specialises_in (chef_id, cuisine_id) VALUES (115, 24);
INSERT INTO specialises_in (chef_id, cuisine_id) VALUES (115, 1);
INSERT INTO specialises_in (chef_id, cuisine_id) VALUES (116, 24);
INSERT INTO specialises_in (chef_id, cuisine_id) VALUES (116, 17);
INSERT INTO specialises_in (chef_id, cuisine_id) VALUES (116, 26);
INSERT INTO specialises_in (chef_id, cuisine_id) VALUES (117, 3);
INSERT INTO specialises_in (chef_id, cuisine_id) VALUES (117, 5);
INSERT INTO specialises_in (chef_id, cuisine_id) VALUES (117, 1);
INSERT INTO specialises_in (chef_id, cuisine_id) VALUES (117, 16);
INSERT INTO specialises_in (chef_id, cuisine_id) VALUES (118, 25);
INSERT INTO specialises_in (chef_id, cuisine_id) VALUES (118, 22);
INSERT INTO specialises_in (chef_id, cuisine_id) VALUES (118, 26);
INSERT INTO specialises_in (chef_id, cuisine_id) VALUES (118, 21);
INSERT INTO specialises_in (chef_id, cuisine_id) VALUES (119, 25);
INSERT INTO specialises_in (chef_id, cuisine_id) VALUES (120, 25);
INSERT INTO specialises_in (chef_id, cuisine_id) VALUES (120, 11);
INSERT INTO specialises_in (chef_id, cuisine_id) VALUES (120, 12);
INSERT INTO specialises_in (chef_id, cuisine_id) VALUES (120, 24);
INSERT INTO specialises_in (chef_id, cuisine_id) VALUES (121, 18);
INSERT INTO specialises_in (chef_id, cuisine_id) VALUES (121, 19);
INSERT INTO specialises_in (chef_id, cuisine_id) VALUES (121, 16);
INSERT INTO specialises_in (chef_id, cuisine_id) VALUES (122, 16);
INSERT INTO specialises_in (chef_id, cuisine_id) VALUES (122, 17);
INSERT INTO specialises_in (chef_id, cuisine_id) VALUES (122, 10);
INSERT INTO specialises_in (chef_id, cuisine_id) VALUES (123, 18);
INSERT INTO specialises_in (chef_id, cuisine_id) VALUES (123, 21);
INSERT INTO specialises_in (chef_id, cuisine_id) VALUES (123, 8);
INSERT INTO specialises_in (chef_id, cuisine_id) VALUES (124, 19);
INSERT INTO specialises_in (chef_id, cuisine_id) VALUES (124, 14);
INSERT INTO specialises_in (chef_id, cuisine_id) VALUES (125, 22);
INSERT INTO specialises_in (chef_id, cuisine_id) VALUES (125, 23);
INSERT INTO specialises_in (chef_id, cuisine_id) VALUES (125, 14);
INSERT INTO specialises_in (chef_id, cuisine_id) VALUES (126, 22);
INSERT INTO specialises_in (chef_id, cuisine_id) VALUES (126, 12);
INSERT INTO specialises_in (chef_id, cuisine_id) VALUES (126, 21);
INSERT INTO specialises_in (chef_id, cuisine_id) VALUES (126, 6);
INSERT INTO specialises_in (chef_id, cuisine_id) VALUES (127, 19);
INSERT INTO specialises_in (chef_id, cuisine_id) VALUES (127, 5);
INSERT INTO specialises_in (chef_id, cuisine_id) VALUES (127, 1);
INSERT INTO specialises_in (chef_id, cuisine_id) VALUES (128, 14);
INSERT INTO specialises_in (chef_id, cuisine_id) VALUES (128, 11);
INSERT INTO specialises_in (chef_id, cuisine_id) VALUES (128, 9);
INSERT INTO specialises_in (chef_id, cuisine_id) VALUES (129, 1);
INSERT INTO specialises_in (chef_id, cuisine_id) VALUES (130, 7);
INSERT INTO specialises_in (chef_id, cuisine_id) VALUES (130, 3);
INSERT INTO specialises_in (chef_id, cuisine_id) VALUES (131, 3);
INSERT INTO specialises_in (chef_id, cuisine_id) VALUES (131, 22);
INSERT INTO specialises_in (chef_id, cuisine_id) VALUES (131, 26);
INSERT INTO specialises_in (chef_id, cuisine_id) VALUES (132, 2);
INSERT INTO specialises_in (chef_id, cuisine_id) VALUES (132, 3);
INSERT INTO specialises_in (chef_id, cuisine_id) VALUES (132, 26);
INSERT INTO specialises_in (chef_id, cuisine_id) VALUES (132, 17);
INSERT INTO specialises_in (chef_id, cuisine_id) VALUES (133, 21);
INSERT INTO specialises_in (chef_id, cuisine_id) VALUES (133, 11);
INSERT INTO specialises_in (chef_id, cuisine_id) VALUES (133, 14);
INSERT INTO specialises_in (chef_id, cuisine_id) VALUES (134, 13);
INSERT INTO specialises_in (chef_id, cuisine_id) VALUES (135, 20);
INSERT INTO specialises_in (chef_id, cuisine_id) VALUES (135, 12);
INSERT INTO specialises_in (chef_id, cuisine_id) VALUES (135, 8);
INSERT INTO specialises_in (chef_id, cuisine_id) VALUES (135, 24);
INSERT INTO specialises_in (chef_id, cuisine_id) VALUES (136, 4);
INSERT INTO specialises_in (chef_id, cuisine_id) VALUES (136, 19);
INSERT INTO specialises_in (chef_id, cuisine_id) VALUES (136, 11);
INSERT INTO specialises_in (chef_id, cuisine_id) VALUES (136, 9);
INSERT INTO specialises_in (chef_id, cuisine_id) VALUES (137, 2);
INSERT INTO specialises_in (chef_id, cuisine_id) VALUES (138, 2);
INSERT INTO specialises_in (chef_id, cuisine_id) VALUES (139, 6);
INSERT INTO specialises_in (chef_id, cuisine_id) VALUES (139, 12);
INSERT INTO specialises_in (chef_id, cuisine_id) VALUES (140, 22);
INSERT INTO specialises_in (chef_id, cuisine_id) VALUES (140, 23);
INSERT INTO specialises_in (chef_id, cuisine_id) VALUES (140, 7);
INSERT INTO specialises_in (chef_id, cuisine_id) VALUES (140, 4);
INSERT INTO specialises_in (chef_id, cuisine_id) VALUES (141, 19);
INSERT INTO specialises_in (chef_id, cuisine_id) VALUES (142, 16);
INSERT INTO specialises_in (chef_id, cuisine_id) VALUES (142, 9);
INSERT INTO specialises_in (chef_id, cuisine_id) VALUES (142, 13);
INSERT INTO specialises_in (chef_id, cuisine_id) VALUES (143, 5);
INSERT INTO specialises_in (chef_id, cuisine_id) VALUES (143, 23);
INSERT INTO specialises_in (chef_id, cuisine_id) VALUES (144, 16);
INSERT INTO specialises_in (chef_id, cuisine_id) VALUES (145, 13);
INSERT INTO specialises_in (chef_id, cuisine_id) VALUES (145, 5);
INSERT INTO specialises_in (chef_id, cuisine_id) VALUES (145, 14);
INSERT INTO specialises_in (chef_id, cuisine_id) VALUES (146, 3);
INSERT INTO specialises_in (chef_id, cuisine_id) VALUES (147, 5);
INSERT INTO specialises_in (chef_id, cuisine_id) VALUES (147, 13);
INSERT INTO specialises_in (chef_id, cuisine_id) VALUES (147, 1);
INSERT INTO specialises_in (chef_id, cuisine_id) VALUES (148, 8);
INSERT INTO specialises_in (chef_id, cuisine_id) VALUES (149, 26);
INSERT INTO specialises_in (chef_id, cuisine_id) VALUES (149, 9);
INSERT INTO specialises_in (chef_id, cuisine_id) VALUES (150, 7);
INSERT INTO specialises_in (chef_id, cuisine_id) VALUES (150, 26);
INSERT INTO specialises_in (chef_id, cuisine_id) VALUES (151, 10);
INSERT INTO specialises_in (chef_id, cuisine_id) VALUES (151, 21);
INSERT INTO specialises_in (chef_id, cuisine_id) VALUES (151, 2);
INSERT INTO specialises_in (chef_id, cuisine_id) VALUES (151, 25);
INSERT INTO specialises_in (chef_id, cuisine_id) VALUES (152, 6);
INSERT INTO specialises_in (chef_id, cuisine_id) VALUES (152, 13);
INSERT INTO specialises_in (chef_id, cuisine_id) VALUES (152, 5);
INSERT INTO specialises_in (chef_id, cuisine_id) VALUES (152, 16);
INSERT INTO specialises_in (chef_id, cuisine_id) VALUES (153, 12);
INSERT INTO specialises_in (chef_id, cuisine_id) VALUES (153, 18);
INSERT INTO specialises_in (chef_id, cuisine_id) VALUES (153, 10);
INSERT INTO specialises_in (chef_id, cuisine_id) VALUES (153, 1);
INSERT INTO specialises_in (chef_id, cuisine_id) VALUES (154, 2);
INSERT INTO specialises_in (chef_id, cuisine_id) VALUES (154, 20);
INSERT INTO specialises_in (chef_id, cuisine_id) VALUES (155, 10);
INSERT INTO specialises_in (chef_id, cuisine_id) VALUES (155, 26);
INSERT INTO specialises_in (chef_id, cuisine_id) VALUES (156, 23);
INSERT INTO specialises_in (chef_id, cuisine_id) VALUES (157, 12);
INSERT INTO specialises_in (chef_id, cuisine_id) VALUES (157, 15);
INSERT INTO specialises_in (chef_id, cuisine_id) VALUES (157, 22);
INSERT INTO specialises_in (chef_id, cuisine_id) VALUES (158, 14);
INSERT INTO specialises_in (chef_id, cuisine_id) VALUES (158, 24);
INSERT INTO specialises_in (chef_id, cuisine_id) VALUES (158, 21);
INSERT INTO specialises_in (chef_id, cuisine_id) VALUES (159, 19);
INSERT INTO specialises_in (chef_id, cuisine_id) VALUES (159, 5);
INSERT INTO specialises_in (chef_id, cuisine_id) VALUES (159, 3);
INSERT INTO specialises_in (chef_id, cuisine_id) VALUES (160, 6);
INSERT INTO specialises_in (chef_id, cuisine_id) VALUES (160, 13);
INSERT INTO specialises_in (chef_id, cuisine_id) VALUES (160, 4);
INSERT INTO specialises_in (chef_id, cuisine_id) VALUES (160, 14);
INSERT INTO specialises_in (chef_id, cuisine_id) VALUES (161, 9);
INSERT INTO specialises_in (chef_id, cuisine_id) VALUES (161, 26);
INSERT INTO specialises_in (chef_id, cuisine_id) VALUES (161, 3);
INSERT INTO specialises_in (chef_id, cuisine_id) VALUES (161, 15);
INSERT INTO specialises_in (chef_id, cuisine_id) VALUES (162, 6);
INSERT INTO specialises_in (chef_id, cuisine_id) VALUES (162, 15);
INSERT INTO specialises_in (chef_id, cuisine_id) VALUES (162, 22);
INSERT INTO specialises_in (chef_id, cuisine_id) VALUES (162, 1);
INSERT INTO specialises_in (chef_id, cuisine_id) VALUES (163, 25);
INSERT INTO specialises_in (chef_id, cuisine_id) VALUES (163, 5);
INSERT INTO specialises_in (chef_id, cuisine_id) VALUES (164, 10);
INSERT INTO specialises_in (chef_id, cuisine_id) VALUES (164, 17);
INSERT INTO specialises_in (chef_id, cuisine_id) VALUES (165, 20);
INSERT INTO specialises_in (chef_id, cuisine_id) VALUES (165, 13);
INSERT INTO specialises_in (chef_id, cuisine_id) VALUES (166, 2);
INSERT INTO specialises_in (chef_id, cuisine_id) VALUES (166, 12);
INSERT INTO specialises_in (chef_id, cuisine_id) VALUES (167, 25);
INSERT INTO specialises_in (chef_id, cuisine_id) VALUES (167, 11);
INSERT INTO specialises_in (chef_id, cuisine_id) VALUES (168, 20);
INSERT INTO specialises_in (chef_id, cuisine_id) VALUES (169, 14);
INSERT INTO specialises_in (chef_id, cuisine_id) VALUES (169, 22);
INSERT INTO specialises_in (chef_id, cuisine_id) VALUES (169, 16);
INSERT INTO specialises_in (chef_id, cuisine_id) VALUES (170, 12);
INSERT INTO specialises_in (chef_id, cuisine_id) VALUES (170, 3);
INSERT INTO specialises_in (chef_id, cuisine_id) VALUES (170, 4);
INSERT INTO specialises_in (chef_id, cuisine_id) VALUES (170, 25);
INSERT INTO specialises_in (chef_id, cuisine_id) VALUES (171, 26);
INSERT INTO specialises_in (chef_id, cuisine_id) VALUES (171, 5);
INSERT INTO specialises_in (chef_id, cuisine_id) VALUES (171, 13);
INSERT INTO specialises_in (chef_id, cuisine_id) VALUES (171, 19);
INSERT INTO specialises_in (chef_id, cuisine_id) VALUES (172, 15);
INSERT INTO specialises_in (chef_id, cuisine_id) VALUES (173, 25);
INSERT INTO specialises_in (chef_id, cuisine_id) VALUES (173, 2);
INSERT INTO specialises_in (chef_id, cuisine_id) VALUES (173, 10);
INSERT INTO specialises_in (chef_id, cuisine_id) VALUES (174, 19);
INSERT INTO specialises_in (chef_id, cuisine_id) VALUES (175, 11);
INSERT INTO specialises_in (chef_id, cuisine_id) VALUES (175, 16);
INSERT INTO specialises_in (chef_id, cuisine_id) VALUES (176, 25);
INSERT INTO specialises_in (chef_id, cuisine_id) VALUES (176, 21);
INSERT INTO specialises_in (chef_id, cuisine_id) VALUES (176, 9);
INSERT INTO specialises_in (chef_id, cuisine_id) VALUES (176, 5);
INSERT INTO specialises_in (chef_id, cuisine_id) VALUES (177, 6);
INSERT INTO specialises_in (chef_id, cuisine_id) VALUES (177, 26);
INSERT INTO specialises_in (chef_id, cuisine_id) VALUES (177, 2);
INSERT INTO specialises_in (chef_id, cuisine_id) VALUES (178, 8);
INSERT INTO specialises_in (chef_id, cuisine_id) VALUES (179, 21);
INSERT INTO specialises_in (chef_id, cuisine_id) VALUES (180, 18);
INSERT INTO specialises_in (chef_id, cuisine_id) VALUES (180, 16);
INSERT INTO specialises_in (chef_id, cuisine_id) VALUES (181, 9);
INSERT INTO specialises_in (chef_id, cuisine_id) VALUES (181, 12);
INSERT INTO specialises_in (chef_id, cuisine_id) VALUES (181, 4);
INSERT INTO specialises_in (chef_id, cuisine_id) VALUES (181, 16);
INSERT INTO specialises_in (chef_id, cuisine_id) VALUES (182, 22);
INSERT INTO specialises_in (chef_id, cuisine_id) VALUES (182, 21);
INSERT INTO specialises_in (chef_id, cuisine_id) VALUES (182, 18);
INSERT INTO specialises_in (chef_id, cuisine_id) VALUES (182, 5);
INSERT INTO specialises_in (chef_id, cuisine_id) VALUES (183, 12);
INSERT INTO specialises_in (chef_id, cuisine_id) VALUES (183, 13);
INSERT INTO specialises_in (chef_id, cuisine_id) VALUES (184, 13);
INSERT INTO specialises_in (chef_id, cuisine_id) VALUES (185, 23);
INSERT INTO specialises_in (chef_id, cuisine_id) VALUES (186, 9);
INSERT INTO specialises_in (chef_id, cuisine_id) VALUES (186, 13);
INSERT INTO specialises_in (chef_id, cuisine_id) VALUES (186, 11);
INSERT INTO specialises_in (chef_id, cuisine_id) VALUES (187, 20);
INSERT INTO specialises_in (chef_id, cuisine_id) VALUES (188, 14);
INSERT INTO specialises_in (chef_id, cuisine_id) VALUES (189, 25);
INSERT INTO specialises_in (chef_id, cuisine_id) VALUES (189, 9);
INSERT INTO specialises_in (chef_id, cuisine_id) VALUES (189, 6);
INSERT INTO specialises_in (chef_id, cuisine_id) VALUES (189, 5);
INSERT INTO specialises_in (chef_id, cuisine_id) VALUES (190, 3);
INSERT INTO specialises_in (chef_id, cuisine_id) VALUES (190, 26);
INSERT INTO specialises_in (chef_id, cuisine_id) VALUES (190, 17);
INSERT INTO specialises_in (chef_id, cuisine_id) VALUES (190, 10);
INSERT INTO specialises_in (chef_id, cuisine_id) VALUES (191, 6);
INSERT INTO specialises_in (chef_id, cuisine_id) VALUES (191, 19);
INSERT INTO specialises_in (chef_id, cuisine_id) VALUES (192, 2);
INSERT INTO specialises_in (chef_id, cuisine_id) VALUES (193, 15);
INSERT INTO specialises_in (chef_id, cuisine_id) VALUES (194, 12);
INSERT INTO specialises_in (chef_id, cuisine_id) VALUES (194, 26);
INSERT INTO specialises_in (chef_id, cuisine_id) VALUES (194, 24);
INSERT INTO specialises_in (chef_id, cuisine_id) VALUES (195, 19);
INSERT INTO specialises_in (chef_id, cuisine_id) VALUES (195, 13);
INSERT INTO specialises_in (chef_id, cuisine_id) VALUES (195, 9);
INSERT INTO specialises_in (chef_id, cuisine_id) VALUES (195, 2);
INSERT INTO specialises_in (chef_id, cuisine_id) VALUES (196, 25);
INSERT INTO specialises_in (chef_id, cuisine_id) VALUES (196, 10);
INSERT INTO specialises_in (chef_id, cuisine_id) VALUES (197, 23);
INSERT INTO specialises_in (chef_id, cuisine_id) VALUES (197, 4);
INSERT INTO specialises_in (chef_id, cuisine_id) VALUES (197, 16);
INSERT INTO specialises_in (chef_id, cuisine_id) VALUES (197, 25);
INSERT INTO specialises_in (chef_id, cuisine_id) VALUES (198, 11);
INSERT INTO specialises_in (chef_id, cuisine_id) VALUES (198, 4);
INSERT INTO specialises_in (chef_id, cuisine_id) VALUES (198, 16);
INSERT INTO specialises_in (chef_id, cuisine_id) VALUES (199, 8);
INSERT INTO specialises_in (chef_id, cuisine_id) VALUES (200, 22);
INSERT INTO specialises_in (chef_id, cuisine_id) VALUES (200, 9);
INSERT INTO specialises_in (chef_id, cuisine_id) VALUES (200, 5);
INSERT INTO specialises_in (chef_id, cuisine_id) VALUES (200, 19);

INSERT INTO chef_recipes (chef_id, recipe_id) VALUES (1, 41);
INSERT INTO chef_recipes (chef_id, recipe_id) VALUES (2, 43);
INSERT INTO chef_recipes (chef_id, recipe_id) VALUES (2, 51);
INSERT INTO chef_recipes (chef_id, recipe_id) VALUES (2, 54);
INSERT INTO chef_recipes (chef_id, recipe_id) VALUES (3, 40);
INSERT INTO chef_recipes (chef_id, recipe_id) VALUES (3, 25);
INSERT INTO chef_recipes (chef_id, recipe_id) VALUES (4, 38);
INSERT INTO chef_recipes (chef_id, recipe_id) VALUES (5, 44);
INSERT INTO chef_recipes (chef_id, recipe_id) VALUES (5, 53);
INSERT INTO chef_recipes (chef_id, recipe_id) VALUES (6, 54);
INSERT INTO chef_recipes (chef_id, recipe_id) VALUES (6, 51);
INSERT INTO chef_recipes (chef_id, recipe_id) VALUES (7, 36);
INSERT INTO chef_recipes (chef_id, recipe_id) VALUES (8, 33);
INSERT INTO chef_recipes (chef_id, recipe_id) VALUES (8, 43);
INSERT INTO chef_recipes (chef_id, recipe_id) VALUES (9, 26);
INSERT INTO chef_recipes (chef_id, recipe_id) VALUES (10, 42);
INSERT INTO chef_recipes (chef_id, recipe_id) VALUES (10, 45);
INSERT INTO chef_recipes (chef_id, recipe_id) VALUES (10, 36);
INSERT INTO chef_recipes (chef_id, recipe_id) VALUES (10, 49);
INSERT INTO chef_recipes (chef_id, recipe_id) VALUES (11, 36);
INSERT INTO chef_recipes (chef_id, recipe_id) VALUES (11, 45);
INSERT INTO chef_recipes (chef_id, recipe_id) VALUES (12, 46);
INSERT INTO chef_recipes (chef_id, recipe_id) VALUES (13, 54);
INSERT INTO chef_recipes (chef_id, recipe_id) VALUES (14, 41);
INSERT INTO chef_recipes (chef_id, recipe_id) VALUES (14, 33);
INSERT INTO chef_recipes (chef_id, recipe_id) VALUES (14, 9);
INSERT INTO chef_recipes (chef_id, recipe_id) VALUES (15, 45);
INSERT INTO chef_recipes (chef_id, recipe_id) VALUES (16, 36);
INSERT INTO chef_recipes (chef_id, recipe_id) VALUES (16, 41);
INSERT INTO chef_recipes (chef_id, recipe_id) VALUES (16, 23);
INSERT INTO chef_recipes (chef_id, recipe_id) VALUES (17, 42);
INSERT INTO chef_recipes (chef_id, recipe_id) VALUES (17, 48);
INSERT INTO chef_recipes (chef_id, recipe_id) VALUES (17, 44);
INSERT INTO chef_recipes (chef_id, recipe_id) VALUES (17, 51);
INSERT INTO chef_recipes (chef_id, recipe_id) VALUES (18, 49);
INSERT INTO chef_recipes (chef_id, recipe_id) VALUES (19, 9);
INSERT INTO chef_recipes (chef_id, recipe_id) VALUES (19, 37);
INSERT INTO chef_recipes (chef_id, recipe_id) VALUES (19, 36);
INSERT INTO chef_recipes (chef_id, recipe_id) VALUES (20, 53);
INSERT INTO chef_recipes (chef_id, recipe_id) VALUES (20, 39);
INSERT INTO chef_recipes (chef_id, recipe_id) VALUES (21, 23);
INSERT INTO chef_recipes (chef_id, recipe_id) VALUES (22, 39);
INSERT INTO chef_recipes (chef_id, recipe_id) VALUES (22, 23);
INSERT INTO chef_recipes (chef_id, recipe_id) VALUES (23, 25);
INSERT INTO chef_recipes (chef_id, recipe_id) VALUES (24, 38);
INSERT INTO chef_recipes (chef_id, recipe_id) VALUES (24, 44);
INSERT INTO chef_recipes (chef_id, recipe_id) VALUES (24, 54);
INSERT INTO chef_recipes (chef_id, recipe_id) VALUES (24, 42);
INSERT INTO chef_recipes (chef_id, recipe_id) VALUES (25, 43);
INSERT INTO chef_recipes (chef_id, recipe_id) VALUES (25, 48);
INSERT INTO chef_recipes (chef_id, recipe_id) VALUES (25, 34);
INSERT INTO chef_recipes (chef_id, recipe_id) VALUES (25, 46);
INSERT INTO chef_recipes (chef_id, recipe_id) VALUES (26, 40);
INSERT INTO chef_recipes (chef_id, recipe_id) VALUES (26, 49);
INSERT INTO chef_recipes (chef_id, recipe_id) VALUES (27, 46);
INSERT INTO chef_recipes (chef_id, recipe_id) VALUES (27, 54);
INSERT INTO chef_recipes (chef_id, recipe_id) VALUES (27, 33);
INSERT INTO chef_recipes (chef_id, recipe_id) VALUES (28, 52);
INSERT INTO chef_recipes (chef_id, recipe_id) VALUES (28, 44);
INSERT INTO chef_recipes (chef_id, recipe_id) VALUES (28, 33);
INSERT INTO chef_recipes (chef_id, recipe_id) VALUES (28, 45);
INSERT INTO chef_recipes (chef_id, recipe_id) VALUES (29, 37);
INSERT INTO chef_recipes (chef_id, recipe_id) VALUES (29, 49);
INSERT INTO chef_recipes (chef_id, recipe_id) VALUES (29, 40);
INSERT INTO chef_recipes (chef_id, recipe_id) VALUES (30, 43);
INSERT INTO chef_recipes (chef_id, recipe_id) VALUES (31, 46);
INSERT INTO chef_recipes (chef_id, recipe_id) VALUES (32, 48);
INSERT INTO chef_recipes (chef_id, recipe_id) VALUES (32, 39);
INSERT INTO chef_recipes (chef_id, recipe_id) VALUES (33, 35);
INSERT INTO chef_recipes (chef_id, recipe_id) VALUES (33, 51);
INSERT INTO chef_recipes (chef_id, recipe_id) VALUES (33, 47);
INSERT INTO chef_recipes (chef_id, recipe_id) VALUES (33, 42);
INSERT INTO chef_recipes (chef_id, recipe_id) VALUES (34, 23);
INSERT INTO chef_recipes (chef_id, recipe_id) VALUES (34, 33);
INSERT INTO chef_recipes (chef_id, recipe_id) VALUES (34, 53);
INSERT INTO chef_recipes (chef_id, recipe_id) VALUES (34, 50);
INSERT INTO chef_recipes (chef_id, recipe_id) VALUES (35, 42);
INSERT INTO chef_recipes (chef_id, recipe_id) VALUES (35, 51);
INSERT INTO chef_recipes (chef_id, recipe_id) VALUES (35, 44);
INSERT INTO chef_recipes (chef_id, recipe_id) VALUES (36, 53);
INSERT INTO chef_recipes (chef_id, recipe_id) VALUES (36, 35);
INSERT INTO chef_recipes (chef_id, recipe_id) VALUES (37, 35);
INSERT INTO chef_recipes (chef_id, recipe_id) VALUES (37, 37);
INSERT INTO chef_recipes (chef_id, recipe_id) VALUES (38, 46);
INSERT INTO chef_recipes (chef_id, recipe_id) VALUES (39, 34);
INSERT INTO chef_recipes (chef_id, recipe_id) VALUES (40, 49);
INSERT INTO chef_recipes (chef_id, recipe_id) VALUES (40, 35);
INSERT INTO chef_recipes (chef_id, recipe_id) VALUES (40, 51);
INSERT INTO chef_recipes (chef_id, recipe_id) VALUES (41, 54);
INSERT INTO chef_recipes (chef_id, recipe_id) VALUES (41, 40);
INSERT INTO chef_recipes (chef_id, recipe_id) VALUES (42, 9);
INSERT INTO chef_recipes (chef_id, recipe_id) VALUES (42, 50);
INSERT INTO chef_recipes (chef_id, recipe_id) VALUES (42, 38);
INSERT INTO chef_recipes (chef_id, recipe_id) VALUES (43, 38);
INSERT INTO chef_recipes (chef_id, recipe_id) VALUES (44, 50);
INSERT INTO chef_recipes (chef_id, recipe_id) VALUES (45, 49);
INSERT INTO chef_recipes (chef_id, recipe_id) VALUES (46, 45);
INSERT INTO chef_recipes (chef_id, recipe_id) VALUES (47, 54);
INSERT INTO chef_recipes (chef_id, recipe_id) VALUES (47, 49);
INSERT INTO chef_recipes (chef_id, recipe_id) VALUES (48, 26);
INSERT INTO chef_recipes (chef_id, recipe_id) VALUES (48, 50);
INSERT INTO chef_recipes (chef_id, recipe_id) VALUES (48, 38);
INSERT INTO chef_recipes (chef_id, recipe_id) VALUES (49, 34);
INSERT INTO chef_recipes (chef_id, recipe_id) VALUES (49, 38);
INSERT INTO chef_recipes (chef_id, recipe_id) VALUES (49, 42);
INSERT INTO chef_recipes (chef_id, recipe_id) VALUES (50, 43);
INSERT INTO chef_recipes (chef_id, recipe_id) VALUES (51, 47);
INSERT INTO chef_recipes (chef_id, recipe_id) VALUES (52, 51);
INSERT INTO chef_recipes (chef_id, recipe_id) VALUES (52, 23);
INSERT INTO chef_recipes (chef_id, recipe_id) VALUES (53, 36);
INSERT INTO chef_recipes (chef_id, recipe_id) VALUES (53, 49);
INSERT INTO chef_recipes (chef_id, recipe_id) VALUES (53, 48);
INSERT INTO chef_recipes (chef_id, recipe_id) VALUES (53, 46);
INSERT INTO chef_recipes (chef_id, recipe_id) VALUES (54, 33);
INSERT INTO chef_recipes (chef_id, recipe_id) VALUES (54, 25);
INSERT INTO chef_recipes (chef_id, recipe_id) VALUES (55, 52);
INSERT INTO chef_recipes (chef_id, recipe_id) VALUES (56, 49);
INSERT INTO chef_recipes (chef_id, recipe_id) VALUES (56, 37);
INSERT INTO chef_recipes (chef_id, recipe_id) VALUES (56, 40);
INSERT INTO chef_recipes (chef_id, recipe_id) VALUES (57, 23);
INSERT INTO chef_recipes (chef_id, recipe_id) VALUES (57, 50);
INSERT INTO chef_recipes (chef_id, recipe_id) VALUES (57, 47);
INSERT INTO chef_recipes (chef_id, recipe_id) VALUES (57, 51);
INSERT INTO chef_recipes (chef_id, recipe_id) VALUES (58, 40);
INSERT INTO chef_recipes (chef_id, recipe_id) VALUES (58, 43);
INSERT INTO chef_recipes (chef_id, recipe_id) VALUES (58, 46);
INSERT INTO chef_recipes (chef_id, recipe_id) VALUES (59, 34);
INSERT INTO chef_recipes (chef_id, recipe_id) VALUES (59, 51);
INSERT INTO chef_recipes (chef_id, recipe_id) VALUES (60, 42);
INSERT INTO chef_recipes (chef_id, recipe_id) VALUES (61, 40);
INSERT INTO chef_recipes (chef_id, recipe_id) VALUES (61, 48);
INSERT INTO chef_recipes (chef_id, recipe_id) VALUES (61, 9);
INSERT INTO chef_recipes (chef_id, recipe_id) VALUES (62, 23);
INSERT INTO chef_recipes (chef_id, recipe_id) VALUES (63, 48);
INSERT INTO chef_recipes (chef_id, recipe_id) VALUES (63, 38);
INSERT INTO chef_recipes (chef_id, recipe_id) VALUES (64, 9);
INSERT INTO chef_recipes (chef_id, recipe_id) VALUES (64, 44);
INSERT INTO chef_recipes (chef_id, recipe_id) VALUES (64, 45);
INSERT INTO chef_recipes (chef_id, recipe_id) VALUES (65, 37);
INSERT INTO chef_recipes (chef_id, recipe_id) VALUES (65, 43);
INSERT INTO chef_recipes (chef_id, recipe_id) VALUES (65, 54);
INSERT INTO chef_recipes (chef_id, recipe_id) VALUES (65, 52);
INSERT INTO chef_recipes (chef_id, recipe_id) VALUES (66, 46);
INSERT INTO chef_recipes (chef_id, recipe_id) VALUES (66, 25);
INSERT INTO chef_recipes (chef_id, recipe_id) VALUES (67, 45);
INSERT INTO chef_recipes (chef_id, recipe_id) VALUES (67, 25);
INSERT INTO chef_recipes (chef_id, recipe_id) VALUES (67, 26);
INSERT INTO chef_recipes (chef_id, recipe_id) VALUES (67, 37);
INSERT INTO chef_recipes (chef_id, recipe_id) VALUES (68, 37);
INSERT INTO chef_recipes (chef_id, recipe_id) VALUES (69, 51);
INSERT INTO chef_recipes (chef_id, recipe_id) VALUES (69, 43);
INSERT INTO chef_recipes (chef_id, recipe_id) VALUES (70, 33);
INSERT INTO chef_recipes (chef_id, recipe_id) VALUES (70, 52);
INSERT INTO chef_recipes (chef_id, recipe_id) VALUES (71, 54);
INSERT INTO chef_recipes (chef_id, recipe_id) VALUES (71, 33);
INSERT INTO chef_recipes (chef_id, recipe_id) VALUES (71, 51);
INSERT INTO chef_recipes (chef_id, recipe_id) VALUES (72, 33);
INSERT INTO chef_recipes (chef_id, recipe_id) VALUES (73, 39);
INSERT INTO chef_recipes (chef_id, recipe_id) VALUES (73, 37);
INSERT INTO chef_recipes (chef_id, recipe_id) VALUES (74, 50);
INSERT INTO chef_recipes (chef_id, recipe_id) VALUES (74, 49);
INSERT INTO chef_recipes (chef_id, recipe_id) VALUES (74, 52);
INSERT INTO chef_recipes (chef_id, recipe_id) VALUES (75, 48);
INSERT INTO chef_recipes (chef_id, recipe_id) VALUES (75, 35);
INSERT INTO chef_recipes (chef_id, recipe_id) VALUES (76, 47);
INSERT INTO chef_recipes (chef_id, recipe_id) VALUES (76, 45);
INSERT INTO chef_recipes (chef_id, recipe_id) VALUES (76, 23);
INSERT INTO chef_recipes (chef_id, recipe_id) VALUES (77, 35);
INSERT INTO chef_recipes (chef_id, recipe_id) VALUES (78, 44);
INSERT INTO chef_recipes (chef_id, recipe_id) VALUES (78, 38);
INSERT INTO chef_recipes (chef_id, recipe_id) VALUES (78, 39);
INSERT INTO chef_recipes (chef_id, recipe_id) VALUES (79, 44);
INSERT INTO chef_recipes (chef_id, recipe_id) VALUES (80, 42);
INSERT INTO chef_recipes (chef_id, recipe_id) VALUES (80, 38);
INSERT INTO chef_recipes (chef_id, recipe_id) VALUES (80, 41);
INSERT INTO chef_recipes (chef_id, recipe_id) VALUES (80, 51);
INSERT INTO chef_recipes (chef_id, recipe_id) VALUES (81, 25);
INSERT INTO chef_recipes (chef_id, recipe_id) VALUES (81, 40);
INSERT INTO chef_recipes (chef_id, recipe_id) VALUES (81, 45);
INSERT INTO chef_recipes (chef_id, recipe_id) VALUES (82, 25);
INSERT INTO chef_recipes (chef_id, recipe_id) VALUES (83, 46);
INSERT INTO chef_recipes (chef_id, recipe_id) VALUES (83, 35);
INSERT INTO chef_recipes (chef_id, recipe_id) VALUES (83, 37);
INSERT INTO chef_recipes (chef_id, recipe_id) VALUES (84, 39);
INSERT INTO chef_recipes (chef_id, recipe_id) VALUES (85, 34);
INSERT INTO chef_recipes (chef_id, recipe_id) VALUES (85, 43);
INSERT INTO chef_recipes (chef_id, recipe_id) VALUES (85, 47);
INSERT INTO chef_recipes (chef_id, recipe_id) VALUES (85, 52);
INSERT INTO chef_recipes (chef_id, recipe_id) VALUES (86, 54);
INSERT INTO chef_recipes (chef_id, recipe_id) VALUES (86, 35);
INSERT INTO chef_recipes (chef_id, recipe_id) VALUES (87, 49);
INSERT INTO chef_recipes (chef_id, recipe_id) VALUES (87, 46);
INSERT INTO chef_recipes (chef_id, recipe_id) VALUES (87, 26);
INSERT INTO chef_recipes (chef_id, recipe_id) VALUES (88, 51);
INSERT INTO chef_recipes (chef_id, recipe_id) VALUES (88, 23);
INSERT INTO chef_recipes (chef_id, recipe_id) VALUES (89, 44);
INSERT INTO chef_recipes (chef_id, recipe_id) VALUES (89, 51);
INSERT INTO chef_recipes (chef_id, recipe_id) VALUES (89, 41);
INSERT INTO chef_recipes (chef_id, recipe_id) VALUES (90, 44);
INSERT INTO chef_recipes (chef_id, recipe_id) VALUES (90, 37);
INSERT INTO chef_recipes (chef_id, recipe_id) VALUES (91, 38);
INSERT INTO chef_recipes (chef_id, recipe_id) VALUES (92, 26);
INSERT INTO chef_recipes (chef_id, recipe_id) VALUES (92, 49);
INSERT INTO chef_recipes (chef_id, recipe_id) VALUES (93, 42);
INSERT INTO chef_recipes (chef_id, recipe_id) VALUES (93, 9);
INSERT INTO chef_recipes (chef_id, recipe_id) VALUES (94, 44);
INSERT INTO chef_recipes (chef_id, recipe_id) VALUES (94, 39);
INSERT INTO chef_recipes (chef_id, recipe_id) VALUES (95, 25);
INSERT INTO chef_recipes (chef_id, recipe_id) VALUES (95, 26);
INSERT INTO chef_recipes (chef_id, recipe_id) VALUES (95, 50);
INSERT INTO chef_recipes (chef_id, recipe_id) VALUES (96, 46);
INSERT INTO chef_recipes (chef_id, recipe_id) VALUES (96, 39);
INSERT INTO chef_recipes (chef_id, recipe_id) VALUES (97, 49);
INSERT INTO chef_recipes (chef_id, recipe_id) VALUES (97, 37);
INSERT INTO chef_recipes (chef_id, recipe_id) VALUES (98, 42);
INSERT INTO chef_recipes (chef_id, recipe_id) VALUES (98, 23);
INSERT INTO chef_recipes (chef_id, recipe_id) VALUES (99, 38);
INSERT INTO chef_recipes (chef_id, recipe_id) VALUES (99, 26);
INSERT INTO chef_recipes (chef_id, recipe_id) VALUES (99, 33);
INSERT INTO chef_recipes (chef_id, recipe_id) VALUES (100, 34);
INSERT INTO chef_recipes (chef_id, recipe_id) VALUES (100, 46);
INSERT INTO chef_recipes (chef_id, recipe_id) VALUES (101, 40);
INSERT INTO chef_recipes (chef_id, recipe_id) VALUES (101, 26);
INSERT INTO chef_recipes (chef_id, recipe_id) VALUES (101, 44);
INSERT INTO chef_recipes (chef_id, recipe_id) VALUES (101, 38);
INSERT INTO chef_recipes (chef_id, recipe_id) VALUES (102, 44);
INSERT INTO chef_recipes (chef_id, recipe_id) VALUES (103, 50);
INSERT INTO chef_recipes (chef_id, recipe_id) VALUES (103, 47);
INSERT INTO chef_recipes (chef_id, recipe_id) VALUES (103, 38);
INSERT INTO chef_recipes (chef_id, recipe_id) VALUES (104, 26);
INSERT INTO chef_recipes (chef_id, recipe_id) VALUES (104, 34);
INSERT INTO chef_recipes (chef_id, recipe_id) VALUES (104, 23);
INSERT INTO chef_recipes (chef_id, recipe_id) VALUES (105, 37);
INSERT INTO chef_recipes (chef_id, recipe_id) VALUES (105, 39);
INSERT INTO chef_recipes (chef_id, recipe_id) VALUES (105, 54);
INSERT INTO chef_recipes (chef_id, recipe_id) VALUES (106, 46);
INSERT INTO chef_recipes (chef_id, recipe_id) VALUES (106, 38);
INSERT INTO chef_recipes (chef_id, recipe_id) VALUES (106, 45);
INSERT INTO chef_recipes (chef_id, recipe_id) VALUES (106, 53);
INSERT INTO chef_recipes (chef_id, recipe_id) VALUES (107, 45);
INSERT INTO chef_recipes (chef_id, recipe_id) VALUES (107, 26);
INSERT INTO chef_recipes (chef_id, recipe_id) VALUES (107, 38);
INSERT INTO chef_recipes (chef_id, recipe_id) VALUES (107, 39);
INSERT INTO chef_recipes (chef_id, recipe_id) VALUES (108, 37);
INSERT INTO chef_recipes (chef_id, recipe_id) VALUES (108, 40);
INSERT INTO chef_recipes (chef_id, recipe_id) VALUES (108, 35);
INSERT INTO chef_recipes (chef_id, recipe_id) VALUES (109, 47);
INSERT INTO chef_recipes (chef_id, recipe_id) VALUES (109, 39);
INSERT INTO chef_recipes (chef_id, recipe_id) VALUES (109, 44);
INSERT INTO chef_recipes (chef_id, recipe_id) VALUES (110, 46);
INSERT INTO chef_recipes (chef_id, recipe_id) VALUES (111, 46);
INSERT INTO chef_recipes (chef_id, recipe_id) VALUES (111, 25);
INSERT INTO chef_recipes (chef_id, recipe_id) VALUES (111, 26);
INSERT INTO chef_recipes (chef_id, recipe_id) VALUES (112, 9);
INSERT INTO chef_recipes (chef_id, recipe_id) VALUES (112, 40);
INSERT INTO chef_recipes (chef_id, recipe_id) VALUES (112, 37);
INSERT INTO chef_recipes (chef_id, recipe_id) VALUES (113, 52);
INSERT INTO chef_recipes (chef_id, recipe_id) VALUES (114, 47);
INSERT INTO chef_recipes (chef_id, recipe_id) VALUES (114, 45);
INSERT INTO chef_recipes (chef_id, recipe_id) VALUES (114, 54);
INSERT INTO chef_recipes (chef_id, recipe_id) VALUES (115, 48);
INSERT INTO chef_recipes (chef_id, recipe_id) VALUES (115, 49);
INSERT INTO chef_recipes (chef_id, recipe_id) VALUES (115, 51);
INSERT INTO chef_recipes (chef_id, recipe_id) VALUES (115, 39);
INSERT INTO chef_recipes (chef_id, recipe_id) VALUES (116, 51);
INSERT INTO chef_recipes (chef_id, recipe_id) VALUES (116, 34);
INSERT INTO chef_recipes (chef_id, recipe_id) VALUES (116, 54);
INSERT INTO chef_recipes (chef_id, recipe_id) VALUES (117, 53);
INSERT INTO chef_recipes (chef_id, recipe_id) VALUES (117, 39);
INSERT INTO chef_recipes (chef_id, recipe_id) VALUES (117, 49);
INSERT INTO chef_recipes (chef_id, recipe_id) VALUES (118, 52);
INSERT INTO chef_recipes (chef_id, recipe_id) VALUES (118, 54);
INSERT INTO chef_recipes (chef_id, recipe_id) VALUES (118, 47);
INSERT INTO chef_recipes (chef_id, recipe_id) VALUES (119, 52);
INSERT INTO chef_recipes (chef_id, recipe_id) VALUES (120, 52);
INSERT INTO chef_recipes (chef_id, recipe_id) VALUES (120, 38);
INSERT INTO chef_recipes (chef_id, recipe_id) VALUES (120, 42);
INSERT INTO chef_recipes (chef_id, recipe_id) VALUES (121, 41);
INSERT INTO chef_recipes (chef_id, recipe_id) VALUES (121, 43);
INSERT INTO chef_recipes (chef_id, recipe_id) VALUES (121, 49);
INSERT INTO chef_recipes (chef_id, recipe_id) VALUES (122, 49);
INSERT INTO chef_recipes (chef_id, recipe_id) VALUES (122, 34);
INSERT INTO chef_recipes (chef_id, recipe_id) VALUES (122, 26);
INSERT INTO chef_recipes (chef_id, recipe_id) VALUES (123, 41);
INSERT INTO chef_recipes (chef_id, recipe_id) VALUES (123, 47);
INSERT INTO chef_recipes (chef_id, recipe_id) VALUES (123, 35);
INSERT INTO chef_recipes (chef_id, recipe_id) VALUES (124, 43);
INSERT INTO chef_recipes (chef_id, recipe_id) VALUES (124, 25);
INSERT INTO chef_recipes (chef_id, recipe_id) VALUES (125, 48);
INSERT INTO chef_recipes (chef_id, recipe_id) VALUES (125, 50);
INSERT INTO chef_recipes (chef_id, recipe_id) VALUES (126, 48);
INSERT INTO chef_recipes (chef_id, recipe_id) VALUES (126, 47);
INSERT INTO chef_recipes (chef_id, recipe_id) VALUES (126, 36);
INSERT INTO chef_recipes (chef_id, recipe_id) VALUES (126, 42);
INSERT INTO chef_recipes (chef_id, recipe_id) VALUES (127, 43);
INSERT INTO chef_recipes (chef_id, recipe_id) VALUES (127, 40);
INSERT INTO chef_recipes (chef_id, recipe_id) VALUES (127, 39);
INSERT INTO chef_recipes (chef_id, recipe_id) VALUES (128, 25);
INSERT INTO chef_recipes (chef_id, recipe_id) VALUES (128, 44);
INSERT INTO chef_recipes (chef_id, recipe_id) VALUES (129, 39);
INSERT INTO chef_recipes (chef_id, recipe_id) VALUES (130, 9);
INSERT INTO chef_recipes (chef_id, recipe_id) VALUES (130, 53);
INSERT INTO chef_recipes (chef_id, recipe_id) VALUES (131, 53);
INSERT INTO chef_recipes (chef_id, recipe_id) VALUES (131, 54);
INSERT INTO chef_recipes (chef_id, recipe_id) VALUES (131, 48);
INSERT INTO chef_recipes (chef_id, recipe_id) VALUES (132, 46);
INSERT INTO chef_recipes (chef_id, recipe_id) VALUES (132, 34);
INSERT INTO chef_recipes (chef_id, recipe_id) VALUES (132, 54);
INSERT INTO chef_recipes (chef_id, recipe_id) VALUES (132, 53);
INSERT INTO chef_recipes (chef_id, recipe_id) VALUES (133, 47);
INSERT INTO chef_recipes (chef_id, recipe_id) VALUES (133, 38);
INSERT INTO chef_recipes (chef_id, recipe_id) VALUES (133, 25);
INSERT INTO chef_recipes (chef_id, recipe_id) VALUES (134, 23);
INSERT INTO chef_recipes (chef_id, recipe_id) VALUES (135, 45);
INSERT INTO chef_recipes (chef_id, recipe_id) VALUES (135, 42);
INSERT INTO chef_recipes (chef_id, recipe_id) VALUES (135, 35);
INSERT INTO chef_recipes (chef_id, recipe_id) VALUES (135, 51);
INSERT INTO chef_recipes (chef_id, recipe_id) VALUES (136, 33);
INSERT INTO chef_recipes (chef_id, recipe_id) VALUES (136, 43);
INSERT INTO chef_recipes (chef_id, recipe_id) VALUES (136, 38);
INSERT INTO chef_recipes (chef_id, recipe_id) VALUES (137, 46);
INSERT INTO chef_recipes (chef_id, recipe_id) VALUES (138, 46);
INSERT INTO chef_recipes (chef_id, recipe_id) VALUES (139, 36);
INSERT INTO chef_recipes (chef_id, recipe_id) VALUES (139, 42);
INSERT INTO chef_recipes (chef_id, recipe_id) VALUES (140, 48);
INSERT INTO chef_recipes (chef_id, recipe_id) VALUES (140, 50);
INSERT INTO chef_recipes (chef_id, recipe_id) VALUES (140, 33);
INSERT INTO chef_recipes (chef_id, recipe_id) VALUES (140, 9);
INSERT INTO chef_recipes (chef_id, recipe_id) VALUES (141, 43);
INSERT INTO chef_recipes (chef_id, recipe_id) VALUES (142, 49);
INSERT INTO chef_recipes (chef_id, recipe_id) VALUES (142, 44);
INSERT INTO chef_recipes (chef_id, recipe_id) VALUES (143, 40);
INSERT INTO chef_recipes (chef_id, recipe_id) VALUES (143, 50);
INSERT INTO chef_recipes (chef_id, recipe_id) VALUES (144, 49);
INSERT INTO chef_recipes (chef_id, recipe_id) VALUES (145, 23);
INSERT INTO chef_recipes (chef_id, recipe_id) VALUES (145, 40);
INSERT INTO chef_recipes (chef_id, recipe_id) VALUES (145, 25);
INSERT INTO chef_recipes (chef_id, recipe_id) VALUES (146, 53);
INSERT INTO chef_recipes (chef_id, recipe_id) VALUES (147, 40);
INSERT INTO chef_recipes (chef_id, recipe_id) VALUES (147, 23);
INSERT INTO chef_recipes (chef_id, recipe_id) VALUES (147, 39);
INSERT INTO chef_recipes (chef_id, recipe_id) VALUES (148, 35);
INSERT INTO chef_recipes (chef_id, recipe_id) VALUES (149, 54);
INSERT INTO chef_recipes (chef_id, recipe_id) VALUES (149, 44);
INSERT INTO chef_recipes (chef_id, recipe_id) VALUES (150, 9);
INSERT INTO chef_recipes (chef_id, recipe_id) VALUES (150, 54);
INSERT INTO chef_recipes (chef_id, recipe_id) VALUES (151, 26);
INSERT INTO chef_recipes (chef_id, recipe_id) VALUES (151, 47);
INSERT INTO chef_recipes (chef_id, recipe_id) VALUES (151, 46);
INSERT INTO chef_recipes (chef_id, recipe_id) VALUES (151, 52);
INSERT INTO chef_recipes (chef_id, recipe_id) VALUES (152, 36);
INSERT INTO chef_recipes (chef_id, recipe_id) VALUES (152, 23);
INSERT INTO chef_recipes (chef_id, recipe_id) VALUES (152, 40);
INSERT INTO chef_recipes (chef_id, recipe_id) VALUES (152, 49);
INSERT INTO chef_recipes (chef_id, recipe_id) VALUES (153, 42);
INSERT INTO chef_recipes (chef_id, recipe_id) VALUES (153, 39);
INSERT INTO chef_recipes (chef_id, recipe_id) VALUES (153, 26);
INSERT INTO chef_recipes (chef_id, recipe_id) VALUES (153, 41);
INSERT INTO chef_recipes (chef_id, recipe_id) VALUES (154, 46);
INSERT INTO chef_recipes (chef_id, recipe_id) VALUES (154, 45);
INSERT INTO chef_recipes (chef_id, recipe_id) VALUES (155, 26);
INSERT INTO chef_recipes (chef_id, recipe_id) VALUES (155, 54);
INSERT INTO chef_recipes (chef_id, recipe_id) VALUES (156, 50);
INSERT INTO chef_recipes (chef_id, recipe_id) VALUES (157, 42);
INSERT INTO chef_recipes (chef_id, recipe_id) VALUES (157, 37);
INSERT INTO chef_recipes (chef_id, recipe_id) VALUES (157, 48);
INSERT INTO chef_recipes (chef_id, recipe_id) VALUES (158, 25);
INSERT INTO chef_recipes (chef_id, recipe_id) VALUES (158, 47);
INSERT INTO chef_recipes (chef_id, recipe_id) VALUES (159, 43);
INSERT INTO chef_recipes (chef_id, recipe_id) VALUES (159, 40);
INSERT INTO chef_recipes (chef_id, recipe_id) VALUES (159, 53);
INSERT INTO chef_recipes (chef_id, recipe_id) VALUES (160, 36);
INSERT INTO chef_recipes (chef_id, recipe_id) VALUES (160, 23);
INSERT INTO chef_recipes (chef_id, recipe_id) VALUES (160, 25);
INSERT INTO chef_recipes (chef_id, recipe_id) VALUES (160, 33);
INSERT INTO chef_recipes (chef_id, recipe_id) VALUES (161, 44);
INSERT INTO chef_recipes (chef_id, recipe_id) VALUES (161, 54);
INSERT INTO chef_recipes (chef_id, recipe_id) VALUES (161, 53);
INSERT INTO chef_recipes (chef_id, recipe_id) VALUES (161, 37);
INSERT INTO chef_recipes (chef_id, recipe_id) VALUES (162, 36);
INSERT INTO chef_recipes (chef_id, recipe_id) VALUES (162, 37);
INSERT INTO chef_recipes (chef_id, recipe_id) VALUES (162, 48);
INSERT INTO chef_recipes (chef_id, recipe_id) VALUES (162, 39);
INSERT INTO chef_recipes (chef_id, recipe_id) VALUES (163, 52);
INSERT INTO chef_recipes (chef_id, recipe_id) VALUES (163, 40);
INSERT INTO chef_recipes (chef_id, recipe_id) VALUES (164, 26);
INSERT INTO chef_recipes (chef_id, recipe_id) VALUES (164, 34);
INSERT INTO chef_recipes (chef_id, recipe_id) VALUES (165, 45);
INSERT INTO chef_recipes (chef_id, recipe_id) VALUES (166, 46);
INSERT INTO chef_recipes (chef_id, recipe_id) VALUES (166, 42);
INSERT INTO chef_recipes (chef_id, recipe_id) VALUES (167, 52);
INSERT INTO chef_recipes (chef_id, recipe_id) VALUES (167, 38);
INSERT INTO chef_recipes (chef_id, recipe_id) VALUES (168, 45);
INSERT INTO chef_recipes (chef_id, recipe_id) VALUES (169, 25);
INSERT INTO chef_recipes (chef_id, recipe_id) VALUES (169, 49);
INSERT INTO chef_recipes (chef_id, recipe_id) VALUES (170, 42);
INSERT INTO chef_recipes (chef_id, recipe_id) VALUES (170, 53);
INSERT INTO chef_recipes (chef_id, recipe_id) VALUES (170, 33);
INSERT INTO chef_recipes (chef_id, recipe_id) VALUES (170, 52);
INSERT INTO chef_recipes (chef_id, recipe_id) VALUES (171, 54);
INSERT INTO chef_recipes (chef_id, recipe_id) VALUES (171, 40);
INSERT INTO chef_recipes (chef_id, recipe_id) VALUES (171, 43);
INSERT INTO chef_recipes (chef_id, recipe_id) VALUES (172, 37);
INSERT INTO chef_recipes (chef_id, recipe_id) VALUES (173, 52);
INSERT INTO chef_recipes (chef_id, recipe_id) VALUES (173, 46);
INSERT INTO chef_recipes (chef_id, recipe_id) VALUES (173, 26);
INSERT INTO chef_recipes (chef_id, recipe_id) VALUES (174, 43);
INSERT INTO chef_recipes (chef_id, recipe_id) VALUES (175, 38);
INSERT INTO chef_recipes (chef_id, recipe_id) VALUES (175, 49);
INSERT INTO chef_recipes (chef_id, recipe_id) VALUES (176, 52);
INSERT INTO chef_recipes (chef_id, recipe_id) VALUES (176, 47);
INSERT INTO chef_recipes (chef_id, recipe_id) VALUES (176, 44);
INSERT INTO chef_recipes (chef_id, recipe_id) VALUES (176, 40);
INSERT INTO chef_recipes (chef_id, recipe_id) VALUES (177, 36);
INSERT INTO chef_recipes (chef_id, recipe_id) VALUES (177, 46);
INSERT INTO chef_recipes (chef_id, recipe_id) VALUES (178, 35);
INSERT INTO chef_recipes (chef_id, recipe_id) VALUES (179, 47);
INSERT INTO chef_recipes (chef_id, recipe_id) VALUES (180, 41);
INSERT INTO chef_recipes (chef_id, recipe_id) VALUES (180, 49);
INSERT INTO chef_recipes (chef_id, recipe_id) VALUES (181, 44);
INSERT INTO chef_recipes (chef_id, recipe_id) VALUES (181, 42);
INSERT INTO chef_recipes (chef_id, recipe_id) VALUES (181, 33);
INSERT INTO chef_recipes (chef_id, recipe_id) VALUES (181, 49);
INSERT INTO chef_recipes (chef_id, recipe_id) VALUES (182, 48);
INSERT INTO chef_recipes (chef_id, recipe_id) VALUES (182, 40);
INSERT INTO chef_recipes (chef_id, recipe_id) VALUES (183, 42);
INSERT INTO chef_recipes (chef_id, recipe_id) VALUES (183, 23);
INSERT INTO chef_recipes (chef_id, recipe_id) VALUES (184, 23);
INSERT INTO chef_recipes (chef_id, recipe_id) VALUES (185, 50);
INSERT INTO chef_recipes (chef_id, recipe_id) VALUES (186, 44);
INSERT INTO chef_recipes (chef_id, recipe_id) VALUES (186, 38);
INSERT INTO chef_recipes (chef_id, recipe_id) VALUES (187, 45);
INSERT INTO chef_recipes (chef_id, recipe_id) VALUES (188, 25);
INSERT INTO chef_recipes (chef_id, recipe_id) VALUES (189, 52);
INSERT INTO chef_recipes (chef_id, recipe_id) VALUES (189, 44);
INSERT INTO chef_recipes (chef_id, recipe_id) VALUES (189, 36);
INSERT INTO chef_recipes (chef_id, recipe_id) VALUES (190, 53);
INSERT INTO chef_recipes (chef_id, recipe_id) VALUES (190, 34);
INSERT INTO chef_recipes (chef_id, recipe_id) VALUES (190, 26);
INSERT INTO chef_recipes (chef_id, recipe_id) VALUES (190, 54);
INSERT INTO chef_recipes (chef_id, recipe_id) VALUES (191, 36);
INSERT INTO chef_recipes (chef_id, recipe_id) VALUES (192, 46);
INSERT INTO chef_recipes (chef_id, recipe_id) VALUES (193, 37);
INSERT INTO chef_recipes (chef_id, recipe_id) VALUES (194, 42);
INSERT INTO chef_recipes (chef_id, recipe_id) VALUES (194, 54);
INSERT INTO chef_recipes (chef_id, recipe_id) VALUES (195, 43);
INSERT INTO chef_recipes (chef_id, recipe_id) VALUES (196, 52);
INSERT INTO chef_recipes (chef_id, recipe_id) VALUES (197, 50);
INSERT INTO chef_recipes (chef_id, recipe_id) VALUES (197, 49);
INSERT INTO chef_recipes (chef_id, recipe_id) VALUES (198, 38);
INSERT INTO chef_recipes (chef_id, recipe_id) VALUES (198, 33);
INSERT INTO chef_recipes (chef_id, recipe_id) VALUES (198, 49);
INSERT INTO chef_recipes (chef_id, recipe_id) VALUES (199, 35);
INSERT INTO chef_recipes (chef_id, recipe_id) VALUES (200, 48);
INSERT INTO chef_recipes (chef_id, recipe_id) VALUES (200, 40);
INSERT INTO chef_recipes (chef_id, recipe_id) VALUES (200, 43);
INSERT INTO chef_recipes (chef_id, recipe_id) VALUES (200, 44);


INSERT INTO Episodes (episode_number, year_played) VALUES (1, 2018);
INSERT INTO chefs_recipes_episode (episode_id, recipe_id, chef_id) VALUES (1, 35, 177);
INSERT INTO chefs_recipes_episode (episode_id, recipe_id, chef_id) VALUES (1, 39, 146);
INSERT INTO chefs_recipes_episode (episode_id, recipe_id, chef_id) VALUES (1, 33, 71);
INSERT INTO chefs_recipes_episode (episode_id, recipe_id, chef_id) VALUES (1, 46, 165);
INSERT INTO chefs_recipes_episode (episode_id, recipe_id, chef_id) VALUES (1, 25, 168);
INSERT INTO chefs_recipes_episode (episode_id, recipe_id, chef_id) VALUES (1, 54, 115);
INSERT INTO chefs_recipes_episode (episode_id, recipe_id, chef_id) VALUES (1, 51, 68);
INSERT INTO chefs_recipes_episode (episode_id, recipe_id, chef_id) VALUES (1, 53, 19);
INSERT INTO is_judge (judge_id, episode_id) VALUES (29, 1);
INSERT INTO is_judge (judge_id, episode_id) VALUES (140, 1);
INSERT INTO is_judge (judge_id, episode_id) VALUES (32, 1);
INSERT INTO rates (episode_id,judge_id,contestant_id,score) VALUES (1, 29, 177, 4);
INSERT INTO rates (episode_id,judge_id,contestant_id,score) VALUES (1, 140, 177, 6);
INSERT INTO rates (episode_id,judge_id,contestant_id,score) VALUES (1, 32, 177, 2);
INSERT INTO rates (episode_id,judge_id,contestant_id,score) VALUES (1, 29, 146, 2);
INSERT INTO rates (episode_id,judge_id,contestant_id,score) VALUES (1, 140, 146, 3);
INSERT INTO rates (episode_id,judge_id,contestant_id,score) VALUES (1, 32, 146, -1);
INSERT INTO rates (episode_id,judge_id,contestant_id,score) VALUES (1, 29, 71, 10);
INSERT INTO rates (episode_id,judge_id,contestant_id,score) VALUES (1, 140, 71, 10);
INSERT INTO rates (episode_id,judge_id,contestant_id,score) VALUES (1, 32, 71, 8);
INSERT INTO rates (episode_id,judge_id,contestant_id,score) VALUES (1, 29, 165, 9);
INSERT INTO rates (episode_id,judge_id,contestant_id,score) VALUES (1, 140, 165, 10);
INSERT INTO rates (episode_id,judge_id,contestant_id,score) VALUES (1, 32, 165, 7);
INSERT INTO rates (episode_id,judge_id,contestant_id,score) VALUES (1, 29, 168, 8);
INSERT INTO rates (episode_id,judge_id,contestant_id,score) VALUES (1, 140, 168, 9);
INSERT INTO rates (episode_id,judge_id,contestant_id,score) VALUES (1, 32, 168, 7);
INSERT INTO rates (episode_id,judge_id,contestant_id,score) VALUES (1, 29, 115, 10);
INSERT INTO rates (episode_id,judge_id,contestant_id,score) VALUES (1, 140, 115, 10);
INSERT INTO rates (episode_id,judge_id,contestant_id,score) VALUES (1, 32, 115, 9);
INSERT INTO rates (episode_id,judge_id,contestant_id,score) VALUES (1, 29, 68, 5);
INSERT INTO rates (episode_id,judge_id,contestant_id,score) VALUES (1, 140, 68, 6);
INSERT INTO rates (episode_id,judge_id,contestant_id,score) VALUES (1, 32, 68, 2);
INSERT INTO rates (episode_id,judge_id,contestant_id,score) VALUES (1, 29, 19, 9);
INSERT INTO rates (episode_id,judge_id,contestant_id,score) VALUES (1, 140, 19, 10);
INSERT INTO rates (episode_id,judge_id,contestant_id,score) VALUES (1, 32, 19, 7);
INSERT INTO rates (episode_id,judge_id,contestant_id,score) VALUES (1, 29, 83, 8);
INSERT INTO rates (episode_id,judge_id,contestant_id,score) VALUES (1, 140, 83, 10);
INSERT INTO rates (episode_id,judge_id,contestant_id,score) VALUES (1, 32, 83, 6);
INSERT INTO rates (episode_id,judge_id,contestant_id,score) VALUES (1, 29, 170, 4);
INSERT INTO rates (episode_id,judge_id,contestant_id,score) VALUES (1, 140, 170, 6);
INSERT INTO rates (episode_id,judge_id,contestant_id,score) VALUES (1, 32, 170, 2);

INSERT INTO Episodes (episode_number, year_played) VALUES (2, 2018);
INSERT INTO chefs_recipes_episode (episode_id, recipe_id, chef_id) VALUES (2, 42, 92);
INSERT INTO chefs_recipes_episode (episode_id, recipe_id, chef_id) VALUES (2, 49, 39);
INSERT INTO chefs_recipes_episode (episode_id, recipe_id, chef_id) VALUES (2, 23, 183);
INSERT INTO chefs_recipes_episode (episode_id, recipe_id, chef_id) VALUES (2, 36, 6);
INSERT INTO chefs_recipes_episode (episode_id, recipe_id, chef_id) VALUES (2, 34, 115);
INSERT INTO chefs_recipes_episode (episode_id, recipe_id, chef_id) VALUES (2, 45, 105);
INSERT INTO is_judge (judge_id, episode_id) VALUES (132, 2);
INSERT INTO is_judge (judge_id, episode_id) VALUES (69, 2);
INSERT INTO is_judge (judge_id, episode_id) VALUES (36, 2);
INSERT INTO rates (episode_id,judge_id,contestant_id,score) VALUES (2, 132, 199, 3);
INSERT INTO rates (episode_id,judge_id,contestant_id,score) VALUES (2, 69, 199, 4);
INSERT INTO rates (episode_id,judge_id,contestant_id,score) VALUES (2, 36, 199, 0);
INSERT INTO rates (episode_id,judge_id,contestant_id,score) VALUES (2, 132, 92, 10);
INSERT INTO rates (episode_id,judge_id,contestant_id,score) VALUES (2, 69, 92, 10);
INSERT INTO rates (episode_id,judge_id,contestant_id,score) VALUES (2, 36, 92, 7);
INSERT INTO rates (episode_id,judge_id,contestant_id,score) VALUES (2, 132, 72, 6);
INSERT INTO rates (episode_id,judge_id,contestant_id,score) VALUES (2, 69, 72, 7);
INSERT INTO rates (episode_id,judge_id,contestant_id,score) VALUES (2, 36, 72, 3);
INSERT INTO rates (episode_id,judge_id,contestant_id,score) VALUES (2, 132, 39, 4);
INSERT INTO rates (episode_id,judge_id,contestant_id,score) VALUES (2, 69, 39, 6);
INSERT INTO rates (episode_id,judge_id,contestant_id,score) VALUES (2, 36, 39, 1);
INSERT INTO rates (episode_id,judge_id,contestant_id,score) VALUES (2, 132, 83, 9);
INSERT INTO rates (episode_id,judge_id,contestant_id,score) VALUES (2, 69, 83, 10);
INSERT INTO rates (episode_id,judge_id,contestant_id,score) VALUES (2, 36, 83, 8);
INSERT INTO rates (episode_id,judge_id,contestant_id,score) VALUES (2, 132, 183, 6);
INSERT INTO rates (episode_id,judge_id,contestant_id,score) VALUES (2, 69, 183, 8);
INSERT INTO rates (episode_id,judge_id,contestant_id,score) VALUES (2, 36, 183, 3);
INSERT INTO rates (episode_id,judge_id,contestant_id,score) VALUES (2, 132, 6, 6);
INSERT INTO rates (episode_id,judge_id,contestant_id,score) VALUES (2, 69, 6, 7);
INSERT INTO rates (episode_id,judge_id,contestant_id,score) VALUES (2, 36, 6, 3);
INSERT INTO rates (episode_id,judge_id,contestant_id,score) VALUES (2, 132, 115, 7);
INSERT INTO rates (episode_id,judge_id,contestant_id,score) VALUES (2, 69, 115, 10);
INSERT INTO rates (episode_id,judge_id,contestant_id,score) VALUES (2, 36, 115, 4);
INSERT INTO rates (episode_id,judge_id,contestant_id,score) VALUES (2, 132, 91, 9);
INSERT INTO rates (episode_id,judge_id,contestant_id,score) VALUES (2, 69, 91, 10);
INSERT INTO rates (episode_id,judge_id,contestant_id,score) VALUES (2, 36, 91, 6);
INSERT INTO rates (episode_id,judge_id,contestant_id,score) VALUES (2, 132, 105, 6);
INSERT INTO rates (episode_id,judge_id,contestant_id,score) VALUES (2, 69, 105, 7);
INSERT INTO rates (episode_id,judge_id,contestant_id,score) VALUES (2, 36, 105, 5);

INSERT INTO Episodes (episode_number, year_played) VALUES (3, 2018);
INSERT INTO chefs_recipes_episode (episode_id, recipe_id, chef_id) VALUES (3, 33, 26);
INSERT INTO chefs_recipes_episode (episode_id, recipe_id, chef_id) VALUES (3, 25, 187);
INSERT INTO chefs_recipes_episode (episode_id, recipe_id, chef_id) VALUES (3, 54, 40);
INSERT INTO chefs_recipes_episode (episode_id, recipe_id, chef_id) VALUES (3, 50, 56);
INSERT INTO chefs_recipes_episode (episode_id, recipe_id, chef_id) VALUES (3, 43, 64);
INSERT INTO chefs_recipes_episode (episode_id, recipe_id, chef_id) VALUES (3, 9, 63);
INSERT INTO chefs_recipes_episode (episode_id, recipe_id, chef_id) VALUES (3, 49, 73);
INSERT INTO is_judge (judge_id, episode_id) VALUES (11, 3);
INSERT INTO is_judge (judge_id, episode_id) VALUES (176, 3);
INSERT INTO is_judge (judge_id, episode_id) VALUES (91, 3);
INSERT INTO rates (episode_id,judge_id,contestant_id,score) VALUES (3, 11, 180, 6);
INSERT INTO rates (episode_id,judge_id,contestant_id,score) VALUES (3, 176, 180, 8);
INSERT INTO rates (episode_id,judge_id,contestant_id,score) VALUES (3, 91, 180, 3);
INSERT INTO rates (episode_id,judge_id,contestant_id,score) VALUES (3, 11, 32, 5);
INSERT INTO rates (episode_id,judge_id,contestant_id,score) VALUES (3, 176, 32, 8);
INSERT INTO rates (episode_id,judge_id,contestant_id,score) VALUES (3, 91, 32, 4);
INSERT INTO rates (episode_id,judge_id,contestant_id,score) VALUES (3, 11, 26, 4);
INSERT INTO rates (episode_id,judge_id,contestant_id,score) VALUES (3, 176, 26, 7);
INSERT INTO rates (episode_id,judge_id,contestant_id,score) VALUES (3, 91, 26, 2);
INSERT INTO rates (episode_id,judge_id,contestant_id,score) VALUES (3, 11, 187, 3);
INSERT INTO rates (episode_id,judge_id,contestant_id,score) VALUES (3, 176, 187, 6);
INSERT INTO rates (episode_id,judge_id,contestant_id,score) VALUES (3, 91, 187, 1);
INSERT INTO rates (episode_id,judge_id,contestant_id,score) VALUES (3, 11, 40, 9);
INSERT INTO rates (episode_id,judge_id,contestant_id,score) VALUES (3, 176, 40, 10);
INSERT INTO rates (episode_id,judge_id,contestant_id,score) VALUES (3, 91, 40, 8);
INSERT INTO rates (episode_id,judge_id,contestant_id,score) VALUES (3, 11, 56, 9);
INSERT INTO rates (episode_id,judge_id,contestant_id,score) VALUES (3, 176, 56, 10);
INSERT INTO rates (episode_id,judge_id,contestant_id,score) VALUES (3, 91, 56, 7);
INSERT INTO rates (episode_id,judge_id,contestant_id,score) VALUES (3, 11, 64, 5);
INSERT INTO rates (episode_id,judge_id,contestant_id,score) VALUES (3, 176, 64, 8);
INSERT INTO rates (episode_id,judge_id,contestant_id,score) VALUES (3, 91, 64, 4);
INSERT INTO rates (episode_id,judge_id,contestant_id,score) VALUES (3, 11, 144, 2);
INSERT INTO rates (episode_id,judge_id,contestant_id,score) VALUES (3, 176, 144, 3);
INSERT INTO rates (episode_id,judge_id,contestant_id,score) VALUES (3, 91, 144, 0);
INSERT INTO rates (episode_id,judge_id,contestant_id,score) VALUES (3, 11, 63, 5);
INSERT INTO rates (episode_id,judge_id,contestant_id,score) VALUES (3, 176, 63, 7);
INSERT INTO rates (episode_id,judge_id,contestant_id,score) VALUES (3, 91, 63, 4);
INSERT INTO rates (episode_id,judge_id,contestant_id,score) VALUES (3, 11, 73, 9);
INSERT INTO rates (episode_id,judge_id,contestant_id,score) VALUES (3, 176, 73, 10);
INSERT INTO rates (episode_id,judge_id,contestant_id,score) VALUES (3, 91, 73, 6);

INSERT INTO Episodes (episode_number, year_played) VALUES (4, 2018);
INSERT INTO chefs_recipes_episode (episode_id, recipe_id, chef_id) VALUES (4, 34, 163);
INSERT INTO chefs_recipes_episode (episode_id, recipe_id, chef_id) VALUES (4, 38, 166);
INSERT INTO chefs_recipes_episode (episode_id, recipe_id, chef_id) VALUES (4, 49, 44);
INSERT INTO chefs_recipes_episode (episode_id, recipe_id, chef_id) VALUES (4, 33, 71);
INSERT INTO chefs_recipes_episode (episode_id, recipe_id, chef_id) VALUES (4, 35, 198);
INSERT INTO chefs_recipes_episode (episode_id, recipe_id, chef_id) VALUES (4, 54, 23);
INSERT INTO chefs_recipes_episode (episode_id, recipe_id, chef_id) VALUES (4, 23, 183);
INSERT INTO chefs_recipes_episode (episode_id, recipe_id, chef_id) VALUES (4, 43, 199);
INSERT INTO chefs_recipes_episode (episode_id, recipe_id, chef_id) VALUES (4, 51, 68);
INSERT INTO is_judge (judge_id, episode_id) VALUES (169, 4);
INSERT INTO is_judge (judge_id, episode_id) VALUES (96, 4);
INSERT INTO is_judge (judge_id, episode_id) VALUES (27, 4);
INSERT INTO rates (episode_id,judge_id,contestant_id,score) VALUES (4, 169, 163, 7);
INSERT INTO rates (episode_id,judge_id,contestant_id,score) VALUES (4, 96, 163, 10);
INSERT INTO rates (episode_id,judge_id,contestant_id,score) VALUES (4, 27, 163, 4);
INSERT INTO rates (episode_id,judge_id,contestant_id,score) VALUES (4, 169, 166, 2);
INSERT INTO rates (episode_id,judge_id,contestant_id,score) VALUES (4, 96, 166, 4);
INSERT INTO rates (episode_id,judge_id,contestant_id,score) VALUES (4, 27, 166, 1);
INSERT INTO rates (episode_id,judge_id,contestant_id,score) VALUES (4, 169, 44, 6);
INSERT INTO rates (episode_id,judge_id,contestant_id,score) VALUES (4, 96, 44, 9);
INSERT INTO rates (episode_id,judge_id,contestant_id,score) VALUES (4, 27, 44, 3);
INSERT INTO rates (episode_id,judge_id,contestant_id,score) VALUES (4, 169, 71, 3);
INSERT INTO rates (episode_id,judge_id,contestant_id,score) VALUES (4, 96, 71, 6);
INSERT INTO rates (episode_id,judge_id,contestant_id,score) VALUES (4, 27, 71, 1);
INSERT INTO rates (episode_id,judge_id,contestant_id,score) VALUES (4, 169, 198, 1);
INSERT INTO rates (episode_id,judge_id,contestant_id,score) VALUES (4, 96, 198, 4);
INSERT INTO rates (episode_id,judge_id,contestant_id,score) VALUES (4, 27, 198, -2);
INSERT INTO rates (episode_id,judge_id,contestant_id,score) VALUES (4, 169, 77, 8);
INSERT INTO rates (episode_id,judge_id,contestant_id,score) VALUES (4, 96, 77, 9);
INSERT INTO rates (episode_id,judge_id,contestant_id,score) VALUES (4, 27, 77, 7);
INSERT INTO rates (episode_id,judge_id,contestant_id,score) VALUES (4, 169, 23, 4);
INSERT INTO rates (episode_id,judge_id,contestant_id,score) VALUES (4, 96, 23, 7);
INSERT INTO rates (episode_id,judge_id,contestant_id,score) VALUES (4, 27, 23, 1);
INSERT INTO rates (episode_id,judge_id,contestant_id,score) VALUES (4, 169, 183, 8);
INSERT INTO rates (episode_id,judge_id,contestant_id,score) VALUES (4, 96, 183, 10);
INSERT INTO rates (episode_id,judge_id,contestant_id,score) VALUES (4, 27, 183, 6);
INSERT INTO rates (episode_id,judge_id,contestant_id,score) VALUES (4, 169, 199, 6);
INSERT INTO rates (episode_id,judge_id,contestant_id,score) VALUES (4, 96, 199, 7);
INSERT INTO rates (episode_id,judge_id,contestant_id,score) VALUES (4, 27, 199, 3);
INSERT INTO rates (episode_id,judge_id,contestant_id,score) VALUES (4, 169, 68, 9);
INSERT INTO rates (episode_id,judge_id,contestant_id,score) VALUES (4, 96, 68, 10);
INSERT INTO rates (episode_id,judge_id,contestant_id,score) VALUES (4, 27, 68, 6);

INSERT INTO Episodes (episode_number, year_played) VALUES (5, 2018);
INSERT INTO chefs_recipes_episode (episode_id, recipe_id, chef_id) VALUES (5, 46, 52);
INSERT INTO chefs_recipes_episode (episode_id, recipe_id, chef_id) VALUES (5, 43, 7);
INSERT INTO chefs_recipes_episode (episode_id, recipe_id, chef_id) VALUES (5, 54, 12);
INSERT INTO chefs_recipes_episode (episode_id, recipe_id, chef_id) VALUES (5, 23, 183);
INSERT INTO chefs_recipes_episode (episode_id, recipe_id, chef_id) VALUES (5, 36, 15);
INSERT INTO chefs_recipes_episode (episode_id, recipe_id, chef_id) VALUES (5, 9, 92);
INSERT INTO chefs_recipes_episode (episode_id, recipe_id, chef_id) VALUES (5, 49, 121);
INSERT INTO chefs_recipes_episode (episode_id, recipe_id, chef_id) VALUES (5, 38, 90);
INSERT INTO is_judge (judge_id, episode_id) VALUES (2, 5);
INSERT INTO is_judge (judge_id, episode_id) VALUES (122, 5);
INSERT INTO is_judge (judge_id, episode_id) VALUES (172, 5);
INSERT INTO rates (episode_id,judge_id,contestant_id,score) VALUES (5, 2, 52, 7);
INSERT INTO rates (episode_id,judge_id,contestant_id,score) VALUES (5, 122, 52, 8);
INSERT INTO rates (episode_id,judge_id,contestant_id,score) VALUES (5, 172, 52, 4);
INSERT INTO rates (episode_id,judge_id,contestant_id,score) VALUES (5, 2, 136, 4);
INSERT INTO rates (episode_id,judge_id,contestant_id,score) VALUES (5, 122, 136, 6);
INSERT INTO rates (episode_id,judge_id,contestant_id,score) VALUES (5, 172, 136, 2);
INSERT INTO rates (episode_id,judge_id,contestant_id,score) VALUES (5, 2, 7, 5);
INSERT INTO rates (episode_id,judge_id,contestant_id,score) VALUES (5, 122, 7, 8);
INSERT INTO rates (episode_id,judge_id,contestant_id,score) VALUES (5, 172, 7, 3);
INSERT INTO rates (episode_id,judge_id,contestant_id,score) VALUES (5, 2, 12, 9);
INSERT INTO rates (episode_id,judge_id,contestant_id,score) VALUES (5, 122, 12, 10);
INSERT INTO rates (episode_id,judge_id,contestant_id,score) VALUES (5, 172, 12, 8);
INSERT INTO rates (episode_id,judge_id,contestant_id,score) VALUES (5, 2, 183, 2);
INSERT INTO rates (episode_id,judge_id,contestant_id,score) VALUES (5, 122, 183, 5);
INSERT INTO rates (episode_id,judge_id,contestant_id,score) VALUES (5, 172, 183, 0);
INSERT INTO rates (episode_id,judge_id,contestant_id,score) VALUES (5, 2, 15, 7);
INSERT INTO rates (episode_id,judge_id,contestant_id,score) VALUES (5, 122, 15, 10);
INSERT INTO rates (episode_id,judge_id,contestant_id,score) VALUES (5, 172, 15, 6);
INSERT INTO rates (episode_id,judge_id,contestant_id,score) VALUES (5, 2, 37, 10);
INSERT INTO rates (episode_id,judge_id,contestant_id,score) VALUES (5, 122, 37, 10);
INSERT INTO rates (episode_id,judge_id,contestant_id,score) VALUES (5, 172, 37, 7);
INSERT INTO rates (episode_id,judge_id,contestant_id,score) VALUES (5, 2, 92, 9);
INSERT INTO rates (episode_id,judge_id,contestant_id,score) VALUES (5, 122, 92, 10);
INSERT INTO rates (episode_id,judge_id,contestant_id,score) VALUES (5, 172, 92, 8);
INSERT INTO rates (episode_id,judge_id,contestant_id,score) VALUES (5, 2, 121, 10);
INSERT INTO rates (episode_id,judge_id,contestant_id,score) VALUES (5, 122, 121, 10);
INSERT INTO rates (episode_id,judge_id,contestant_id,score) VALUES (5, 172, 121, 9);
INSERT INTO rates (episode_id,judge_id,contestant_id,score) VALUES (5, 2, 90, 6);
INSERT INTO rates (episode_id,judge_id,contestant_id,score) VALUES (5, 122, 90, 8);
INSERT INTO rates (episode_id,judge_id,contestant_id,score) VALUES (5, 172, 90, 3);

INSERT INTO Episodes (episode_number, year_played) VALUES (6, 2018);
INSERT INTO chefs_recipes_episode (episode_id, recipe_id, chef_id) VALUES (6, 25, 110);
INSERT INTO chefs_recipes_episode (episode_id, recipe_id, chef_id) VALUES (6, 54, 130);
INSERT INTO chefs_recipes_episode (episode_id, recipe_id, chef_id) VALUES (6, 43, 64);
INSERT INTO chefs_recipes_episode (episode_id, recipe_id, chef_id) VALUES (6, 37, 66);
INSERT INTO is_judge (judge_id, episode_id) VALUES (119, 6);
INSERT INTO is_judge (judge_id, episode_id) VALUES (61, 6);
INSERT INTO is_judge (judge_id, episode_id) VALUES (144, 6);
INSERT INTO rates (episode_id,judge_id,contestant_id,score) VALUES (6, 119, 110, 4);
INSERT INTO rates (episode_id,judge_id,contestant_id,score) VALUES (6, 61, 110, 7);
INSERT INTO rates (episode_id,judge_id,contestant_id,score) VALUES (6, 144, 110, 2);
INSERT INTO rates (episode_id,judge_id,contestant_id,score) VALUES (6, 119, 63, 2);
INSERT INTO rates (episode_id,judge_id,contestant_id,score) VALUES (6, 61, 63, 4);
INSERT INTO rates (episode_id,judge_id,contestant_id,score) VALUES (6, 144, 63, -1);
INSERT INTO rates (episode_id,judge_id,contestant_id,score) VALUES (6, 119, 82, 3);
INSERT INTO rates (episode_id,judge_id,contestant_id,score) VALUES (6, 61, 82, 6);
INSERT INTO rates (episode_id,judge_id,contestant_id,score) VALUES (6, 144, 82, 0);
INSERT INTO rates (episode_id,judge_id,contestant_id,score) VALUES (6, 119, 181, 1);
INSERT INTO rates (episode_id,judge_id,contestant_id,score) VALUES (6, 61, 181, 4);
INSERT INTO rates (episode_id,judge_id,contestant_id,score) VALUES (6, 144, 181, -2);
INSERT INTO rates (episode_id,judge_id,contestant_id,score) VALUES (6, 119, 196, 7);
INSERT INTO rates (episode_id,judge_id,contestant_id,score) VALUES (6, 61, 196, 9);
INSERT INTO rates (episode_id,judge_id,contestant_id,score) VALUES (6, 144, 196, 6);
INSERT INTO rates (episode_id,judge_id,contestant_id,score) VALUES (6, 119, 151, 7);
INSERT INTO rates (episode_id,judge_id,contestant_id,score) VALUES (6, 61, 151, 8);
INSERT INTO rates (episode_id,judge_id,contestant_id,score) VALUES (6, 144, 151, 6);
INSERT INTO rates (episode_id,judge_id,contestant_id,score) VALUES (6, 119, 130, 10);
INSERT INTO rates (episode_id,judge_id,contestant_id,score) VALUES (6, 61, 130, 10);
INSERT INTO rates (episode_id,judge_id,contestant_id,score) VALUES (6, 144, 130, 7);
INSERT INTO rates (episode_id,judge_id,contestant_id,score) VALUES (6, 119, 118, 2);
INSERT INTO rates (episode_id,judge_id,contestant_id,score) VALUES (6, 61, 118, 4);
INSERT INTO rates (episode_id,judge_id,contestant_id,score) VALUES (6, 144, 118, 0);
INSERT INTO rates (episode_id,judge_id,contestant_id,score) VALUES (6, 119, 64, 8);
INSERT INTO rates (episode_id,judge_id,contestant_id,score) VALUES (6, 61, 64, 10);
INSERT INTO rates (episode_id,judge_id,contestant_id,score) VALUES (6, 144, 64, 7);
INSERT INTO rates (episode_id,judge_id,contestant_id,score) VALUES (6, 119, 66, 3);
INSERT INTO rates (episode_id,judge_id,contestant_id,score) VALUES (6, 61, 66, 6);
INSERT INTO rates (episode_id,judge_id,contestant_id,score) VALUES (6, 144, 66, 2);

INSERT INTO Episodes (episode_number, year_played) VALUES (7, 2018);
INSERT INTO chefs_recipes_episode (episode_id, recipe_id, chef_id) VALUES (7, 40, 175);
INSERT INTO chefs_recipes_episode (episode_id, recipe_id, chef_id) VALUES (7, 9, 129);
INSERT INTO chefs_recipes_episode (episode_id, recipe_id, chef_id) VALUES (7, 47, 178);
INSERT INTO chefs_recipes_episode (episode_id, recipe_id, chef_id) VALUES (7, 54, 26);
INSERT INTO chefs_recipes_episode (episode_id, recipe_id, chef_id) VALUES (7, 39, 83);
INSERT INTO chefs_recipes_episode (episode_id, recipe_id, chef_id) VALUES (7, 37, 72);
INSERT INTO chefs_recipes_episode (episode_id, recipe_id, chef_id) VALUES (7, 48, 31);
INSERT INTO is_judge (judge_id, episode_id) VALUES (66, 7);
INSERT INTO is_judge (judge_id, episode_id) VALUES (3, 7);
INSERT INTO is_judge (judge_id, episode_id) VALUES (24, 7);
INSERT INTO rates (episode_id,judge_id,contestant_id,score) VALUES (7, 66, 175, 2);
INSERT INTO rates (episode_id,judge_id,contestant_id,score) VALUES (7, 3, 175, 5);
INSERT INTO rates (episode_id,judge_id,contestant_id,score) VALUES (7, 24, 175, 1);
INSERT INTO rates (episode_id,judge_id,contestant_id,score) VALUES (7, 66, 129, 2);
INSERT INTO rates (episode_id,judge_id,contestant_id,score) VALUES (7, 3, 129, 5);
INSERT INTO rates (episode_id,judge_id,contestant_id,score) VALUES (7, 24, 129, 0);
INSERT INTO rates (episode_id,judge_id,contestant_id,score) VALUES (7, 66, 178, 6);
INSERT INTO rates (episode_id,judge_id,contestant_id,score) VALUES (7, 3, 178, 8);
INSERT INTO rates (episode_id,judge_id,contestant_id,score) VALUES (7, 24, 178, 4);
INSERT INTO rates (episode_id,judge_id,contestant_id,score) VALUES (7, 66, 84, 6);
INSERT INTO rates (episode_id,judge_id,contestant_id,score) VALUES (7, 3, 84, 7);
INSERT INTO rates (episode_id,judge_id,contestant_id,score) VALUES (7, 24, 84, 5);
INSERT INTO rates (episode_id,judge_id,contestant_id,score) VALUES (7, 66, 26, 7);
INSERT INTO rates (episode_id,judge_id,contestant_id,score) VALUES (7, 3, 26, 10);
INSERT INTO rates (episode_id,judge_id,contestant_id,score) VALUES (7, 24, 26, 4);
INSERT INTO rates (episode_id,judge_id,contestant_id,score) VALUES (7, 66, 149, 10);
INSERT INTO rates (episode_id,judge_id,contestant_id,score) VALUES (7, 3, 149, 10);
INSERT INTO rates (episode_id,judge_id,contestant_id,score) VALUES (7, 24, 149, 8);
INSERT INTO rates (episode_id,judge_id,contestant_id,score) VALUES (7, 66, 83, 10);
INSERT INTO rates (episode_id,judge_id,contestant_id,score) VALUES (7, 3, 83, 10);
INSERT INTO rates (episode_id,judge_id,contestant_id,score) VALUES (7, 24, 83, 7);
INSERT INTO rates (episode_id,judge_id,contestant_id,score) VALUES (7, 66, 72, 7);
INSERT INTO rates (episode_id,judge_id,contestant_id,score) VALUES (7, 3, 72, 9);
INSERT INTO rates (episode_id,judge_id,contestant_id,score) VALUES (7, 24, 72, 6);
INSERT INTO rates (episode_id,judge_id,contestant_id,score) VALUES (7, 66, 31, 2);
INSERT INTO rates (episode_id,judge_id,contestant_id,score) VALUES (7, 3, 31, 5);
INSERT INTO rates (episode_id,judge_id,contestant_id,score) VALUES (7, 24, 31, 0);
INSERT INTO rates (episode_id,judge_id,contestant_id,score) VALUES (7, 66, 181, 7);
INSERT INTO rates (episode_id,judge_id,contestant_id,score) VALUES (7, 3, 181, 9);
INSERT INTO rates (episode_id,judge_id,contestant_id,score) VALUES (7, 24, 181, 5);

INSERT INTO Episodes (episode_number, year_played) VALUES (8, 2018);
INSERT INTO chefs_recipes_episode (episode_id, recipe_id, chef_id) VALUES (8, 37, 192);
INSERT INTO chefs_recipes_episode (episode_id, recipe_id, chef_id) VALUES (8, 36, 10);
INSERT INTO chefs_recipes_episode (episode_id, recipe_id, chef_id) VALUES (8, 51, 5);
INSERT INTO chefs_recipes_episode (episode_id, recipe_id, chef_id) VALUES (8, 46, 11);
INSERT INTO chefs_recipes_episode (episode_id, recipe_id, chef_id) VALUES (8, 53, 116);
INSERT INTO chefs_recipes_episode (episode_id, recipe_id, chef_id) VALUES (8, 49, 28);
INSERT INTO chefs_recipes_episode (episode_id, recipe_id, chef_id) VALUES (8, 45, 105);
INSERT INTO chefs_recipes_episode (episode_id, recipe_id, chef_id) VALUES (8, 23, 183);
INSERT INTO chefs_recipes_episode (episode_id, recipe_id, chef_id) VALUES (8, 35, 76);
INSERT INTO chefs_recipes_episode (episode_id, recipe_id, chef_id) VALUES (8, 34, 163);
INSERT INTO is_judge (judge_id, episode_id) VALUES (6, 8);
INSERT INTO is_judge (judge_id, episode_id) VALUES (3, 8);
INSERT INTO is_judge (judge_id, episode_id) VALUES (85, 8);
INSERT INTO rates (episode_id,judge_id,contestant_id,score) VALUES (8, 6, 192, 4);
INSERT INTO rates (episode_id,judge_id,contestant_id,score) VALUES (8, 3, 192, 7);
INSERT INTO rates (episode_id,judge_id,contestant_id,score) VALUES (8, 85, 192, 2);
INSERT INTO rates (episode_id,judge_id,contestant_id,score) VALUES (8, 6, 10, 1);
INSERT INTO rates (episode_id,judge_id,contestant_id,score) VALUES (8, 3, 10, 2);
INSERT INTO rates (episode_id,judge_id,contestant_id,score) VALUES (8, 85, 10, -2);
INSERT INTO rates (episode_id,judge_id,contestant_id,score) VALUES (8, 6, 5, 1);
INSERT INTO rates (episode_id,judge_id,contestant_id,score) VALUES (8, 3, 5, 4);
INSERT INTO rates (episode_id,judge_id,contestant_id,score) VALUES (8, 85, 5, -1);
INSERT INTO rates (episode_id,judge_id,contestant_id,score) VALUES (8, 6, 11, 7);
INSERT INTO rates (episode_id,judge_id,contestant_id,score) VALUES (8, 3, 11, 8);
INSERT INTO rates (episode_id,judge_id,contestant_id,score) VALUES (8, 85, 11, 6);
INSERT INTO rates (episode_id,judge_id,contestant_id,score) VALUES (8, 6, 116, 3);
INSERT INTO rates (episode_id,judge_id,contestant_id,score) VALUES (8, 3, 116, 5);
INSERT INTO rates (episode_id,judge_id,contestant_id,score) VALUES (8, 85, 116, 1);
INSERT INTO rates (episode_id,judge_id,contestant_id,score) VALUES (8, 6, 28, 7);
INSERT INTO rates (episode_id,judge_id,contestant_id,score) VALUES (8, 3, 28, 9);
INSERT INTO rates (episode_id,judge_id,contestant_id,score) VALUES (8, 85, 28, 6);
INSERT INTO rates (episode_id,judge_id,contestant_id,score) VALUES (8, 6, 105, 2);
INSERT INTO rates (episode_id,judge_id,contestant_id,score) VALUES (8, 3, 105, 5);
INSERT INTO rates (episode_id,judge_id,contestant_id,score) VALUES (8, 85, 105, -1);
INSERT INTO rates (episode_id,judge_id,contestant_id,score) VALUES (8, 6, 183, 1);
INSERT INTO rates (episode_id,judge_id,contestant_id,score) VALUES (8, 3, 183, 3);
INSERT INTO rates (episode_id,judge_id,contestant_id,score) VALUES (8, 85, 183, 0);
INSERT INTO rates (episode_id,judge_id,contestant_id,score) VALUES (8, 6, 76, 8);
INSERT INTO rates (episode_id,judge_id,contestant_id,score) VALUES (8, 3, 76, 9);
INSERT INTO rates (episode_id,judge_id,contestant_id,score) VALUES (8, 85, 76, 7);
INSERT INTO rates (episode_id,judge_id,contestant_id,score) VALUES (8, 6, 163, 6);
INSERT INTO rates (episode_id,judge_id,contestant_id,score) VALUES (8, 3, 163, 9);
INSERT INTO rates (episode_id,judge_id,contestant_id,score) VALUES (8, 85, 163, 5);

INSERT INTO Episodes (episode_number, year_played) VALUES (9, 2018);
INSERT INTO chefs_recipes_episode (episode_id, recipe_id, chef_id) VALUES (9, 46, 191);
INSERT INTO chefs_recipes_episode (episode_id, recipe_id, chef_id) VALUES (9, 47, 178);
INSERT INTO chefs_recipes_episode (episode_id, recipe_id, chef_id) VALUES (9, 40, 181);
INSERT INTO chefs_recipes_episode (episode_id, recipe_id, chef_id) VALUES (9, 54, 117);
INSERT INTO chefs_recipes_episode (episode_id, recipe_id, chef_id) VALUES (9, 23, 133);
INSERT INTO chefs_recipes_episode (episode_id, recipe_id, chef_id) VALUES (9, 43, 158);
INSERT INTO chefs_recipes_episode (episode_id, recipe_id, chef_id) VALUES (9, 50, 94);
INSERT INTO is_judge (judge_id, episode_id) VALUES (26, 9);
INSERT INTO is_judge (judge_id, episode_id) VALUES (41, 9);
INSERT INTO is_judge (judge_id, episode_id) VALUES (50, 9);
INSERT INTO rates (episode_id,judge_id,contestant_id,score) VALUES (9, 26, 191, 10);
INSERT INTO rates (episode_id,judge_id,contestant_id,score) VALUES (9, 41, 191, 10);
INSERT INTO rates (episode_id,judge_id,contestant_id,score) VALUES (9, 50, 191, 8);
INSERT INTO rates (episode_id,judge_id,contestant_id,score) VALUES (9, 26, 178, 2);
INSERT INTO rates (episode_id,judge_id,contestant_id,score) VALUES (9, 41, 178, 4);
INSERT INTO rates (episode_id,judge_id,contestant_id,score) VALUES (9, 50, 178, 1);
INSERT INTO rates (episode_id,judge_id,contestant_id,score) VALUES (9, 26, 181, 7);
INSERT INTO rates (episode_id,judge_id,contestant_id,score) VALUES (9, 41, 181, 8);
INSERT INTO rates (episode_id,judge_id,contestant_id,score) VALUES (9, 50, 181, 5);
INSERT INTO rates (episode_id,judge_id,contestant_id,score) VALUES (9, 26, 117, 1);
INSERT INTO rates (episode_id,judge_id,contestant_id,score) VALUES (9, 41, 117, 2);
INSERT INTO rates (episode_id,judge_id,contestant_id,score) VALUES (9, 50, 117, -1);
INSERT INTO rates (episode_id,judge_id,contestant_id,score) VALUES (9, 26, 98, 3);
INSERT INTO rates (episode_id,judge_id,contestant_id,score) VALUES (9, 41, 98, 4);
INSERT INTO rates (episode_id,judge_id,contestant_id,score) VALUES (9, 50, 98, 2);
INSERT INTO rates (episode_id,judge_id,contestant_id,score) VALUES (9, 26, 133, 10);
INSERT INTO rates (episode_id,judge_id,contestant_id,score) VALUES (9, 41, 133, 10);
INSERT INTO rates (episode_id,judge_id,contestant_id,score) VALUES (9, 50, 133, 8);
INSERT INTO rates (episode_id,judge_id,contestant_id,score) VALUES (9, 26, 195, 1);
INSERT INTO rates (episode_id,judge_id,contestant_id,score) VALUES (9, 41, 195, 4);
INSERT INTO rates (episode_id,judge_id,contestant_id,score) VALUES (9, 50, 195, 0);
INSERT INTO rates (episode_id,judge_id,contestant_id,score) VALUES (9, 26, 158, 7);
INSERT INTO rates (episode_id,judge_id,contestant_id,score) VALUES (9, 41, 158, 10);
INSERT INTO rates (episode_id,judge_id,contestant_id,score) VALUES (9, 50, 158, 4);
INSERT INTO rates (episode_id,judge_id,contestant_id,score) VALUES (9, 26, 169, 9);
INSERT INTO rates (episode_id,judge_id,contestant_id,score) VALUES (9, 41, 169, 10);
INSERT INTO rates (episode_id,judge_id,contestant_id,score) VALUES (9, 50, 169, 8);
INSERT INTO rates (episode_id,judge_id,contestant_id,score) VALUES (9, 26, 94, 6);
INSERT INTO rates (episode_id,judge_id,contestant_id,score) VALUES (9, 41, 94, 9);
INSERT INTO rates (episode_id,judge_id,contestant_id,score) VALUES (9, 50, 94, 3);

INSERT INTO Episodes (episode_number, year_played) VALUES (10, 2018);
INSERT INTO chefs_recipes_episode (episode_id, recipe_id, chef_id) VALUES (10, 40, 181);
INSERT INTO chefs_recipes_episode (episode_id, recipe_id, chef_id) VALUES (10, 46, 172);
INSERT INTO chefs_recipes_episode (episode_id, recipe_id, chef_id) VALUES (10, 38, 102);
INSERT INTO chefs_recipes_episode (episode_id, recipe_id, chef_id) VALUES (10, 54, 12);
INSERT INTO chefs_recipes_episode (episode_id, recipe_id, chef_id) VALUES (10, 53, 116);
INSERT INTO chefs_recipes_episode (episode_id, recipe_id, chef_id) VALUES (10, 49, 17);
INSERT INTO chefs_recipes_episode (episode_id, recipe_id, chef_id) VALUES (10, 33, 98);
INSERT INTO is_judge (judge_id, episode_id) VALUES (11, 10);
INSERT INTO is_judge (judge_id, episode_id) VALUES (90, 10);
INSERT INTO is_judge (judge_id, episode_id) VALUES (30, 10);
INSERT INTO rates (episode_id,judge_id,contestant_id,score) VALUES (10, 11, 181, 9);
INSERT INTO rates (episode_id,judge_id,contestant_id,score) VALUES (10, 90, 181, 10);
INSERT INTO rates (episode_id,judge_id,contestant_id,score) VALUES (10, 30, 181, 7);
INSERT INTO rates (episode_id,judge_id,contestant_id,score) VALUES (10, 11, 172, 10);
INSERT INTO rates (episode_id,judge_id,contestant_id,score) VALUES (10, 90, 172, 10);
INSERT INTO rates (episode_id,judge_id,contestant_id,score) VALUES (10, 30, 172, 7);
INSERT INTO rates (episode_id,judge_id,contestant_id,score) VALUES (10, 11, 102, 10);
INSERT INTO rates (episode_id,judge_id,contestant_id,score) VALUES (10, 90, 102, 10);
INSERT INTO rates (episode_id,judge_id,contestant_id,score) VALUES (10, 30, 102, 9);
INSERT INTO rates (episode_id,judge_id,contestant_id,score) VALUES (10, 11, 160, 4);
INSERT INTO rates (episode_id,judge_id,contestant_id,score) VALUES (10, 90, 160, 7);
INSERT INTO rates (episode_id,judge_id,contestant_id,score) VALUES (10, 30, 160, 3);
INSERT INTO rates (episode_id,judge_id,contestant_id,score) VALUES (10, 11, 12, 7);
INSERT INTO rates (episode_id,judge_id,contestant_id,score) VALUES (10, 90, 12, 9);
INSERT INTO rates (episode_id,judge_id,contestant_id,score) VALUES (10, 30, 12, 4);
INSERT INTO rates (episode_id,judge_id,contestant_id,score) VALUES (10, 11, 116, 9);
INSERT INTO rates (episode_id,judge_id,contestant_id,score) VALUES (10, 90, 116, 10);
INSERT INTO rates (episode_id,judge_id,contestant_id,score) VALUES (10, 30, 116, 6);
INSERT INTO rates (episode_id,judge_id,contestant_id,score) VALUES (10, 11, 105, 5);
INSERT INTO rates (episode_id,judge_id,contestant_id,score) VALUES (10, 90, 105, 6);
INSERT INTO rates (episode_id,judge_id,contestant_id,score) VALUES (10, 30, 105, 4);
INSERT INTO rates (episode_id,judge_id,contestant_id,score) VALUES (10, 11, 84, 2);
INSERT INTO rates (episode_id,judge_id,contestant_id,score) VALUES (10, 90, 84, 3);
INSERT INTO rates (episode_id,judge_id,contestant_id,score) VALUES (10, 30, 84, -1);
INSERT INTO rates (episode_id,judge_id,contestant_id,score) VALUES (10, 11, 17, 9);
INSERT INTO rates (episode_id,judge_id,contestant_id,score) VALUES (10, 90, 17, 10);
INSERT INTO rates (episode_id,judge_id,contestant_id,score) VALUES (10, 30, 17, 8);
INSERT INTO rates (episode_id,judge_id,contestant_id,score) VALUES (10, 11, 98, 7);
INSERT INTO rates (episode_id,judge_id,contestant_id,score) VALUES (10, 90, 98, 8);
INSERT INTO rates (episode_id,judge_id,contestant_id,score) VALUES (10, 30, 98, 4);

INSERT INTO Episodes (episode_number, year_played) VALUES (1, 2019);
INSERT INTO chefs_recipes_episode (episode_id, recipe_id, chef_id) VALUES (11, 47, 102);
INSERT INTO chefs_recipes_episode (episode_id, recipe_id, chef_id) VALUES (11, 43, 29);
INSERT INTO chefs_recipes_episode (episode_id, recipe_id, chef_id) VALUES (11, 34, 24);
INSERT INTO chefs_recipes_episode (episode_id, recipe_id, chef_id) VALUES (11, 40, 142);
INSERT INTO chefs_recipes_episode (episode_id, recipe_id, chef_id) VALUES (11, 42, 182);
INSERT INTO is_judge (judge_id, episode_id) VALUES (178, 11);
INSERT INTO is_judge (judge_id, episode_id) VALUES (197, 11);
INSERT INTO is_judge (judge_id, episode_id) VALUES (165, 11);
INSERT INTO rates (episode_id,judge_id,contestant_id,score) VALUES (11, 178, 80, 8);
INSERT INTO rates (episode_id,judge_id,contestant_id,score) VALUES (11, 197, 80, 10);
INSERT INTO rates (episode_id,judge_id,contestant_id,score) VALUES (11, 165, 80, 6);
INSERT INTO rates (episode_id,judge_id,contestant_id,score) VALUES (11, 178, 102, 4);
INSERT INTO rates (episode_id,judge_id,contestant_id,score) VALUES (11, 197, 102, 6);
INSERT INTO rates (episode_id,judge_id,contestant_id,score) VALUES (11, 165, 102, 3);
INSERT INTO rates (episode_id,judge_id,contestant_id,score) VALUES (11, 178, 66, 8);
INSERT INTO rates (episode_id,judge_id,contestant_id,score) VALUES (11, 197, 66, 9);
INSERT INTO rates (episode_id,judge_id,contestant_id,score) VALUES (11, 165, 66, 7);
INSERT INTO rates (episode_id,judge_id,contestant_id,score) VALUES (11, 178, 186, 3);
INSERT INTO rates (episode_id,judge_id,contestant_id,score) VALUES (11, 197, 186, 6);
INSERT INTO rates (episode_id,judge_id,contestant_id,score) VALUES (11, 165, 186, 1);
INSERT INTO rates (episode_id,judge_id,contestant_id,score) VALUES (11, 178, 181, 5);
INSERT INTO rates (episode_id,judge_id,contestant_id,score) VALUES (11, 197, 181, 6);
INSERT INTO rates (episode_id,judge_id,contestant_id,score) VALUES (11, 165, 181, 3);
INSERT INTO rates (episode_id,judge_id,contestant_id,score) VALUES (11, 178, 29, 10);
INSERT INTO rates (episode_id,judge_id,contestant_id,score) VALUES (11, 197, 29, 10);
INSERT INTO rates (episode_id,judge_id,contestant_id,score) VALUES (11, 165, 29, 7);
INSERT INTO rates (episode_id,judge_id,contestant_id,score) VALUES (11, 178, 113, 9);
INSERT INTO rates (episode_id,judge_id,contestant_id,score) VALUES (11, 197, 113, 10);
INSERT INTO rates (episode_id,judge_id,contestant_id,score) VALUES (11, 165, 113, 6);
INSERT INTO rates (episode_id,judge_id,contestant_id,score) VALUES (11, 178, 24, 5);
INSERT INTO rates (episode_id,judge_id,contestant_id,score) VALUES (11, 197, 24, 6);
INSERT INTO rates (episode_id,judge_id,contestant_id,score) VALUES (11, 165, 24, 3);
INSERT INTO rates (episode_id,judge_id,contestant_id,score) VALUES (11, 178, 142, 6);
INSERT INTO rates (episode_id,judge_id,contestant_id,score) VALUES (11, 197, 142, 8);
INSERT INTO rates (episode_id,judge_id,contestant_id,score) VALUES (11, 165, 142, 3);
INSERT INTO rates (episode_id,judge_id,contestant_id,score) VALUES (11, 178, 182, 9);
INSERT INTO rates (episode_id,judge_id,contestant_id,score) VALUES (11, 197, 182, 10);
INSERT INTO rates (episode_id,judge_id,contestant_id,score) VALUES (11, 165, 182, 6);

INSERT INTO Episodes (episode_number, year_played) VALUES (2, 2019);
INSERT INTO chefs_recipes_episode (episode_id, recipe_id, chef_id) VALUES (12, 49, 174);
INSERT INTO chefs_recipes_episode (episode_id, recipe_id, chef_id) VALUES (12, 44, 141);
INSERT INTO chefs_recipes_episode (episode_id, recipe_id, chef_id) VALUES (12, 23, 87);
INSERT INTO chefs_recipes_episode (episode_id, recipe_id, chef_id) VALUES (12, 46, 176);
INSERT INTO chefs_recipes_episode (episode_id, recipe_id, chef_id) VALUES (12, 26, 172);
INSERT INTO chefs_recipes_episode (episode_id, recipe_id, chef_id) VALUES (12, 37, 171);
INSERT INTO chefs_recipes_episode (episode_id, recipe_id, chef_id) VALUES (12, 25, 127);
INSERT INTO chefs_recipes_episode (episode_id, recipe_id, chef_id) VALUES (12, 52, 117);
INSERT INTO chefs_recipes_episode (episode_id, recipe_id, chef_id) VALUES (12, 38, 3);
INSERT INTO chefs_recipes_episode (episode_id, recipe_id, chef_id) VALUES (12, 53, 4);
INSERT INTO is_judge (judge_id, episode_id) VALUES (38, 12);
INSERT INTO is_judge (judge_id, episode_id) VALUES (42, 12);
INSERT INTO is_judge (judge_id, episode_id) VALUES (78, 12);
INSERT INTO rates (episode_id,judge_id,contestant_id,score) VALUES (12, 38, 174, 4);
INSERT INTO rates (episode_id,judge_id,contestant_id,score) VALUES (12, 42, 174, 7);
INSERT INTO rates (episode_id,judge_id,contestant_id,score) VALUES (12, 78, 174, 2);
INSERT INTO rates (episode_id,judge_id,contestant_id,score) VALUES (12, 38, 141, 9);
INSERT INTO rates (episode_id,judge_id,contestant_id,score) VALUES (12, 42, 141, 10);
INSERT INTO rates (episode_id,judge_id,contestant_id,score) VALUES (12, 78, 141, 7);
INSERT INTO rates (episode_id,judge_id,contestant_id,score) VALUES (12, 38, 87, 1);
INSERT INTO rates (episode_id,judge_id,contestant_id,score) VALUES (12, 42, 87, 2);
INSERT INTO rates (episode_id,judge_id,contestant_id,score) VALUES (12, 78, 87, -1);
INSERT INTO rates (episode_id,judge_id,contestant_id,score) VALUES (12, 38, 176, 3);
INSERT INTO rates (episode_id,judge_id,contestant_id,score) VALUES (12, 42, 176, 6);
INSERT INTO rates (episode_id,judge_id,contestant_id,score) VALUES (12, 78, 176, 0);
INSERT INTO rates (episode_id,judge_id,contestant_id,score) VALUES (12, 38, 172, 4);
INSERT INTO rates (episode_id,judge_id,contestant_id,score) VALUES (12, 42, 172, 7);
INSERT INTO rates (episode_id,judge_id,contestant_id,score) VALUES (12, 78, 172, 3);
INSERT INTO rates (episode_id,judge_id,contestant_id,score) VALUES (12, 38, 171, 8);
INSERT INTO rates (episode_id,judge_id,contestant_id,score) VALUES (12, 42, 171, 9);
INSERT INTO rates (episode_id,judge_id,contestant_id,score) VALUES (12, 78, 171, 7);
INSERT INTO rates (episode_id,judge_id,contestant_id,score) VALUES (12, 38, 127, 5);
INSERT INTO rates (episode_id,judge_id,contestant_id,score) VALUES (12, 42, 127, 6);
INSERT INTO rates (episode_id,judge_id,contestant_id,score) VALUES (12, 78, 127, 4);
INSERT INTO rates (episode_id,judge_id,contestant_id,score) VALUES (12, 38, 117, 5);
INSERT INTO rates (episode_id,judge_id,contestant_id,score) VALUES (12, 42, 117, 7);
INSERT INTO rates (episode_id,judge_id,contestant_id,score) VALUES (12, 78, 117, 3);
INSERT INTO rates (episode_id,judge_id,contestant_id,score) VALUES (12, 38, 3, 3);
INSERT INTO rates (episode_id,judge_id,contestant_id,score) VALUES (12, 42, 3, 6);
INSERT INTO rates (episode_id,judge_id,contestant_id,score) VALUES (12, 78, 3, 0);
INSERT INTO rates (episode_id,judge_id,contestant_id,score) VALUES (12, 38, 4, 1);
INSERT INTO rates (episode_id,judge_id,contestant_id,score) VALUES (12, 42, 4, 3);
INSERT INTO rates (episode_id,judge_id,contestant_id,score) VALUES (12, 78, 4, -1);

INSERT INTO Episodes (episode_number, year_played) VALUES (3, 2019);
INSERT INTO chefs_recipes_episode (episode_id, recipe_id, chef_id) VALUES (13, 35, 147);
INSERT INTO chefs_recipes_episode (episode_id, recipe_id, chef_id) VALUES (13, 51, 115);
INSERT INTO chefs_recipes_episode (episode_id, recipe_id, chef_id) VALUES (13, 54, 154);
INSERT INTO is_judge (judge_id, episode_id) VALUES (176, 13);
INSERT INTO is_judge (judge_id, episode_id) VALUES (181, 13);
INSERT INTO is_judge (judge_id, episode_id) VALUES (175, 13);
INSERT INTO rates (episode_id,judge_id,contestant_id,score) VALUES (13, 176, 23, 8);
INSERT INTO rates (episode_id,judge_id,contestant_id,score) VALUES (13, 181, 23, 10);
INSERT INTO rates (episode_id,judge_id,contestant_id,score) VALUES (13, 175, 23, 7);
INSERT INTO rates (episode_id,judge_id,contestant_id,score) VALUES (13, 176, 147, 3);
INSERT INTO rates (episode_id,judge_id,contestant_id,score) VALUES (13, 181, 147, 6);
INSERT INTO rates (episode_id,judge_id,contestant_id,score) VALUES (13, 175, 147, 1);
INSERT INTO rates (episode_id,judge_id,contestant_id,score) VALUES (13, 176, 106, 1);
INSERT INTO rates (episode_id,judge_id,contestant_id,score) VALUES (13, 181, 106, 3);
INSERT INTO rates (episode_id,judge_id,contestant_id,score) VALUES (13, 175, 106, 0);
INSERT INTO rates (episode_id,judge_id,contestant_id,score) VALUES (13, 176, 115, 7);
INSERT INTO rates (episode_id,judge_id,contestant_id,score) VALUES (13, 181, 115, 10);
INSERT INTO rates (episode_id,judge_id,contestant_id,score) VALUES (13, 175, 115, 5);
INSERT INTO rates (episode_id,judge_id,contestant_id,score) VALUES (13, 176, 132, 5);
INSERT INTO rates (episode_id,judge_id,contestant_id,score) VALUES (13, 181, 132, 7);
INSERT INTO rates (episode_id,judge_id,contestant_id,score) VALUES (13, 175, 132, 4);
INSERT INTO rates (episode_id,judge_id,contestant_id,score) VALUES (13, 176, 198, 5);
INSERT INTO rates (episode_id,judge_id,contestant_id,score) VALUES (13, 181, 198, 6);
INSERT INTO rates (episode_id,judge_id,contestant_id,score) VALUES (13, 175, 198, 4);
INSERT INTO rates (episode_id,judge_id,contestant_id,score) VALUES (13, 176, 111, 9);
INSERT INTO rates (episode_id,judge_id,contestant_id,score) VALUES (13, 181, 111, 10);
INSERT INTO rates (episode_id,judge_id,contestant_id,score) VALUES (13, 175, 111, 6);
INSERT INTO rates (episode_id,judge_id,contestant_id,score) VALUES (13, 176, 141, 5);
INSERT INTO rates (episode_id,judge_id,contestant_id,score) VALUES (13, 181, 141, 7);
INSERT INTO rates (episode_id,judge_id,contestant_id,score) VALUES (13, 175, 141, 3);
INSERT INTO rates (episode_id,judge_id,contestant_id,score) VALUES (13, 176, 53, 4);
INSERT INTO rates (episode_id,judge_id,contestant_id,score) VALUES (13, 181, 53, 6);
INSERT INTO rates (episode_id,judge_id,contestant_id,score) VALUES (13, 175, 53, 2);
INSERT INTO rates (episode_id,judge_id,contestant_id,score) VALUES (13, 176, 154, 1);
INSERT INTO rates (episode_id,judge_id,contestant_id,score) VALUES (13, 181, 154, 3);
INSERT INTO rates (episode_id,judge_id,contestant_id,score) VALUES (13, 175, 154, -1);

INSERT INTO Episodes (episode_number, year_played) VALUES (4, 2019);
INSERT INTO chefs_recipes_episode (episode_id, recipe_id, chef_id) VALUES (14, 49, 44);
INSERT INTO chefs_recipes_episode (episode_id, recipe_id, chef_id) VALUES (14, 34, 99);
INSERT INTO chefs_recipes_episode (episode_id, recipe_id, chef_id) VALUES (14, 23, 61);
INSERT INTO chefs_recipes_episode (episode_id, recipe_id, chef_id) VALUES (14, 35, 39);
INSERT INTO chefs_recipes_episode (episode_id, recipe_id, chef_id) VALUES (14, 36, 190);
INSERT INTO chefs_recipes_episode (episode_id, recipe_id, chef_id) VALUES (14, 42, 92);
INSERT INTO chefs_recipes_episode (episode_id, recipe_id, chef_id) VALUES (14, 38, 3);
INSERT INTO chefs_recipes_episode (episode_id, recipe_id, chef_id) VALUES (14, 40, 126);
INSERT INTO is_judge (judge_id, episode_id) VALUES (167, 14);
INSERT INTO is_judge (judge_id, episode_id) VALUES (6, 14);
INSERT INTO is_judge (judge_id, episode_id) VALUES (28, 14);
INSERT INTO rates (episode_id,judge_id,contestant_id,score) VALUES (14, 167, 24, 4);
INSERT INTO rates (episode_id,judge_id,contestant_id,score) VALUES (14, 6, 24, 6);
INSERT INTO rates (episode_id,judge_id,contestant_id,score) VALUES (14, 28, 24, 3);
INSERT INTO rates (episode_id,judge_id,contestant_id,score) VALUES (14, 167, 44, 10);
INSERT INTO rates (episode_id,judge_id,contestant_id,score) VALUES (14, 6, 44, 10);
INSERT INTO rates (episode_id,judge_id,contestant_id,score) VALUES (14, 28, 44, 7);
INSERT INTO rates (episode_id,judge_id,contestant_id,score) VALUES (14, 167, 99, 8);
INSERT INTO rates (episode_id,judge_id,contestant_id,score) VALUES (14, 6, 99, 10);
INSERT INTO rates (episode_id,judge_id,contestant_id,score) VALUES (14, 28, 99, 5);
INSERT INTO rates (episode_id,judge_id,contestant_id,score) VALUES (14, 167, 61, 4);
INSERT INTO rates (episode_id,judge_id,contestant_id,score) VALUES (14, 6, 61, 7);
INSERT INTO rates (episode_id,judge_id,contestant_id,score) VALUES (14, 28, 61, 1);
INSERT INTO rates (episode_id,judge_id,contestant_id,score) VALUES (14, 167, 39, 8);
INSERT INTO rates (episode_id,judge_id,contestant_id,score) VALUES (14, 6, 39, 10);
INSERT INTO rates (episode_id,judge_id,contestant_id,score) VALUES (14, 28, 39, 5);
INSERT INTO rates (episode_id,judge_id,contestant_id,score) VALUES (14, 167, 190, 3);
INSERT INTO rates (episode_id,judge_id,contestant_id,score) VALUES (14, 6, 190, 5);
INSERT INTO rates (episode_id,judge_id,contestant_id,score) VALUES (14, 28, 190, 0);
INSERT INTO rates (episode_id,judge_id,contestant_id,score) VALUES (14, 167, 92, 1);
INSERT INTO rates (episode_id,judge_id,contestant_id,score) VALUES (14, 6, 92, 2);
INSERT INTO rates (episode_id,judge_id,contestant_id,score) VALUES (14, 28, 92, -1);
INSERT INTO rates (episode_id,judge_id,contestant_id,score) VALUES (14, 167, 75, 5);
INSERT INTO rates (episode_id,judge_id,contestant_id,score) VALUES (14, 6, 75, 6);
INSERT INTO rates (episode_id,judge_id,contestant_id,score) VALUES (14, 28, 75, 4);
INSERT INTO rates (episode_id,judge_id,contestant_id,score) VALUES (14, 167, 3, 5);
INSERT INTO rates (episode_id,judge_id,contestant_id,score) VALUES (14, 6, 3, 6);
INSERT INTO rates (episode_id,judge_id,contestant_id,score) VALUES (14, 28, 3, 4);
INSERT INTO rates (episode_id,judge_id,contestant_id,score) VALUES (14, 167, 126, 1);
INSERT INTO rates (episode_id,judge_id,contestant_id,score) VALUES (14, 6, 126, 3);
INSERT INTO rates (episode_id,judge_id,contestant_id,score) VALUES (14, 28, 126, -2);

INSERT INTO Episodes (episode_number, year_played) VALUES (5, 2019);
INSERT INTO chefs_recipes_episode (episode_id, recipe_id, chef_id) VALUES (15, 54, 85);
INSERT INTO chefs_recipes_episode (episode_id, recipe_id, chef_id) VALUES (15, 50, 94);
INSERT INTO chefs_recipes_episode (episode_id, recipe_id, chef_id) VALUES (15, 49, 96);
INSERT INTO chefs_recipes_episode (episode_id, recipe_id, chef_id) VALUES (15, 23, 33);
INSERT INTO chefs_recipes_episode (episode_id, recipe_id, chef_id) VALUES (15, 36, 151);
INSERT INTO chefs_recipes_episode (episode_id, recipe_id, chef_id) VALUES (15, 39, 21);
INSERT INTO chefs_recipes_episode (episode_id, recipe_id, chef_id) VALUES (15, 53, 19);
INSERT INTO chefs_recipes_episode (episode_id, recipe_id, chef_id) VALUES (15, 25, 53);
INSERT INTO chefs_recipes_episode (episode_id, recipe_id, chef_id) VALUES (15, 44, 127);
INSERT INTO is_judge (judge_id, episode_id) VALUES (40, 15);
INSERT INTO is_judge (judge_id, episode_id) VALUES (24, 15);
INSERT INTO is_judge (judge_id, episode_id) VALUES (54, 15);
INSERT INTO rates (episode_id,judge_id,contestant_id,score) VALUES (15, 40, 85, 4);
INSERT INTO rates (episode_id,judge_id,contestant_id,score) VALUES (15, 24, 85, 5);
INSERT INTO rates (episode_id,judge_id,contestant_id,score) VALUES (15, 54, 85, 2);
INSERT INTO rates (episode_id,judge_id,contestant_id,score) VALUES (15, 40, 94, 10);
INSERT INTO rates (episode_id,judge_id,contestant_id,score) VALUES (15, 24, 94, 10);
INSERT INTO rates (episode_id,judge_id,contestant_id,score) VALUES (15, 54, 94, 8);
INSERT INTO rates (episode_id,judge_id,contestant_id,score) VALUES (15, 40, 96, 4);
INSERT INTO rates (episode_id,judge_id,contestant_id,score) VALUES (15, 24, 96, 5);
INSERT INTO rates (episode_id,judge_id,contestant_id,score) VALUES (15, 54, 96, 1);
INSERT INTO rates (episode_id,judge_id,contestant_id,score) VALUES (15, 40, 33, 6);
INSERT INTO rates (episode_id,judge_id,contestant_id,score) VALUES (15, 24, 33, 9);
INSERT INTO rates (episode_id,judge_id,contestant_id,score) VALUES (15, 54, 33, 3);
INSERT INTO rates (episode_id,judge_id,contestant_id,score) VALUES (15, 40, 151, 7);
INSERT INTO rates (episode_id,judge_id,contestant_id,score) VALUES (15, 24, 151, 10);
INSERT INTO rates (episode_id,judge_id,contestant_id,score) VALUES (15, 54, 151, 6);
INSERT INTO rates (episode_id,judge_id,contestant_id,score) VALUES (15, 40, 21, 7);
INSERT INTO rates (episode_id,judge_id,contestant_id,score) VALUES (15, 24, 21, 8);
INSERT INTO rates (episode_id,judge_id,contestant_id,score) VALUES (15, 54, 21, 6);
INSERT INTO rates (episode_id,judge_id,contestant_id,score) VALUES (15, 40, 35, 6);
INSERT INTO rates (episode_id,judge_id,contestant_id,score) VALUES (15, 24, 35, 9);
INSERT INTO rates (episode_id,judge_id,contestant_id,score) VALUES (15, 54, 35, 3);
INSERT INTO rates (episode_id,judge_id,contestant_id,score) VALUES (15, 40, 19, 1);
INSERT INTO rates (episode_id,judge_id,contestant_id,score) VALUES (15, 24, 19, 4);
INSERT INTO rates (episode_id,judge_id,contestant_id,score) VALUES (15, 54, 19, -1);
INSERT INTO rates (episode_id,judge_id,contestant_id,score) VALUES (15, 40, 53, 1);
INSERT INTO rates (episode_id,judge_id,contestant_id,score) VALUES (15, 24, 53, 4);
INSERT INTO rates (episode_id,judge_id,contestant_id,score) VALUES (15, 54, 53, -2);
INSERT INTO rates (episode_id,judge_id,contestant_id,score) VALUES (15, 40, 127, 4);
INSERT INTO rates (episode_id,judge_id,contestant_id,score) VALUES (15, 24, 127, 6);
INSERT INTO rates (episode_id,judge_id,contestant_id,score) VALUES (15, 54, 127, 2);

INSERT INTO Episodes (episode_number, year_played) VALUES (6, 2019);
INSERT INTO chefs_recipes_episode (episode_id, recipe_id, chef_id) VALUES (16, 38, 185);
INSERT INTO chefs_recipes_episode (episode_id, recipe_id, chef_id) VALUES (16, 42, 79);
INSERT INTO chefs_recipes_episode (episode_id, recipe_id, chef_id) VALUES (16, 44, 89);
INSERT INTO chefs_recipes_episode (episode_id, recipe_id, chef_id) VALUES (16, 49, 141);
INSERT INTO chefs_recipes_episode (episode_id, recipe_id, chef_id) VALUES (16, 50, 155);
INSERT INTO chefs_recipes_episode (episode_id, recipe_id, chef_id) VALUES (16, 53, 4);
INSERT INTO is_judge (judge_id, episode_id) VALUES (81, 16);
INSERT INTO is_judge (judge_id, episode_id) VALUES (45, 16);
INSERT INTO is_judge (judge_id, episode_id) VALUES (121, 16);
INSERT INTO rates (episode_id,judge_id,contestant_id,score) VALUES (16, 81, 20, 8);
INSERT INTO rates (episode_id,judge_id,contestant_id,score) VALUES (16, 45, 20, 10);
INSERT INTO rates (episode_id,judge_id,contestant_id,score) VALUES (16, 121, 20, 7);
INSERT INTO rates (episode_id,judge_id,contestant_id,score) VALUES (16, 81, 185, 6);
INSERT INTO rates (episode_id,judge_id,contestant_id,score) VALUES (16, 45, 185, 7);
INSERT INTO rates (episode_id,judge_id,contestant_id,score) VALUES (16, 121, 185, 5);
INSERT INTO rates (episode_id,judge_id,contestant_id,score) VALUES (16, 81, 90, 5);
INSERT INTO rates (episode_id,judge_id,contestant_id,score) VALUES (16, 45, 90, 7);
INSERT INTO rates (episode_id,judge_id,contestant_id,score) VALUES (16, 121, 90, 3);
INSERT INTO rates (episode_id,judge_id,contestant_id,score) VALUES (16, 81, 79, 4);
INSERT INTO rates (episode_id,judge_id,contestant_id,score) VALUES (16, 45, 79, 6);
INSERT INTO rates (episode_id,judge_id,contestant_id,score) VALUES (16, 121, 79, 1);
INSERT INTO rates (episode_id,judge_id,contestant_id,score) VALUES (16, 81, 89, 8);
INSERT INTO rates (episode_id,judge_id,contestant_id,score) VALUES (16, 45, 89, 10);
INSERT INTO rates (episode_id,judge_id,contestant_id,score) VALUES (16, 121, 89, 5);
INSERT INTO rates (episode_id,judge_id,contestant_id,score) VALUES (16, 81, 77, 9);
INSERT INTO rates (episode_id,judge_id,contestant_id,score) VALUES (16, 45, 77, 10);
INSERT INTO rates (episode_id,judge_id,contestant_id,score) VALUES (16, 121, 77, 6);
INSERT INTO rates (episode_id,judge_id,contestant_id,score) VALUES (16, 81, 141, 10);
INSERT INTO rates (episode_id,judge_id,contestant_id,score) VALUES (16, 45, 141, 10);
INSERT INTO rates (episode_id,judge_id,contestant_id,score) VALUES (16, 121, 141, 7);
INSERT INTO rates (episode_id,judge_id,contestant_id,score) VALUES (16, 81, 155, 2);
INSERT INTO rates (episode_id,judge_id,contestant_id,score) VALUES (16, 45, 155, 3);
INSERT INTO rates (episode_id,judge_id,contestant_id,score) VALUES (16, 121, 155, 1);
INSERT INTO rates (episode_id,judge_id,contestant_id,score) VALUES (16, 81, 4, 8);
INSERT INTO rates (episode_id,judge_id,contestant_id,score) VALUES (16, 45, 4, 9);
INSERT INTO rates (episode_id,judge_id,contestant_id,score) VALUES (16, 121, 4, 7);
INSERT INTO rates (episode_id,judge_id,contestant_id,score) VALUES (16, 81, 53, 3);
INSERT INTO rates (episode_id,judge_id,contestant_id,score) VALUES (16, 45, 53, 6);
INSERT INTO rates (episode_id,judge_id,contestant_id,score) VALUES (16, 121, 53, 1);

INSERT INTO Episodes (episode_number, year_played) VALUES (7, 2019);
INSERT INTO chefs_recipes_episode (episode_id, recipe_id, chef_id) VALUES (17, 51, 34);
INSERT INTO chefs_recipes_episode (episode_id, recipe_id, chef_id) VALUES (17, 53, 4);
INSERT INTO chefs_recipes_episode (episode_id, recipe_id, chef_id) VALUES (17, 26, 86);
INSERT INTO chefs_recipes_episode (episode_id, recipe_id, chef_id) VALUES (17, 54, 148);
INSERT INTO chefs_recipes_episode (episode_id, recipe_id, chef_id) VALUES (17, 43, 140);
INSERT INTO chefs_recipes_episode (episode_id, recipe_id, chef_id) VALUES (17, 25, 168);
INSERT INTO chefs_recipes_episode (episode_id, recipe_id, chef_id) VALUES (17, 50, 124);
INSERT INTO chefs_recipes_episode (episode_id, recipe_id, chef_id) VALUES (17, 35, 122);
INSERT INTO is_judge (judge_id, episode_id) VALUES (101, 17);
INSERT INTO is_judge (judge_id, episode_id) VALUES (50, 17);
INSERT INTO is_judge (judge_id, episode_id) VALUES (164, 17);
INSERT INTO rates (episode_id,judge_id,contestant_id,score) VALUES (17, 101, 34, 1);
INSERT INTO rates (episode_id,judge_id,contestant_id,score) VALUES (17, 50, 34, 2);
INSERT INTO rates (episode_id,judge_id,contestant_id,score) VALUES (17, 164, 34, 0);
INSERT INTO rates (episode_id,judge_id,contestant_id,score) VALUES (17, 101, 4, 2);
INSERT INTO rates (episode_id,judge_id,contestant_id,score) VALUES (17, 50, 4, 5);
INSERT INTO rates (episode_id,judge_id,contestant_id,score) VALUES (17, 164, 4, -1);
INSERT INTO rates (episode_id,judge_id,contestant_id,score) VALUES (17, 101, 86, 4);
INSERT INTO rates (episode_id,judge_id,contestant_id,score) VALUES (17, 50, 86, 6);
INSERT INTO rates (episode_id,judge_id,contestant_id,score) VALUES (17, 164, 86, 3);
INSERT INTO rates (episode_id,judge_id,contestant_id,score) VALUES (17, 101, 148, 10);
INSERT INTO rates (episode_id,judge_id,contestant_id,score) VALUES (17, 50, 148, 10);
INSERT INTO rates (episode_id,judge_id,contestant_id,score) VALUES (17, 164, 148, 8);
INSERT INTO rates (episode_id,judge_id,contestant_id,score) VALUES (17, 101, 140, 9);
INSERT INTO rates (episode_id,judge_id,contestant_id,score) VALUES (17, 50, 140, 10);
INSERT INTO rates (episode_id,judge_id,contestant_id,score) VALUES (17, 164, 140, 7);
INSERT INTO rates (episode_id,judge_id,contestant_id,score) VALUES (17, 101, 24, 4);
INSERT INTO rates (episode_id,judge_id,contestant_id,score) VALUES (17, 50, 24, 6);
INSERT INTO rates (episode_id,judge_id,contestant_id,score) VALUES (17, 164, 24, 1);
INSERT INTO rates (episode_id,judge_id,contestant_id,score) VALUES (17, 101, 196, 4);
INSERT INTO rates (episode_id,judge_id,contestant_id,score) VALUES (17, 50, 196, 7);
INSERT INTO rates (episode_id,judge_id,contestant_id,score) VALUES (17, 164, 196, 2);
INSERT INTO rates (episode_id,judge_id,contestant_id,score) VALUES (17, 101, 168, 2);
INSERT INTO rates (episode_id,judge_id,contestant_id,score) VALUES (17, 50, 168, 5);
INSERT INTO rates (episode_id,judge_id,contestant_id,score) VALUES (17, 164, 168, 1);
INSERT INTO rates (episode_id,judge_id,contestant_id,score) VALUES (17, 101, 124, 2);
INSERT INTO rates (episode_id,judge_id,contestant_id,score) VALUES (17, 50, 124, 5);
INSERT INTO rates (episode_id,judge_id,contestant_id,score) VALUES (17, 164, 124, 1);
INSERT INTO rates (episode_id,judge_id,contestant_id,score) VALUES (17, 101, 122, 6);
INSERT INTO rates (episode_id,judge_id,contestant_id,score) VALUES (17, 50, 122, 8);
INSERT INTO rates (episode_id,judge_id,contestant_id,score) VALUES (17, 164, 122, 4);

INSERT INTO Episodes (episode_number, year_played) VALUES (8, 2019);
INSERT INTO chefs_recipes_episode (episode_id, recipe_id, chef_id) VALUES (18, 45, 167);
INSERT INTO chefs_recipes_episode (episode_id, recipe_id, chef_id) VALUES (18, 38, 174);
INSERT INTO chefs_recipes_episode (episode_id, recipe_id, chef_id) VALUES (18, 40, 142);
INSERT INTO chefs_recipes_episode (episode_id, recipe_id, chef_id) VALUES (18, 44, 16);
INSERT INTO chefs_recipes_episode (episode_id, recipe_id, chef_id) VALUES (18, 51, 87);
INSERT INTO chefs_recipes_episode (episode_id, recipe_id, chef_id) VALUES (18, 48, 124);
INSERT INTO chefs_recipes_episode (episode_id, recipe_id, chef_id) VALUES (18, 26, 103);
INSERT INTO chefs_recipes_episode (episode_id, recipe_id, chef_id) VALUES (18, 35, 39);
INSERT INTO chefs_recipes_episode (episode_id, recipe_id, chef_id) VALUES (18, 43, 49);
INSERT INTO is_judge (judge_id, episode_id) VALUES (18, 18);
INSERT INTO is_judge (judge_id, episode_id) VALUES (4, 18);
INSERT INTO is_judge (judge_id, episode_id) VALUES (126, 18);
INSERT INTO rates (episode_id,judge_id,contestant_id,score) VALUES (18, 18, 167, 2);
INSERT INTO rates (episode_id,judge_id,contestant_id,score) VALUES (18, 4, 167, 4);
INSERT INTO rates (episode_id,judge_id,contestant_id,score) VALUES (18, 126, 167, -1);
INSERT INTO rates (episode_id,judge_id,contestant_id,score) VALUES (18, 18, 174, 3);
INSERT INTO rates (episode_id,judge_id,contestant_id,score) VALUES (18, 4, 174, 6);
INSERT INTO rates (episode_id,judge_id,contestant_id,score) VALUES (18, 126, 174, 2);
INSERT INTO rates (episode_id,judge_id,contestant_id,score) VALUES (18, 18, 142, 7);
INSERT INTO rates (episode_id,judge_id,contestant_id,score) VALUES (18, 4, 142, 8);
INSERT INTO rates (episode_id,judge_id,contestant_id,score) VALUES (18, 126, 142, 4);
INSERT INTO rates (episode_id,judge_id,contestant_id,score) VALUES (18, 18, 16, 3);
INSERT INTO rates (episode_id,judge_id,contestant_id,score) VALUES (18, 4, 16, 6);
INSERT INTO rates (episode_id,judge_id,contestant_id,score) VALUES (18, 126, 16, 1);
INSERT INTO rates (episode_id,judge_id,contestant_id,score) VALUES (18, 18, 87, 7);
INSERT INTO rates (episode_id,judge_id,contestant_id,score) VALUES (18, 4, 87, 8);
INSERT INTO rates (episode_id,judge_id,contestant_id,score) VALUES (18, 126, 87, 6);
INSERT INTO rates (episode_id,judge_id,contestant_id,score) VALUES (18, 18, 124, 7);
INSERT INTO rates (episode_id,judge_id,contestant_id,score) VALUES (18, 4, 124, 10);
INSERT INTO rates (episode_id,judge_id,contestant_id,score) VALUES (18, 126, 124, 4);
INSERT INTO rates (episode_id,judge_id,contestant_id,score) VALUES (18, 18, 159, 9);
INSERT INTO rates (episode_id,judge_id,contestant_id,score) VALUES (18, 4, 159, 10);
INSERT INTO rates (episode_id,judge_id,contestant_id,score) VALUES (18, 126, 159, 6);
INSERT INTO rates (episode_id,judge_id,contestant_id,score) VALUES (18, 18, 103, 3);
INSERT INTO rates (episode_id,judge_id,contestant_id,score) VALUES (18, 4, 103, 4);
INSERT INTO rates (episode_id,judge_id,contestant_id,score) VALUES (18, 126, 103, 2);
INSERT INTO rates (episode_id,judge_id,contestant_id,score) VALUES (18, 18, 39, 2);
INSERT INTO rates (episode_id,judge_id,contestant_id,score) VALUES (18, 4, 39, 3);
INSERT INTO rates (episode_id,judge_id,contestant_id,score) VALUES (18, 126, 39, -1);
INSERT INTO rates (episode_id,judge_id,contestant_id,score) VALUES (18, 18, 49, 7);
INSERT INTO rates (episode_id,judge_id,contestant_id,score) VALUES (18, 4, 49, 8);
INSERT INTO rates (episode_id,judge_id,contestant_id,score) VALUES (18, 126, 49, 4);

INSERT INTO Episodes (episode_number, year_played) VALUES (9, 2019);
INSERT INTO chefs_recipes_episode (episode_id, recipe_id, chef_id) VALUES (19, 38, 42);
INSERT INTO chefs_recipes_episode (episode_id, recipe_id, chef_id) VALUES (19, 40, 55);
INSERT INTO chefs_recipes_episode (episode_id, recipe_id, chef_id) VALUES (19, 46, 30);
INSERT INTO chefs_recipes_episode (episode_id, recipe_id, chef_id) VALUES (19, 51, 32);
INSERT INTO chefs_recipes_episode (episode_id, recipe_id, chef_id) VALUES (19, 44, 101);
INSERT INTO chefs_recipes_episode (episode_id, recipe_id, chef_id) VALUES (19, 53, 129);
INSERT INTO chefs_recipes_episode (episode_id, recipe_id, chef_id) VALUES (19, 49, 197);
INSERT INTO chefs_recipes_episode (episode_id, recipe_id, chef_id) VALUES (19, 39, 116);
INSERT INTO is_judge (judge_id, episode_id) VALUES (11, 19);
INSERT INTO is_judge (judge_id, episode_id) VALUES (151, 19);
INSERT INTO is_judge (judge_id, episode_id) VALUES (188, 19);
INSERT INTO rates (episode_id,judge_id,contestant_id,score) VALUES (19, 11, 22, 1);
INSERT INTO rates (episode_id,judge_id,contestant_id,score) VALUES (19, 151, 22, 3);
INSERT INTO rates (episode_id,judge_id,contestant_id,score) VALUES (19, 188, 22, -1);
INSERT INTO rates (episode_id,judge_id,contestant_id,score) VALUES (19, 11, 42, 6);
INSERT INTO rates (episode_id,judge_id,contestant_id,score) VALUES (19, 151, 42, 9);
INSERT INTO rates (episode_id,judge_id,contestant_id,score) VALUES (19, 188, 42, 4);
INSERT INTO rates (episode_id,judge_id,contestant_id,score) VALUES (19, 11, 75, 9);
INSERT INTO rates (episode_id,judge_id,contestant_id,score) VALUES (19, 151, 75, 10);
INSERT INTO rates (episode_id,judge_id,contestant_id,score) VALUES (19, 188, 75, 7);
INSERT INTO rates (episode_id,judge_id,contestant_id,score) VALUES (19, 11, 55, 5);
INSERT INTO rates (episode_id,judge_id,contestant_id,score) VALUES (19, 151, 55, 8);
INSERT INTO rates (episode_id,judge_id,contestant_id,score) VALUES (19, 188, 55, 3);
INSERT INTO rates (episode_id,judge_id,contestant_id,score) VALUES (19, 11, 30, 7);
INSERT INTO rates (episode_id,judge_id,contestant_id,score) VALUES (19, 151, 30, 10);
INSERT INTO rates (episode_id,judge_id,contestant_id,score) VALUES (19, 188, 30, 5);
INSERT INTO rates (episode_id,judge_id,contestant_id,score) VALUES (19, 11, 32, 2);
INSERT INTO rates (episode_id,judge_id,contestant_id,score) VALUES (19, 151, 32, 4);
INSERT INTO rates (episode_id,judge_id,contestant_id,score) VALUES (19, 188, 32, 1);
INSERT INTO rates (episode_id,judge_id,contestant_id,score) VALUES (19, 11, 101, 2);
INSERT INTO rates (episode_id,judge_id,contestant_id,score) VALUES (19, 151, 101, 5);
INSERT INTO rates (episode_id,judge_id,contestant_id,score) VALUES (19, 188, 101, 1);
INSERT INTO rates (episode_id,judge_id,contestant_id,score) VALUES (19, 11, 129, 10);
INSERT INTO rates (episode_id,judge_id,contestant_id,score) VALUES (19, 151, 129, 10);
INSERT INTO rates (episode_id,judge_id,contestant_id,score) VALUES (19, 188, 129, 7);
INSERT INTO rates (episode_id,judge_id,contestant_id,score) VALUES (19, 11, 197, 3);
INSERT INTO rates (episode_id,judge_id,contestant_id,score) VALUES (19, 151, 197, 4);
INSERT INTO rates (episode_id,judge_id,contestant_id,score) VALUES (19, 188, 197, 1);
INSERT INTO rates (episode_id,judge_id,contestant_id,score) VALUES (19, 11, 116, 4);
INSERT INTO rates (episode_id,judge_id,contestant_id,score) VALUES (19, 151, 116, 6);
INSERT INTO rates (episode_id,judge_id,contestant_id,score) VALUES (19, 188, 116, 1);

INSERT INTO Episodes (episode_number, year_played) VALUES (10, 2019);
INSERT INTO chefs_recipes_episode (episode_id, recipe_id, chef_id) VALUES (20, 34, 163);
INSERT INTO chefs_recipes_episode (episode_id, recipe_id, chef_id) VALUES (20, 48, 130);
INSERT INTO chefs_recipes_episode (episode_id, recipe_id, chef_id) VALUES (20, 54, 64);
INSERT INTO chefs_recipes_episode (episode_id, recipe_id, chef_id) VALUES (20, 25, 123);
INSERT INTO chefs_recipes_episode (episode_id, recipe_id, chef_id) VALUES (20, 53, 189);
INSERT INTO chefs_recipes_episode (episode_id, recipe_id, chef_id) VALUES (20, 43, 49);
INSERT INTO chefs_recipes_episode (episode_id, recipe_id, chef_id) VALUES (20, 45, 167);
INSERT INTO chefs_recipes_episode (episode_id, recipe_id, chef_id) VALUES (20, 44, 101);
INSERT INTO is_judge (judge_id, episode_id) VALUES (156, 20);
INSERT INTO is_judge (judge_id, episode_id) VALUES (198, 20);
INSERT INTO is_judge (judge_id, episode_id) VALUES (25, 20);
INSERT INTO rates (episode_id,judge_id,contestant_id,score) VALUES (20, 156, 163, 1);
INSERT INTO rates (episode_id,judge_id,contestant_id,score) VALUES (20, 198, 163, 3);
INSERT INTO rates (episode_id,judge_id,contestant_id,score) VALUES (20, 25, 163, -2);
INSERT INTO rates (episode_id,judge_id,contestant_id,score) VALUES (20, 156, 151, 3);
INSERT INTO rates (episode_id,judge_id,contestant_id,score) VALUES (20, 198, 151, 4);
INSERT INTO rates (episode_id,judge_id,contestant_id,score) VALUES (20, 25, 151, 1);
INSERT INTO rates (episode_id,judge_id,contestant_id,score) VALUES (20, 156, 130, 7);
INSERT INTO rates (episode_id,judge_id,contestant_id,score) VALUES (20, 198, 130, 10);
INSERT INTO rates (episode_id,judge_id,contestant_id,score) VALUES (20, 25, 130, 5);
INSERT INTO rates (episode_id,judge_id,contestant_id,score) VALUES (20, 156, 64, 9);
INSERT INTO rates (episode_id,judge_id,contestant_id,score) VALUES (20, 198, 64, 10);
INSERT INTO rates (episode_id,judge_id,contestant_id,score) VALUES (20, 25, 64, 8);
INSERT INTO rates (episode_id,judge_id,contestant_id,score) VALUES (20, 156, 123, 9);
INSERT INTO rates (episode_id,judge_id,contestant_id,score) VALUES (20, 198, 123, 10);
INSERT INTO rates (episode_id,judge_id,contestant_id,score) VALUES (20, 25, 123, 6);
INSERT INTO rates (episode_id,judge_id,contestant_id,score) VALUES (20, 156, 33, 10);
INSERT INTO rates (episode_id,judge_id,contestant_id,score) VALUES (20, 198, 33, 10);
INSERT INTO rates (episode_id,judge_id,contestant_id,score) VALUES (20, 25, 33, 9);
INSERT INTO rates (episode_id,judge_id,contestant_id,score) VALUES (20, 156, 189, 8);
INSERT INTO rates (episode_id,judge_id,contestant_id,score) VALUES (20, 198, 189, 10);
INSERT INTO rates (episode_id,judge_id,contestant_id,score) VALUES (20, 25, 189, 6);
INSERT INTO rates (episode_id,judge_id,contestant_id,score) VALUES (20, 156, 49, 7);
INSERT INTO rates (episode_id,judge_id,contestant_id,score) VALUES (20, 198, 49, 8);
INSERT INTO rates (episode_id,judge_id,contestant_id,score) VALUES (20, 25, 49, 6);
INSERT INTO rates (episode_id,judge_id,contestant_id,score) VALUES (20, 156, 167, 3);
INSERT INTO rates (episode_id,judge_id,contestant_id,score) VALUES (20, 198, 167, 4);
INSERT INTO rates (episode_id,judge_id,contestant_id,score) VALUES (20, 25, 167, 0);
INSERT INTO rates (episode_id,judge_id,contestant_id,score) VALUES (20, 156, 101, 5);
INSERT INTO rates (episode_id,judge_id,contestant_id,score) VALUES (20, 198, 101, 7);
INSERT INTO rates (episode_id,judge_id,contestant_id,score) VALUES (20, 25, 101, 4);

INSERT INTO Episodes (episode_number, year_played) VALUES (1, 2020);
INSERT INTO chefs_recipes_episode (episode_id, recipe_id, chef_id) VALUES (21, 36, 151);
INSERT INTO chefs_recipes_episode (episode_id, recipe_id, chef_id) VALUES (21, 43, 173);
INSERT INTO chefs_recipes_episode (episode_id, recipe_id, chef_id) VALUES (21, 38, 48);
INSERT INTO chefs_recipes_episode (episode_id, recipe_id, chef_id) VALUES (21, 54, 40);
INSERT INTO chefs_recipes_episode (episode_id, recipe_id, chef_id) VALUES (21, 37, 192);
INSERT INTO chefs_recipes_episode (episode_id, recipe_id, chef_id) VALUES (21, 39, 83);
INSERT INTO chefs_recipes_episode (episode_id, recipe_id, chef_id) VALUES (21, 33, 71);
INSERT INTO is_judge (judge_id, episode_id) VALUES (61, 21);
INSERT INTO is_judge (judge_id, episode_id) VALUES (129, 21);
INSERT INTO is_judge (judge_id, episode_id) VALUES (193, 21);
INSERT INTO rates (episode_id,judge_id,contestant_id,score) VALUES (21, 61, 151, 7);
INSERT INTO rates (episode_id,judge_id,contestant_id,score) VALUES (21, 129, 151, 9);
INSERT INTO rates (episode_id,judge_id,contestant_id,score) VALUES (21, 193, 151, 5);
INSERT INTO rates (episode_id,judge_id,contestant_id,score) VALUES (21, 61, 173, 7);
INSERT INTO rates (episode_id,judge_id,contestant_id,score) VALUES (21, 129, 173, 10);
INSERT INTO rates (episode_id,judge_id,contestant_id,score) VALUES (21, 193, 173, 4);
INSERT INTO rates (episode_id,judge_id,contestant_id,score) VALUES (21, 61, 135, 9);
INSERT INTO rates (episode_id,judge_id,contestant_id,score) VALUES (21, 129, 135, 10);
INSERT INTO rates (episode_id,judge_id,contestant_id,score) VALUES (21, 193, 135, 7);
INSERT INTO rates (episode_id,judge_id,contestant_id,score) VALUES (21, 61, 48, 6);
INSERT INTO rates (episode_id,judge_id,contestant_id,score) VALUES (21, 129, 48, 7);
INSERT INTO rates (episode_id,judge_id,contestant_id,score) VALUES (21, 193, 48, 3);
INSERT INTO rates (episode_id,judge_id,contestant_id,score) VALUES (21, 61, 111, 1);
INSERT INTO rates (episode_id,judge_id,contestant_id,score) VALUES (21, 129, 111, 2);
INSERT INTO rates (episode_id,judge_id,contestant_id,score) VALUES (21, 193, 111, 0);
INSERT INTO rates (episode_id,judge_id,contestant_id,score) VALUES (21, 61, 40, 9);
INSERT INTO rates (episode_id,judge_id,contestant_id,score) VALUES (21, 129, 40, 10);
INSERT INTO rates (episode_id,judge_id,contestant_id,score) VALUES (21, 193, 40, 8);
INSERT INTO rates (episode_id,judge_id,contestant_id,score) VALUES (21, 61, 192, 9);
INSERT INTO rates (episode_id,judge_id,contestant_id,score) VALUES (21, 129, 192, 10);
INSERT INTO rates (episode_id,judge_id,contestant_id,score) VALUES (21, 193, 192, 6);
INSERT INTO rates (episode_id,judge_id,contestant_id,score) VALUES (21, 61, 83, 1);
INSERT INTO rates (episode_id,judge_id,contestant_id,score) VALUES (21, 129, 83, 4);
INSERT INTO rates (episode_id,judge_id,contestant_id,score) VALUES (21, 193, 83, 0);
INSERT INTO rates (episode_id,judge_id,contestant_id,score) VALUES (21, 61, 71, 6);
INSERT INTO rates (episode_id,judge_id,contestant_id,score) VALUES (21, 129, 71, 9);
INSERT INTO rates (episode_id,judge_id,contestant_id,score) VALUES (21, 193, 71, 5);
INSERT INTO rates (episode_id,judge_id,contestant_id,score) VALUES (21, 61, 127, 8);
INSERT INTO rates (episode_id,judge_id,contestant_id,score) VALUES (21, 129, 127, 10);
INSERT INTO rates (episode_id,judge_id,contestant_id,score) VALUES (21, 193, 127, 5);

INSERT INTO Episodes (episode_number, year_played) VALUES (2, 2020);
INSERT INTO chefs_recipes_episode (episode_id, recipe_id, chef_id) VALUES (22, 46, 95);
INSERT INTO chefs_recipes_episode (episode_id, recipe_id, chef_id) VALUES (22, 38, 119);
INSERT INTO chefs_recipes_episode (episode_id, recipe_id, chef_id) VALUES (22, 48, 139);
INSERT INTO chefs_recipes_episode (episode_id, recipe_id, chef_id) VALUES (22, 53, 105);
INSERT INTO chefs_recipes_episode (episode_id, recipe_id, chef_id) VALUES (22, 52, 69);
INSERT INTO chefs_recipes_episode (episode_id, recipe_id, chef_id) VALUES (22, 39, 31);
INSERT INTO chefs_recipes_episode (episode_id, recipe_id, chef_id) VALUES (22, 43, 194);
INSERT INTO chefs_recipes_episode (episode_id, recipe_id, chef_id) VALUES (22, 42, 79);
INSERT INTO chefs_recipes_episode (episode_id, recipe_id, chef_id) VALUES (22, 9, 13);
INSERT INTO is_judge (judge_id, episode_id) VALUES (138, 22);
INSERT INTO is_judge (judge_id, episode_id) VALUES (193, 22);
INSERT INTO is_judge (judge_id, episode_id) VALUES (16, 22);
INSERT INTO rates (episode_id,judge_id,contestant_id,score) VALUES (22, 138, 95, 7);
INSERT INTO rates (episode_id,judge_id,contestant_id,score) VALUES (22, 193, 95, 8);
INSERT INTO rates (episode_id,judge_id,contestant_id,score) VALUES (22, 16, 95, 5);
INSERT INTO rates (episode_id,judge_id,contestant_id,score) VALUES (22, 138, 119, 5);
INSERT INTO rates (episode_id,judge_id,contestant_id,score) VALUES (22, 193, 119, 6);
INSERT INTO rates (episode_id,judge_id,contestant_id,score) VALUES (22, 16, 119, 3);
INSERT INTO rates (episode_id,judge_id,contestant_id,score) VALUES (22, 138, 139, 10);
INSERT INTO rates (episode_id,judge_id,contestant_id,score) VALUES (22, 193, 139, 10);
INSERT INTO rates (episode_id,judge_id,contestant_id,score) VALUES (22, 16, 139, 9);
INSERT INTO rates (episode_id,judge_id,contestant_id,score) VALUES (22, 138, 105, 7);
INSERT INTO rates (episode_id,judge_id,contestant_id,score) VALUES (22, 193, 105, 10);
INSERT INTO rates (episode_id,judge_id,contestant_id,score) VALUES (22, 16, 105, 5);
INSERT INTO rates (episode_id,judge_id,contestant_id,score) VALUES (22, 138, 69, 5);
INSERT INTO rates (episode_id,judge_id,contestant_id,score) VALUES (22, 193, 69, 7);
INSERT INTO rates (episode_id,judge_id,contestant_id,score) VALUES (22, 16, 69, 2);
INSERT INTO rates (episode_id,judge_id,contestant_id,score) VALUES (22, 138, 107, 1);
INSERT INTO rates (episode_id,judge_id,contestant_id,score) VALUES (22, 193, 107, 4);
INSERT INTO rates (episode_id,judge_id,contestant_id,score) VALUES (22, 16, 107, -2);
INSERT INTO rates (episode_id,judge_id,contestant_id,score) VALUES (22, 138, 31, 1);
INSERT INTO rates (episode_id,judge_id,contestant_id,score) VALUES (22, 193, 31, 2);
INSERT INTO rates (episode_id,judge_id,contestant_id,score) VALUES (22, 16, 31, -2);
INSERT INTO rates (episode_id,judge_id,contestant_id,score) VALUES (22, 138, 194, 1);
INSERT INTO rates (episode_id,judge_id,contestant_id,score) VALUES (22, 193, 194, 4);
INSERT INTO rates (episode_id,judge_id,contestant_id,score) VALUES (22, 16, 194, 0);
INSERT INTO rates (episode_id,judge_id,contestant_id,score) VALUES (22, 138, 79, 9);
INSERT INTO rates (episode_id,judge_id,contestant_id,score) VALUES (22, 193, 79, 10);
INSERT INTO rates (episode_id,judge_id,contestant_id,score) VALUES (22, 16, 79, 6);
INSERT INTO rates (episode_id,judge_id,contestant_id,score) VALUES (22, 138, 13, 8);
INSERT INTO rates (episode_id,judge_id,contestant_id,score) VALUES (22, 193, 13, 9);
INSERT INTO rates (episode_id,judge_id,contestant_id,score) VALUES (22, 16, 13, 5);

INSERT INTO Episodes (episode_number, year_played) VALUES (3, 2020);
INSERT INTO chefs_recipes_episode (episode_id, recipe_id, chef_id) VALUES (23, 9, 41);
INSERT INTO chefs_recipes_episode (episode_id, recipe_id, chef_id) VALUES (23, 45, 14);
INSERT INTO chefs_recipes_episode (episode_id, recipe_id, chef_id) VALUES (23, 25, 65);
INSERT INTO chefs_recipes_episode (episode_id, recipe_id, chef_id) VALUES (23, 47, 178);
INSERT INTO chefs_recipes_episode (episode_id, recipe_id, chef_id) VALUES (23, 41, 179);
INSERT INTO is_judge (judge_id, episode_id) VALUES (164, 23);
INSERT INTO is_judge (judge_id, episode_id) VALUES (120, 23);
INSERT INTO is_judge (judge_id, episode_id) VALUES (142, 23);
INSERT INTO rates (episode_id,judge_id,contestant_id,score) VALUES (23, 164, 185, 4);
INSERT INTO rates (episode_id,judge_id,contestant_id,score) VALUES (23, 120, 185, 6);
INSERT INTO rates (episode_id,judge_id,contestant_id,score) VALUES (23, 142, 185, 1);
INSERT INTO rates (episode_id,judge_id,contestant_id,score) VALUES (23, 164, 33, 5);
INSERT INTO rates (episode_id,judge_id,contestant_id,score) VALUES (23, 120, 33, 6);
INSERT INTO rates (episode_id,judge_id,contestant_id,score) VALUES (23, 142, 33, 2);
INSERT INTO rates (episode_id,judge_id,contestant_id,score) VALUES (23, 164, 146, 8);
INSERT INTO rates (episode_id,judge_id,contestant_id,score) VALUES (23, 120, 146, 10);
INSERT INTO rates (episode_id,judge_id,contestant_id,score) VALUES (23, 142, 146, 5);
INSERT INTO rates (episode_id,judge_id,contestant_id,score) VALUES (23, 164, 169, 5);
INSERT INTO rates (episode_id,judge_id,contestant_id,score) VALUES (23, 120, 169, 8);
INSERT INTO rates (episode_id,judge_id,contestant_id,score) VALUES (23, 142, 169, 2);
INSERT INTO rates (episode_id,judge_id,contestant_id,score) VALUES (23, 164, 41, 4);
INSERT INTO rates (episode_id,judge_id,contestant_id,score) VALUES (23, 120, 41, 7);
INSERT INTO rates (episode_id,judge_id,contestant_id,score) VALUES (23, 142, 41, 2);
INSERT INTO rates (episode_id,judge_id,contestant_id,score) VALUES (23, 164, 14, 5);
INSERT INTO rates (episode_id,judge_id,contestant_id,score) VALUES (23, 120, 14, 7);
INSERT INTO rates (episode_id,judge_id,contestant_id,score) VALUES (23, 142, 14, 4);
INSERT INTO rates (episode_id,judge_id,contestant_id,score) VALUES (23, 164, 139, 8);
INSERT INTO rates (episode_id,judge_id,contestant_id,score) VALUES (23, 120, 139, 9);
INSERT INTO rates (episode_id,judge_id,contestant_id,score) VALUES (23, 142, 139, 7);
INSERT INTO rates (episode_id,judge_id,contestant_id,score) VALUES (23, 164, 65, 5);
INSERT INTO rates (episode_id,judge_id,contestant_id,score) VALUES (23, 120, 65, 6);
INSERT INTO rates (episode_id,judge_id,contestant_id,score) VALUES (23, 142, 65, 2);
INSERT INTO rates (episode_id,judge_id,contestant_id,score) VALUES (23, 164, 178, 1);
INSERT INTO rates (episode_id,judge_id,contestant_id,score) VALUES (23, 120, 178, 2);
INSERT INTO rates (episode_id,judge_id,contestant_id,score) VALUES (23, 142, 178, -2);
INSERT INTO rates (episode_id,judge_id,contestant_id,score) VALUES (23, 164, 179, 1);
INSERT INTO rates (episode_id,judge_id,contestant_id,score) VALUES (23, 120, 179, 3);
INSERT INTO rates (episode_id,judge_id,contestant_id,score) VALUES (23, 142, 179, -1);

INSERT INTO Episodes (episode_number, year_played) VALUES (4, 2020);
INSERT INTO chefs_recipes_episode (episode_id, recipe_id, chef_id) VALUES (24, 38, 102);
INSERT INTO chefs_recipes_episode (episode_id, recipe_id, chef_id) VALUES (24, 51, 88);
INSERT INTO chefs_recipes_episode (episode_id, recipe_id, chef_id) VALUES (24, 45, 14);
INSERT INTO chefs_recipes_episode (episode_id, recipe_id, chef_id) VALUES (24, 50, 43);
INSERT INTO chefs_recipes_episode (episode_id, recipe_id, chef_id) VALUES (24, 53, 129);
INSERT INTO chefs_recipes_episode (episode_id, recipe_id, chef_id) VALUES (24, 43, 68);
INSERT INTO chefs_recipes_episode (episode_id, recipe_id, chef_id) VALUES (24, 49, 197);
INSERT INTO chefs_recipes_episode (episode_id, recipe_id, chef_id) VALUES (24, 40, 181);
INSERT INTO is_judge (judge_id, episode_id) VALUES (62, 24);
INSERT INTO is_judge (judge_id, episode_id) VALUES (177, 24);
INSERT INTO is_judge (judge_id, episode_id) VALUES (131, 24);
INSERT INTO rates (episode_id,judge_id,contestant_id,score) VALUES (24, 62, 102, 9);
INSERT INTO rates (episode_id,judge_id,contestant_id,score) VALUES (24, 177, 102, 10);
INSERT INTO rates (episode_id,judge_id,contestant_id,score) VALUES (24, 131, 102, 6);
INSERT INTO rates (episode_id,judge_id,contestant_id,score) VALUES (24, 62, 88, 3);
INSERT INTO rates (episode_id,judge_id,contestant_id,score) VALUES (24, 177, 88, 4);
INSERT INTO rates (episode_id,judge_id,contestant_id,score) VALUES (24, 131, 88, 0);
INSERT INTO rates (episode_id,judge_id,contestant_id,score) VALUES (24, 62, 14, 2);
INSERT INTO rates (episode_id,judge_id,contestant_id,score) VALUES (24, 177, 14, 3);
INSERT INTO rates (episode_id,judge_id,contestant_id,score) VALUES (24, 131, 14, -1);
INSERT INTO rates (episode_id,judge_id,contestant_id,score) VALUES (24, 62, 43, 3);
INSERT INTO rates (episode_id,judge_id,contestant_id,score) VALUES (24, 177, 43, 5);
INSERT INTO rates (episode_id,judge_id,contestant_id,score) VALUES (24, 131, 43, 2);
INSERT INTO rates (episode_id,judge_id,contestant_id,score) VALUES (24, 62, 129, 2);
INSERT INTO rates (episode_id,judge_id,contestant_id,score) VALUES (24, 177, 129, 4);
INSERT INTO rates (episode_id,judge_id,contestant_id,score) VALUES (24, 131, 129, 1);
INSERT INTO rates (episode_id,judge_id,contestant_id,score) VALUES (24, 62, 68, 4);
INSERT INTO rates (episode_id,judge_id,contestant_id,score) VALUES (24, 177, 68, 6);
INSERT INTO rates (episode_id,judge_id,contestant_id,score) VALUES (24, 131, 68, 3);
INSERT INTO rates (episode_id,judge_id,contestant_id,score) VALUES (24, 62, 49, 9);
INSERT INTO rates (episode_id,judge_id,contestant_id,score) VALUES (24, 177, 49, 10);
INSERT INTO rates (episode_id,judge_id,contestant_id,score) VALUES (24, 131, 49, 8);
INSERT INTO rates (episode_id,judge_id,contestant_id,score) VALUES (24, 62, 125, 3);
INSERT INTO rates (episode_id,judge_id,contestant_id,score) VALUES (24, 177, 125, 4);
INSERT INTO rates (episode_id,judge_id,contestant_id,score) VALUES (24, 131, 125, 1);
INSERT INTO rates (episode_id,judge_id,contestant_id,score) VALUES (24, 62, 197, 9);
INSERT INTO rates (episode_id,judge_id,contestant_id,score) VALUES (24, 177, 197, 10);
INSERT INTO rates (episode_id,judge_id,contestant_id,score) VALUES (24, 131, 197, 6);
INSERT INTO rates (episode_id,judge_id,contestant_id,score) VALUES (24, 62, 181, 3);
INSERT INTO rates (episode_id,judge_id,contestant_id,score) VALUES (24, 177, 181, 6);
INSERT INTO rates (episode_id,judge_id,contestant_id,score) VALUES (24, 131, 181, 1);

INSERT INTO Episodes (episode_number, year_played) VALUES (5, 2020);
INSERT INTO chefs_recipes_episode (episode_id, recipe_id, chef_id) VALUES (25, 25, 22);
INSERT INTO chefs_recipes_episode (episode_id, recipe_id, chef_id) VALUES (25, 52, 118);
INSERT INTO chefs_recipes_episode (episode_id, recipe_id, chef_id) VALUES (25, 48, 199);
INSERT INTO chefs_recipes_episode (episode_id, recipe_id, chef_id) VALUES (25, 54, 46);
INSERT INTO chefs_recipes_episode (episode_id, recipe_id, chef_id) VALUES (25, 42, 16);
INSERT INTO chefs_recipes_episode (episode_id, recipe_id, chef_id) VALUES (25, 50, 94);
INSERT INTO chefs_recipes_episode (episode_id, recipe_id, chef_id) VALUES (25, 37, 55);
INSERT INTO chefs_recipes_episode (episode_id, recipe_id, chef_id) VALUES (25, 40, 28);
INSERT INTO chefs_recipes_episode (episode_id, recipe_id, chef_id) VALUES (25, 44, 175);
INSERT INTO is_judge (judge_id, episode_id) VALUES (146, 25);
INSERT INTO is_judge (judge_id, episode_id) VALUES (185, 25);
INSERT INTO is_judge (judge_id, episode_id) VALUES (161, 25);
INSERT INTO rates (episode_id,judge_id,contestant_id,score) VALUES (25, 146, 22, 4);
INSERT INTO rates (episode_id,judge_id,contestant_id,score) VALUES (25, 185, 22, 5);
INSERT INTO rates (episode_id,judge_id,contestant_id,score) VALUES (25, 161, 22, 2);
INSERT INTO rates (episode_id,judge_id,contestant_id,score) VALUES (25, 146, 118, 1);
INSERT INTO rates (episode_id,judge_id,contestant_id,score) VALUES (25, 185, 118, 3);
INSERT INTO rates (episode_id,judge_id,contestant_id,score) VALUES (25, 161, 118, 0);
INSERT INTO rates (episode_id,judge_id,contestant_id,score) VALUES (25, 146, 199, 2);
INSERT INTO rates (episode_id,judge_id,contestant_id,score) VALUES (25, 185, 199, 4);
INSERT INTO rates (episode_id,judge_id,contestant_id,score) VALUES (25, 161, 199, -1);
INSERT INTO rates (episode_id,judge_id,contestant_id,score) VALUES (25, 146, 70, 7);
INSERT INTO rates (episode_id,judge_id,contestant_id,score) VALUES (25, 185, 70, 9);
INSERT INTO rates (episode_id,judge_id,contestant_id,score) VALUES (25, 161, 70, 6);
INSERT INTO rates (episode_id,judge_id,contestant_id,score) VALUES (25, 146, 46, 3);
INSERT INTO rates (episode_id,judge_id,contestant_id,score) VALUES (25, 185, 46, 5);
INSERT INTO rates (episode_id,judge_id,contestant_id,score) VALUES (25, 161, 46, 0);
INSERT INTO rates (episode_id,judge_id,contestant_id,score) VALUES (25, 146, 16, 10);
INSERT INTO rates (episode_id,judge_id,contestant_id,score) VALUES (25, 185, 16, 10);
INSERT INTO rates (episode_id,judge_id,contestant_id,score) VALUES (25, 161, 16, 7);
INSERT INTO rates (episode_id,judge_id,contestant_id,score) VALUES (25, 146, 94, 3);
INSERT INTO rates (episode_id,judge_id,contestant_id,score) VALUES (25, 185, 94, 4);
INSERT INTO rates (episode_id,judge_id,contestant_id,score) VALUES (25, 161, 94, 2);
INSERT INTO rates (episode_id,judge_id,contestant_id,score) VALUES (25, 146, 55, 9);
INSERT INTO rates (episode_id,judge_id,contestant_id,score) VALUES (25, 185, 55, 10);
INSERT INTO rates (episode_id,judge_id,contestant_id,score) VALUES (25, 161, 55, 7);
INSERT INTO rates (episode_id,judge_id,contestant_id,score) VALUES (25, 146, 28, 5);
INSERT INTO rates (episode_id,judge_id,contestant_id,score) VALUES (25, 185, 28, 6);
INSERT INTO rates (episode_id,judge_id,contestant_id,score) VALUES (25, 161, 28, 4);
INSERT INTO rates (episode_id,judge_id,contestant_id,score) VALUES (25, 146, 175, 1);
INSERT INTO rates (episode_id,judge_id,contestant_id,score) VALUES (25, 185, 175, 2);
INSERT INTO rates (episode_id,judge_id,contestant_id,score) VALUES (25, 161, 175, -1);

INSERT INTO Episodes (episode_number, year_played) VALUES (6, 2020);
INSERT INTO chefs_recipes_episode (episode_id, recipe_id, chef_id) VALUES (26, 39, 72);
INSERT INTO chefs_recipes_episode (episode_id, recipe_id, chef_id) VALUES (26, 37, 82);
INSERT INTO chefs_recipes_episode (episode_id, recipe_id, chef_id) VALUES (26, 52, 64);
INSERT INTO chefs_recipes_episode (episode_id, recipe_id, chef_id) VALUES (26, 26, 8);
INSERT INTO chefs_recipes_episode (episode_id, recipe_id, chef_id) VALUES (26, 47, 84);
INSERT INTO chefs_recipes_episode (episode_id, recipe_id, chef_id) VALUES (26, 49, 143);
INSERT INTO chefs_recipes_episode (episode_id, recipe_id, chef_id) VALUES (26, 33, 180);
INSERT INTO is_judge (judge_id, episode_id) VALUES (63, 26);
INSERT INTO is_judge (judge_id, episode_id) VALUES (45, 26);
INSERT INTO is_judge (judge_id, episode_id) VALUES (96, 26);
INSERT INTO rates (episode_id,judge_id,contestant_id,score) VALUES (26, 63, 92, 1);
INSERT INTO rates (episode_id,judge_id,contestant_id,score) VALUES (26, 45, 92, 4);
INSERT INTO rates (episode_id,judge_id,contestant_id,score) VALUES (26, 96, 92, -1);
INSERT INTO rates (episode_id,judge_id,contestant_id,score) VALUES (26, 63, 72, 5);
INSERT INTO rates (episode_id,judge_id,contestant_id,score) VALUES (26, 45, 72, 8);
INSERT INTO rates (episode_id,judge_id,contestant_id,score) VALUES (26, 96, 72, 3);
INSERT INTO rates (episode_id,judge_id,contestant_id,score) VALUES (26, 63, 82, 7);
INSERT INTO rates (episode_id,judge_id,contestant_id,score) VALUES (26, 45, 82, 10);
INSERT INTO rates (episode_id,judge_id,contestant_id,score) VALUES (26, 96, 82, 6);
INSERT INTO rates (episode_id,judge_id,contestant_id,score) VALUES (26, 63, 64, 8);
INSERT INTO rates (episode_id,judge_id,contestant_id,score) VALUES (26, 45, 64, 9);
INSERT INTO rates (episode_id,judge_id,contestant_id,score) VALUES (26, 96, 64, 5);
INSERT INTO rates (episode_id,judge_id,contestant_id,score) VALUES (26, 63, 8, 6);
INSERT INTO rates (episode_id,judge_id,contestant_id,score) VALUES (26, 45, 8, 7);
INSERT INTO rates (episode_id,judge_id,contestant_id,score) VALUES (26, 96, 8, 5);
INSERT INTO rates (episode_id,judge_id,contestant_id,score) VALUES (26, 63, 128, 10);
INSERT INTO rates (episode_id,judge_id,contestant_id,score) VALUES (26, 45, 128, 10);
INSERT INTO rates (episode_id,judge_id,contestant_id,score) VALUES (26, 96, 128, 8);
INSERT INTO rates (episode_id,judge_id,contestant_id,score) VALUES (26, 63, 84, 5);
INSERT INTO rates (episode_id,judge_id,contestant_id,score) VALUES (26, 45, 84, 6);
INSERT INTO rates (episode_id,judge_id,contestant_id,score) VALUES (26, 96, 84, 2);
INSERT INTO rates (episode_id,judge_id,contestant_id,score) VALUES (26, 63, 143, 3);
INSERT INTO rates (episode_id,judge_id,contestant_id,score) VALUES (26, 45, 143, 4);
INSERT INTO rates (episode_id,judge_id,contestant_id,score) VALUES (26, 96, 143, 1);
INSERT INTO rates (episode_id,judge_id,contestant_id,score) VALUES (26, 63, 180, 9);
INSERT INTO rates (episode_id,judge_id,contestant_id,score) VALUES (26, 45, 180, 10);
INSERT INTO rates (episode_id,judge_id,contestant_id,score) VALUES (26, 96, 180, 8);
INSERT INTO rates (episode_id,judge_id,contestant_id,score) VALUES (26, 63, 7, 3);
INSERT INTO rates (episode_id,judge_id,contestant_id,score) VALUES (26, 45, 7, 5);
INSERT INTO rates (episode_id,judge_id,contestant_id,score) VALUES (26, 96, 7, 0);

INSERT INTO Episodes (episode_number, year_played) VALUES (7, 2020);
INSERT INTO chefs_recipes_episode (episode_id, recipe_id, chef_id) VALUES (27, 53, 33);
INSERT INTO chefs_recipes_episode (episode_id, recipe_id, chef_id) VALUES (27, 52, 195);
INSERT INTO chefs_recipes_episode (episode_id, recipe_id, chef_id) VALUES (27, 40, 144);
INSERT INTO chefs_recipes_episode (episode_id, recipe_id, chef_id) VALUES (27, 42, 165);
INSERT INTO chefs_recipes_episode (episode_id, recipe_id, chef_id) VALUES (27, 46, 95);
INSERT INTO chefs_recipes_episode (episode_id, recipe_id, chef_id) VALUES (27, 9, 60);
INSERT INTO chefs_recipes_episode (episode_id, recipe_id, chef_id) VALUES (27, 23, 51);
INSERT INTO is_judge (judge_id, episode_id) VALUES (18, 27);
INSERT INTO is_judge (judge_id, episode_id) VALUES (27, 27);
INSERT INTO is_judge (judge_id, episode_id) VALUES (77, 27);
INSERT INTO rates (episode_id,judge_id,contestant_id,score) VALUES (27, 18, 33, 5);
INSERT INTO rates (episode_id,judge_id,contestant_id,score) VALUES (27, 27, 33, 7);
INSERT INTO rates (episode_id,judge_id,contestant_id,score) VALUES (27, 77, 33, 2);
INSERT INTO rates (episode_id,judge_id,contestant_id,score) VALUES (27, 18, 195, 6);
INSERT INTO rates (episode_id,judge_id,contestant_id,score) VALUES (27, 27, 195, 8);
INSERT INTO rates (episode_id,judge_id,contestant_id,score) VALUES (27, 77, 195, 3);
INSERT INTO rates (episode_id,judge_id,contestant_id,score) VALUES (27, 18, 85, 2);
INSERT INTO rates (episode_id,judge_id,contestant_id,score) VALUES (27, 27, 85, 3);
INSERT INTO rates (episode_id,judge_id,contestant_id,score) VALUES (27, 77, 85, -1);
INSERT INTO rates (episode_id,judge_id,contestant_id,score) VALUES (27, 18, 144, 6);
INSERT INTO rates (episode_id,judge_id,contestant_id,score) VALUES (27, 27, 144, 8);
INSERT INTO rates (episode_id,judge_id,contestant_id,score) VALUES (27, 77, 144, 5);
INSERT INTO rates (episode_id,judge_id,contestant_id,score) VALUES (27, 18, 165, 10);
INSERT INTO rates (episode_id,judge_id,contestant_id,score) VALUES (27, 27, 165, 10);
INSERT INTO rates (episode_id,judge_id,contestant_id,score) VALUES (27, 77, 165, 7);
INSERT INTO rates (episode_id,judge_id,contestant_id,score) VALUES (27, 18, 95, 7);
INSERT INTO rates (episode_id,judge_id,contestant_id,score) VALUES (27, 27, 95, 10);
INSERT INTO rates (episode_id,judge_id,contestant_id,score) VALUES (27, 77, 95, 4);
INSERT INTO rates (episode_id,judge_id,contestant_id,score) VALUES (27, 18, 60, 4);
INSERT INTO rates (episode_id,judge_id,contestant_id,score) VALUES (27, 27, 60, 5);
INSERT INTO rates (episode_id,judge_id,contestant_id,score) VALUES (27, 77, 60, 2);
INSERT INTO rates (episode_id,judge_id,contestant_id,score) VALUES (27, 18, 140, 7);
INSERT INTO rates (episode_id,judge_id,contestant_id,score) VALUES (27, 27, 140, 9);
INSERT INTO rates (episode_id,judge_id,contestant_id,score) VALUES (27, 77, 140, 4);
INSERT INTO rates (episode_id,judge_id,contestant_id,score) VALUES (27, 18, 161, 7);
INSERT INTO rates (episode_id,judge_id,contestant_id,score) VALUES (27, 27, 161, 9);
INSERT INTO rates (episode_id,judge_id,contestant_id,score) VALUES (27, 77, 161, 6);
INSERT INTO rates (episode_id,judge_id,contestant_id,score) VALUES (27, 18, 51, 10);
INSERT INTO rates (episode_id,judge_id,contestant_id,score) VALUES (27, 27, 51, 10);
INSERT INTO rates (episode_id,judge_id,contestant_id,score) VALUES (27, 77, 51, 7);

INSERT INTO Episodes (episode_number, year_played) VALUES (8, 2020);
INSERT INTO chefs_recipes_episode (episode_id, recipe_id, chef_id) VALUES (28, 35, 85);
INSERT INTO chefs_recipes_episode (episode_id, recipe_id, chef_id) VALUES (28, 46, 82);
INSERT INTO chefs_recipes_episode (episode_id, recipe_id, chef_id) VALUES (28, 52, 172);
INSERT INTO chefs_recipes_episode (episode_id, recipe_id, chef_id) VALUES (28, 41, 13);
INSERT INTO chefs_recipes_episode (episode_id, recipe_id, chef_id) VALUES (28, 42, 97);
INSERT INTO chefs_recipes_episode (episode_id, recipe_id, chef_id) VALUES (28, 39, 126);
INSERT INTO chefs_recipes_episode (episode_id, recipe_id, chef_id) VALUES (28, 54, 26);
INSERT INTO chefs_recipes_episode (episode_id, recipe_id, chef_id) VALUES (28, 53, 158);
INSERT INTO chefs_recipes_episode (episode_id, recipe_id, chef_id) VALUES (28, 40, 181);
INSERT INTO is_judge (judge_id, episode_id) VALUES (138, 28);
INSERT INTO is_judge (judge_id, episode_id) VALUES (150, 28);
INSERT INTO is_judge (judge_id, episode_id) VALUES (104, 28);
INSERT INTO rates (episode_id,judge_id,contestant_id,score) VALUES (28, 138, 85, 9);
INSERT INTO rates (episode_id,judge_id,contestant_id,score) VALUES (28, 150, 85, 10);
INSERT INTO rates (episode_id,judge_id,contestant_id,score) VALUES (28, 104, 85, 8);
INSERT INTO rates (episode_id,judge_id,contestant_id,score) VALUES (28, 138, 82, 4);
INSERT INTO rates (episode_id,judge_id,contestant_id,score) VALUES (28, 150, 82, 5);
INSERT INTO rates (episode_id,judge_id,contestant_id,score) VALUES (28, 104, 82, 3);
INSERT INTO rates (episode_id,judge_id,contestant_id,score) VALUES (28, 138, 172, 10);
INSERT INTO rates (episode_id,judge_id,contestant_id,score) VALUES (28, 150, 172, 10);
INSERT INTO rates (episode_id,judge_id,contestant_id,score) VALUES (28, 104, 172, 7);
INSERT INTO rates (episode_id,judge_id,contestant_id,score) VALUES (28, 138, 13, 2);
INSERT INTO rates (episode_id,judge_id,contestant_id,score) VALUES (28, 150, 13, 5);
INSERT INTO rates (episode_id,judge_id,contestant_id,score) VALUES (28, 104, 13, 0);
INSERT INTO rates (episode_id,judge_id,contestant_id,score) VALUES (28, 138, 97, 5);
INSERT INTO rates (episode_id,judge_id,contestant_id,score) VALUES (28, 150, 97, 6);
INSERT INTO rates (episode_id,judge_id,contestant_id,score) VALUES (28, 104, 97, 4);
INSERT INTO rates (episode_id,judge_id,contestant_id,score) VALUES (28, 138, 126, 8);
INSERT INTO rates (episode_id,judge_id,contestant_id,score) VALUES (28, 150, 126, 9);
INSERT INTO rates (episode_id,judge_id,contestant_id,score) VALUES (28, 104, 126, 7);
INSERT INTO rates (episode_id,judge_id,contestant_id,score) VALUES (28, 138, 26, 1);
INSERT INTO rates (episode_id,judge_id,contestant_id,score) VALUES (28, 150, 26, 3);
INSERT INTO rates (episode_id,judge_id,contestant_id,score) VALUES (28, 104, 26, -2);
INSERT INTO rates (episode_id,judge_id,contestant_id,score) VALUES (28, 138, 158, 1);
INSERT INTO rates (episode_id,judge_id,contestant_id,score) VALUES (28, 150, 158, 2);
INSERT INTO rates (episode_id,judge_id,contestant_id,score) VALUES (28, 104, 158, -1);
INSERT INTO rates (episode_id,judge_id,contestant_id,score) VALUES (28, 138, 181, 9);
INSERT INTO rates (episode_id,judge_id,contestant_id,score) VALUES (28, 150, 181, 10);
INSERT INTO rates (episode_id,judge_id,contestant_id,score) VALUES (28, 104, 181, 6);
INSERT INTO rates (episode_id,judge_id,contestant_id,score) VALUES (28, 138, 134, 4);
INSERT INTO rates (episode_id,judge_id,contestant_id,score) VALUES (28, 150, 134, 5);
INSERT INTO rates (episode_id,judge_id,contestant_id,score) VALUES (28, 104, 134, 3);

INSERT INTO Episodes (episode_number, year_played) VALUES (9, 2020);
INSERT INTO chefs_recipes_episode (episode_id, recipe_id, chef_id) VALUES (29, 37, 156);
INSERT INTO chefs_recipes_episode (episode_id, recipe_id, chef_id) VALUES (29, 46, 30);
INSERT INTO chefs_recipes_episode (episode_id, recipe_id, chef_id) VALUES (29, 54, 193);
INSERT INTO chefs_recipes_episode (episode_id, recipe_id, chef_id) VALUES (29, 40, 80);
INSERT INTO chefs_recipes_episode (episode_id, recipe_id, chef_id) VALUES (29, 42, 180);
INSERT INTO is_judge (judge_id, episode_id) VALUES (12, 29);
INSERT INTO is_judge (judge_id, episode_id) VALUES (130, 29);
INSERT INTO is_judge (judge_id, episode_id) VALUES (11, 29);
INSERT INTO rates (episode_id,judge_id,contestant_id,score) VALUES (29, 12, 73, 1);
INSERT INTO rates (episode_id,judge_id,contestant_id,score) VALUES (29, 130, 73, 3);
INSERT INTO rates (episode_id,judge_id,contestant_id,score) VALUES (29, 11, 73, -1);
INSERT INTO rates (episode_id,judge_id,contestant_id,score) VALUES (29, 12, 156, 8);
INSERT INTO rates (episode_id,judge_id,contestant_id,score) VALUES (29, 130, 156, 10);
INSERT INTO rates (episode_id,judge_id,contestant_id,score) VALUES (29, 11, 156, 6);
INSERT INTO rates (episode_id,judge_id,contestant_id,score) VALUES (29, 12, 134, 4);
INSERT INTO rates (episode_id,judge_id,contestant_id,score) VALUES (29, 130, 134, 7);
INSERT INTO rates (episode_id,judge_id,contestant_id,score) VALUES (29, 11, 134, 2);
INSERT INTO rates (episode_id,judge_id,contestant_id,score) VALUES (29, 12, 30, 7);
INSERT INTO rates (episode_id,judge_id,contestant_id,score) VALUES (29, 130, 30, 8);
INSERT INTO rates (episode_id,judge_id,contestant_id,score) VALUES (29, 11, 30, 5);
INSERT INTO rates (episode_id,judge_id,contestant_id,score) VALUES (29, 12, 193, 5);
INSERT INTO rates (episode_id,judge_id,contestant_id,score) VALUES (29, 130, 193, 6);
INSERT INTO rates (episode_id,judge_id,contestant_id,score) VALUES (29, 11, 193, 3);
INSERT INTO rates (episode_id,judge_id,contestant_id,score) VALUES (29, 12, 37, 9);
INSERT INTO rates (episode_id,judge_id,contestant_id,score) VALUES (29, 130, 37, 10);
INSERT INTO rates (episode_id,judge_id,contestant_id,score) VALUES (29, 11, 37, 8);
INSERT INTO rates (episode_id,judge_id,contestant_id,score) VALUES (29, 12, 14, 7);
INSERT INTO rates (episode_id,judge_id,contestant_id,score) VALUES (29, 130, 14, 10);
INSERT INTO rates (episode_id,judge_id,contestant_id,score) VALUES (29, 11, 14, 6);
INSERT INTO rates (episode_id,judge_id,contestant_id,score) VALUES (29, 12, 80, 10);
INSERT INTO rates (episode_id,judge_id,contestant_id,score) VALUES (29, 130, 80, 10);
INSERT INTO rates (episode_id,judge_id,contestant_id,score) VALUES (29, 11, 80, 9);
INSERT INTO rates (episode_id,judge_id,contestant_id,score) VALUES (29, 12, 143, 1);
INSERT INTO rates (episode_id,judge_id,contestant_id,score) VALUES (29, 130, 143, 4);
INSERT INTO rates (episode_id,judge_id,contestant_id,score) VALUES (29, 11, 143, -1);
INSERT INTO rates (episode_id,judge_id,contestant_id,score) VALUES (29, 12, 180, 5);
INSERT INTO rates (episode_id,judge_id,contestant_id,score) VALUES (29, 130, 180, 8);
INSERT INTO rates (episode_id,judge_id,contestant_id,score) VALUES (29, 11, 180, 2);

INSERT INTO Episodes (episode_number, year_played) VALUES (10, 2020);
INSERT INTO chefs_recipes_episode (episode_id, recipe_id, chef_id) VALUES (30, 35, 134);
INSERT INTO chefs_recipes_episode (episode_id, recipe_id, chef_id) VALUES (30, 46, 109);
INSERT INTO chefs_recipes_episode (episode_id, recipe_id, chef_id) VALUES (30, 40, 175);
INSERT INTO chefs_recipes_episode (episode_id, recipe_id, chef_id) VALUES (30, 49, 86);
INSERT INTO chefs_recipes_episode (episode_id, recipe_id, chef_id) VALUES (30, 48, 161);
INSERT INTO chefs_recipes_episode (episode_id, recipe_id, chef_id) VALUES (30, 26, 121);
INSERT INTO chefs_recipes_episode (episode_id, recipe_id, chef_id) VALUES (30, 39, 146);
INSERT INTO chefs_recipes_episode (episode_id, recipe_id, chef_id) VALUES (30, 36, 176);
INSERT INTO is_judge (judge_id, episode_id) VALUES (107, 30);
INSERT INTO is_judge (judge_id, episode_id) VALUES (2, 30);
INSERT INTO is_judge (judge_id, episode_id) VALUES (137, 30);
INSERT INTO rates (episode_id,judge_id,contestant_id,score) VALUES (30, 107, 134, 10);
INSERT INTO rates (episode_id,judge_id,contestant_id,score) VALUES (30, 2, 134, 10);
INSERT INTO rates (episode_id,judge_id,contestant_id,score) VALUES (30, 137, 134, 8);
INSERT INTO rates (episode_id,judge_id,contestant_id,score) VALUES (30, 107, 109, 5);
INSERT INTO rates (episode_id,judge_id,contestant_id,score) VALUES (30, 2, 109, 8);
INSERT INTO rates (episode_id,judge_id,contestant_id,score) VALUES (30, 137, 109, 2);
INSERT INTO rates (episode_id,judge_id,contestant_id,score) VALUES (30, 107, 175, 1);
INSERT INTO rates (episode_id,judge_id,contestant_id,score) VALUES (30, 2, 175, 3);
INSERT INTO rates (episode_id,judge_id,contestant_id,score) VALUES (30, 137, 175, -1);
INSERT INTO rates (episode_id,judge_id,contestant_id,score) VALUES (30, 107, 9, 8);
INSERT INTO rates (episode_id,judge_id,contestant_id,score) VALUES (30, 2, 9, 9);
INSERT INTO rates (episode_id,judge_id,contestant_id,score) VALUES (30, 137, 9, 5);
INSERT INTO rates (episode_id,judge_id,contestant_id,score) VALUES (30, 107, 86, 5);
INSERT INTO rates (episode_id,judge_id,contestant_id,score) VALUES (30, 2, 86, 8);
INSERT INTO rates (episode_id,judge_id,contestant_id,score) VALUES (30, 137, 86, 4);
INSERT INTO rates (episode_id,judge_id,contestant_id,score) VALUES (30, 107, 136, 6);
INSERT INTO rates (episode_id,judge_id,contestant_id,score) VALUES (30, 2, 136, 9);
INSERT INTO rates (episode_id,judge_id,contestant_id,score) VALUES (30, 137, 136, 3);
INSERT INTO rates (episode_id,judge_id,contestant_id,score) VALUES (30, 107, 161, 8);
INSERT INTO rates (episode_id,judge_id,contestant_id,score) VALUES (30, 2, 161, 10);
INSERT INTO rates (episode_id,judge_id,contestant_id,score) VALUES (30, 137, 161, 5);
INSERT INTO rates (episode_id,judge_id,contestant_id,score) VALUES (30, 107, 121, 5);
INSERT INTO rates (episode_id,judge_id,contestant_id,score) VALUES (30, 2, 121, 8);
INSERT INTO rates (episode_id,judge_id,contestant_id,score) VALUES (30, 137, 121, 4);
INSERT INTO rates (episode_id,judge_id,contestant_id,score) VALUES (30, 107, 146, 8);
INSERT INTO rates (episode_id,judge_id,contestant_id,score) VALUES (30, 2, 146, 10);
INSERT INTO rates (episode_id,judge_id,contestant_id,score) VALUES (30, 137, 146, 5);
INSERT INTO rates (episode_id,judge_id,contestant_id,score) VALUES (30, 107, 176, 6);
INSERT INTO rates (episode_id,judge_id,contestant_id,score) VALUES (30, 2, 176, 8);
INSERT INTO rates (episode_id,judge_id,contestant_id,score) VALUES (30, 137, 176, 3);

INSERT INTO Episodes (episode_number, year_played) VALUES (1, 2021);
INSERT INTO chefs_recipes_episode (episode_id, recipe_id, chef_id) VALUES (31, 47, 132);
INSERT INTO chefs_recipes_episode (episode_id, recipe_id, chef_id) VALUES (31, 40, 144);
INSERT INTO chefs_recipes_episode (episode_id, recipe_id, chef_id) VALUES (31, 25, 127);
INSERT INTO chefs_recipes_episode (episode_id, recipe_id, chef_id) VALUES (31, 43, 140);
INSERT INTO chefs_recipes_episode (episode_id, recipe_id, chef_id) VALUES (31, 50, 184);
INSERT INTO chefs_recipes_episode (episode_id, recipe_id, chef_id) VALUES (31, 39, 31);
INSERT INTO is_judge (judge_id, episode_id) VALUES (129, 31);
INSERT INTO is_judge (judge_id, episode_id) VALUES (96, 31);
INSERT INTO is_judge (judge_id, episode_id) VALUES (16, 31);
INSERT INTO rates (episode_id,judge_id,contestant_id,score) VALUES (31, 129, 132, 9);
INSERT INTO rates (episode_id,judge_id,contestant_id,score) VALUES (31, 96, 132, 10);
INSERT INTO rates (episode_id,judge_id,contestant_id,score) VALUES (31, 16, 132, 8);
INSERT INTO rates (episode_id,judge_id,contestant_id,score) VALUES (31, 129, 144, 10);
INSERT INTO rates (episode_id,judge_id,contestant_id,score) VALUES (31, 96, 144, 10);
INSERT INTO rates (episode_id,judge_id,contestant_id,score) VALUES (31, 16, 144, 7);
INSERT INTO rates (episode_id,judge_id,contestant_id,score) VALUES (31, 129, 127, 2);
INSERT INTO rates (episode_id,judge_id,contestant_id,score) VALUES (31, 96, 127, 5);
INSERT INTO rates (episode_id,judge_id,contestant_id,score) VALUES (31, 16, 127, 0);
INSERT INTO rates (episode_id,judge_id,contestant_id,score) VALUES (31, 129, 140, 1);
INSERT INTO rates (episode_id,judge_id,contestant_id,score) VALUES (31, 96, 140, 2);
INSERT INTO rates (episode_id,judge_id,contestant_id,score) VALUES (31, 16, 140, 0);
INSERT INTO rates (episode_id,judge_id,contestant_id,score) VALUES (31, 129, 184, 6);
INSERT INTO rates (episode_id,judge_id,contestant_id,score) VALUES (31, 96, 184, 7);
INSERT INTO rates (episode_id,judge_id,contestant_id,score) VALUES (31, 16, 184, 4);
INSERT INTO rates (episode_id,judge_id,contestant_id,score) VALUES (31, 129, 31, 5);
INSERT INTO rates (episode_id,judge_id,contestant_id,score) VALUES (31, 96, 31, 6);
INSERT INTO rates (episode_id,judge_id,contestant_id,score) VALUES (31, 16, 31, 4);
INSERT INTO rates (episode_id,judge_id,contestant_id,score) VALUES (31, 129, 9, 4);
INSERT INTO rates (episode_id,judge_id,contestant_id,score) VALUES (31, 96, 9, 7);
INSERT INTO rates (episode_id,judge_id,contestant_id,score) VALUES (31, 16, 9, 1);
INSERT INTO rates (episode_id,judge_id,contestant_id,score) VALUES (31, 129, 20, 6);
INSERT INTO rates (episode_id,judge_id,contestant_id,score) VALUES (31, 96, 20, 8);
INSERT INTO rates (episode_id,judge_id,contestant_id,score) VALUES (31, 16, 20, 3);
INSERT INTO rates (episode_id,judge_id,contestant_id,score) VALUES (31, 129, 159, 1);
INSERT INTO rates (episode_id,judge_id,contestant_id,score) VALUES (31, 96, 159, 4);
INSERT INTO rates (episode_id,judge_id,contestant_id,score) VALUES (31, 16, 159, -1);
INSERT INTO rates (episode_id,judge_id,contestant_id,score) VALUES (31, 129, 196, 8);
INSERT INTO rates (episode_id,judge_id,contestant_id,score) VALUES (31, 96, 196, 10);
INSERT INTO rates (episode_id,judge_id,contestant_id,score) VALUES (31, 16, 196, 7);

INSERT INTO Episodes (episode_number, year_played) VALUES (2, 2021);
INSERT INTO chefs_recipes_episode (episode_id, recipe_id, chef_id) VALUES (32, 36, 161);
INSERT INTO chefs_recipes_episode (episode_id, recipe_id, chef_id) VALUES (32, 49, 9);
INSERT INTO chefs_recipes_episode (episode_id, recipe_id, chef_id) VALUES (32, 23, 133);
INSERT INTO chefs_recipes_episode (episode_id, recipe_id, chef_id) VALUES (32, 43, 49);
INSERT INTO chefs_recipes_episode (episode_id, recipe_id, chef_id) VALUES (32, 37, 107);
INSERT INTO chefs_recipes_episode (episode_id, recipe_id, chef_id) VALUES (32, 50, 142);
INSERT INTO chefs_recipes_episode (episode_id, recipe_id, chef_id) VALUES (32, 26, 86);
INSERT INTO is_judge (judge_id, episode_id) VALUES (108, 32);
INSERT INTO is_judge (judge_id, episode_id) VALUES (147, 32);
INSERT INTO is_judge (judge_id, episode_id) VALUES (187, 32);
INSERT INTO rates (episode_id,judge_id,contestant_id,score) VALUES (32, 108, 161, 4);
INSERT INTO rates (episode_id,judge_id,contestant_id,score) VALUES (32, 147, 161, 7);
INSERT INTO rates (episode_id,judge_id,contestant_id,score) VALUES (32, 187, 161, 3);
INSERT INTO rates (episode_id,judge_id,contestant_id,score) VALUES (32, 108, 9, 10);
INSERT INTO rates (episode_id,judge_id,contestant_id,score) VALUES (32, 147, 9, 10);
INSERT INTO rates (episode_id,judge_id,contestant_id,score) VALUES (32, 187, 9, 9);
INSERT INTO rates (episode_id,judge_id,contestant_id,score) VALUES (32, 108, 133, 8);
INSERT INTO rates (episode_id,judge_id,contestant_id,score) VALUES (32, 147, 133, 9);
INSERT INTO rates (episode_id,judge_id,contestant_id,score) VALUES (32, 187, 133, 6);
INSERT INTO rates (episode_id,judge_id,contestant_id,score) VALUES (32, 108, 49, 7);
INSERT INTO rates (episode_id,judge_id,contestant_id,score) VALUES (32, 147, 49, 10);
INSERT INTO rates (episode_id,judge_id,contestant_id,score) VALUES (32, 187, 49, 6);
INSERT INTO rates (episode_id,judge_id,contestant_id,score) VALUES (32, 108, 196, 1);
INSERT INTO rates (episode_id,judge_id,contestant_id,score) VALUES (32, 147, 196, 2);
INSERT INTO rates (episode_id,judge_id,contestant_id,score) VALUES (32, 187, 196, 0);
INSERT INTO rates (episode_id,judge_id,contestant_id,score) VALUES (32, 108, 143, 5);
INSERT INTO rates (episode_id,judge_id,contestant_id,score) VALUES (32, 147, 143, 8);
INSERT INTO rates (episode_id,judge_id,contestant_id,score) VALUES (32, 187, 143, 2);
INSERT INTO rates (episode_id,judge_id,contestant_id,score) VALUES (32, 108, 107, 10);
INSERT INTO rates (episode_id,judge_id,contestant_id,score) VALUES (32, 147, 107, 10);
INSERT INTO rates (episode_id,judge_id,contestant_id,score) VALUES (32, 187, 107, 7);
INSERT INTO rates (episode_id,judge_id,contestant_id,score) VALUES (32, 108, 142, 5);
INSERT INTO rates (episode_id,judge_id,contestant_id,score) VALUES (32, 147, 142, 8);
INSERT INTO rates (episode_id,judge_id,contestant_id,score) VALUES (32, 187, 142, 2);
INSERT INTO rates (episode_id,judge_id,contestant_id,score) VALUES (32, 108, 175, 6);
INSERT INTO rates (episode_id,judge_id,contestant_id,score) VALUES (32, 147, 175, 9);
INSERT INTO rates (episode_id,judge_id,contestant_id,score) VALUES (32, 187, 175, 4);
INSERT INTO rates (episode_id,judge_id,contestant_id,score) VALUES (32, 108, 86, 10);
INSERT INTO rates (episode_id,judge_id,contestant_id,score) VALUES (32, 147, 86, 10);
INSERT INTO rates (episode_id,judge_id,contestant_id,score) VALUES (32, 187, 86, 9);

INSERT INTO Episodes (episode_number, year_played) VALUES (3, 2021);
INSERT INTO chefs_recipes_episode (episode_id, recipe_id, chef_id) VALUES (33, 9, 18);
INSERT INTO chefs_recipes_episode (episode_id, recipe_id, chef_id) VALUES (33, 49, 174);
INSERT INTO chefs_recipes_episode (episode_id, recipe_id, chef_id) VALUES (33, 41, 88);
INSERT INTO chefs_recipes_episode (episode_id, recipe_id, chef_id) VALUES (33, 46, 137);
INSERT INTO chefs_recipes_episode (episode_id, recipe_id, chef_id) VALUES (33, 45, 14);
INSERT INTO is_judge (judge_id, episode_id) VALUES (79, 33);
INSERT INTO is_judge (judge_id, episode_id) VALUES (87, 33);
INSERT INTO is_judge (judge_id, episode_id) VALUES (117, 33);
INSERT INTO rates (episode_id,judge_id,contestant_id,score) VALUES (33, 79, 18, 8);
INSERT INTO rates (episode_id,judge_id,contestant_id,score) VALUES (33, 87, 18, 10);
INSERT INTO rates (episode_id,judge_id,contestant_id,score) VALUES (33, 117, 18, 7);
INSERT INTO rates (episode_id,judge_id,contestant_id,score) VALUES (33, 79, 181, 2);
INSERT INTO rates (episode_id,judge_id,contestant_id,score) VALUES (33, 87, 181, 3);
INSERT INTO rates (episode_id,judge_id,contestant_id,score) VALUES (33, 117, 181, 0);
INSERT INTO rates (episode_id,judge_id,contestant_id,score) VALUES (33, 79, 174, 4);
INSERT INTO rates (episode_id,judge_id,contestant_id,score) VALUES (33, 87, 174, 5);
INSERT INTO rates (episode_id,judge_id,contestant_id,score) VALUES (33, 117, 174, 1);
INSERT INTO rates (episode_id,judge_id,contestant_id,score) VALUES (33, 79, 88, 8);
INSERT INTO rates (episode_id,judge_id,contestant_id,score) VALUES (33, 87, 88, 10);
INSERT INTO rates (episode_id,judge_id,contestant_id,score) VALUES (33, 117, 88, 5);
INSERT INTO rates (episode_id,judge_id,contestant_id,score) VALUES (33, 79, 143, 7);
INSERT INTO rates (episode_id,judge_id,contestant_id,score) VALUES (33, 87, 143, 8);
INSERT INTO rates (episode_id,judge_id,contestant_id,score) VALUES (33, 117, 143, 6);
INSERT INTO rates (episode_id,judge_id,contestant_id,score) VALUES (33, 79, 137, 9);
INSERT INTO rates (episode_id,judge_id,contestant_id,score) VALUES (33, 87, 137, 10);
INSERT INTO rates (episode_id,judge_id,contestant_id,score) VALUES (33, 117, 137, 6);
INSERT INTO rates (episode_id,judge_id,contestant_id,score) VALUES (33, 79, 14, 6);
INSERT INTO rates (episode_id,judge_id,contestant_id,score) VALUES (33, 87, 14, 7);
INSERT INTO rates (episode_id,judge_id,contestant_id,score) VALUES (33, 117, 14, 4);
INSERT INTO rates (episode_id,judge_id,contestant_id,score) VALUES (33, 79, 28, 8);
INSERT INTO rates (episode_id,judge_id,contestant_id,score) VALUES (33, 87, 28, 10);
INSERT INTO rates (episode_id,judge_id,contestant_id,score) VALUES (33, 117, 28, 6);
INSERT INTO rates (episode_id,judge_id,contestant_id,score) VALUES (33, 79, 85, 1);
INSERT INTO rates (episode_id,judge_id,contestant_id,score) VALUES (33, 87, 85, 2);
INSERT INTO rates (episode_id,judge_id,contestant_id,score) VALUES (33, 117, 85, -1);
INSERT INTO rates (episode_id,judge_id,contestant_id,score) VALUES (33, 79, 78, 6);
INSERT INTO rates (episode_id,judge_id,contestant_id,score) VALUES (33, 87, 78, 9);
INSERT INTO rates (episode_id,judge_id,contestant_id,score) VALUES (33, 117, 78, 4);

INSERT INTO Episodes (episode_number, year_played) VALUES (4, 2021);
INSERT INTO chefs_recipes_episode (episode_id, recipe_id, chef_id) VALUES (34, 47, 178);
INSERT INTO chefs_recipes_episode (episode_id, recipe_id, chef_id) VALUES (34, 36, 138);
INSERT INTO chefs_recipes_episode (episode_id, recipe_id, chef_id) VALUES (34, 51, 1);
INSERT INTO chefs_recipes_episode (episode_id, recipe_id, chef_id) VALUES (34, 46, 191);
INSERT INTO chefs_recipes_episode (episode_id, recipe_id, chef_id) VALUES (34, 23, 97);
INSERT INTO chefs_recipes_episode (episode_id, recipe_id, chef_id) VALUES (34, 38, 42);
INSERT INTO chefs_recipes_episode (episode_id, recipe_id, chef_id) VALUES (34, 37, 66);
INSERT INTO is_judge (judge_id, episode_id) VALUES (111, 34);
INSERT INTO is_judge (judge_id, episode_id) VALUES (162, 34);
INSERT INTO is_judge (judge_id, episode_id) VALUES (64, 34);
INSERT INTO rates (episode_id,judge_id,contestant_id,score) VALUES (34, 111, 178, 7);
INSERT INTO rates (episode_id,judge_id,contestant_id,score) VALUES (34, 162, 178, 8);
INSERT INTO rates (episode_id,judge_id,contestant_id,score) VALUES (34, 64, 178, 4);
INSERT INTO rates (episode_id,judge_id,contestant_id,score) VALUES (34, 111, 53, 1);
INSERT INTO rates (episode_id,judge_id,contestant_id,score) VALUES (34, 162, 53, 2);
INSERT INTO rates (episode_id,judge_id,contestant_id,score) VALUES (34, 64, 53, -1);
INSERT INTO rates (episode_id,judge_id,contestant_id,score) VALUES (34, 111, 138, 9);
INSERT INTO rates (episode_id,judge_id,contestant_id,score) VALUES (34, 162, 138, 10);
INSERT INTO rates (episode_id,judge_id,contestant_id,score) VALUES (34, 64, 138, 6);
INSERT INTO rates (episode_id,judge_id,contestant_id,score) VALUES (34, 111, 1, 1);
INSERT INTO rates (episode_id,judge_id,contestant_id,score) VALUES (34, 162, 1, 4);
INSERT INTO rates (episode_id,judge_id,contestant_id,score) VALUES (34, 64, 1, 0);
INSERT INTO rates (episode_id,judge_id,contestant_id,score) VALUES (34, 111, 191, 8);
INSERT INTO rates (episode_id,judge_id,contestant_id,score) VALUES (34, 162, 191, 10);
INSERT INTO rates (episode_id,judge_id,contestant_id,score) VALUES (34, 64, 191, 6);
INSERT INTO rates (episode_id,judge_id,contestant_id,score) VALUES (34, 111, 35, 2);
INSERT INTO rates (episode_id,judge_id,contestant_id,score) VALUES (34, 162, 35, 5);
INSERT INTO rates (episode_id,judge_id,contestant_id,score) VALUES (34, 64, 35, 0);
INSERT INTO rates (episode_id,judge_id,contestant_id,score) VALUES (34, 111, 97, 7);
INSERT INTO rates (episode_id,judge_id,contestant_id,score) VALUES (34, 162, 97, 8);
INSERT INTO rates (episode_id,judge_id,contestant_id,score) VALUES (34, 64, 97, 4);
INSERT INTO rates (episode_id,judge_id,contestant_id,score) VALUES (34, 111, 42, 1);
INSERT INTO rates (episode_id,judge_id,contestant_id,score) VALUES (34, 162, 42, 4);
INSERT INTO rates (episode_id,judge_id,contestant_id,score) VALUES (34, 64, 42, -2);
INSERT INTO rates (episode_id,judge_id,contestant_id,score) VALUES (34, 111, 30, 4);
INSERT INTO rates (episode_id,judge_id,contestant_id,score) VALUES (34, 162, 30, 5);
INSERT INTO rates (episode_id,judge_id,contestant_id,score) VALUES (34, 64, 30, 1);
INSERT INTO rates (episode_id,judge_id,contestant_id,score) VALUES (34, 111, 66, 2);
INSERT INTO rates (episode_id,judge_id,contestant_id,score) VALUES (34, 162, 66, 4);
INSERT INTO rates (episode_id,judge_id,contestant_id,score) VALUES (34, 64, 66, 0);

INSERT INTO Episodes (episode_number, year_played) VALUES (5, 2021);
INSERT INTO chefs_recipes_episode (episode_id, recipe_id, chef_id) VALUES (35, 46, 30);
INSERT INTO chefs_recipes_episode (episode_id, recipe_id, chef_id) VALUES (35, 23, 183);
INSERT INTO chefs_recipes_episode (episode_id, recipe_id, chef_id) VALUES (35, 37, 36);
INSERT INTO chefs_recipes_episode (episode_id, recipe_id, chef_id) VALUES (35, 44, 34);
INSERT INTO chefs_recipes_episode (episode_id, recipe_id, chef_id) VALUES (35, 52, 84);
INSERT INTO chefs_recipes_episode (episode_id, recipe_id, chef_id) VALUES (35, 45, 9);
INSERT INTO chefs_recipes_episode (episode_id, recipe_id, chef_id) VALUES (35, 51, 88);
INSERT INTO is_judge (judge_id, episode_id) VALUES (172, 35);
INSERT INTO is_judge (judge_id, episode_id) VALUES (171, 35);
INSERT INTO is_judge (judge_id, episode_id) VALUES (126, 35);
INSERT INTO rates (episode_id,judge_id,contestant_id,score) VALUES (35, 172, 30, 4);
INSERT INTO rates (episode_id,judge_id,contestant_id,score) VALUES (35, 171, 30, 5);
INSERT INTO rates (episode_id,judge_id,contestant_id,score) VALUES (35, 126, 30, 3);
INSERT INTO rates (episode_id,judge_id,contestant_id,score) VALUES (35, 172, 183, 10);
INSERT INTO rates (episode_id,judge_id,contestant_id,score) VALUES (35, 171, 183, 10);
INSERT INTO rates (episode_id,judge_id,contestant_id,score) VALUES (35, 126, 183, 9);
INSERT INTO rates (episode_id,judge_id,contestant_id,score) VALUES (35, 172, 182, 4);
INSERT INTO rates (episode_id,judge_id,contestant_id,score) VALUES (35, 171, 182, 7);
INSERT INTO rates (episode_id,judge_id,contestant_id,score) VALUES (35, 126, 182, 3);
INSERT INTO rates (episode_id,judge_id,contestant_id,score) VALUES (35, 172, 36, 6);
INSERT INTO rates (episode_id,judge_id,contestant_id,score) VALUES (35, 171, 36, 7);
INSERT INTO rates (episode_id,judge_id,contestant_id,score) VALUES (35, 126, 36, 4);
INSERT INTO rates (episode_id,judge_id,contestant_id,score) VALUES (35, 172, 34, 5);
INSERT INTO rates (episode_id,judge_id,contestant_id,score) VALUES (35, 171, 34, 6);
INSERT INTO rates (episode_id,judge_id,contestant_id,score) VALUES (35, 126, 34, 2);
INSERT INTO rates (episode_id,judge_id,contestant_id,score) VALUES (35, 172, 84, 7);
INSERT INTO rates (episode_id,judge_id,contestant_id,score) VALUES (35, 171, 84, 9);
INSERT INTO rates (episode_id,judge_id,contestant_id,score) VALUES (35, 126, 84, 5);
INSERT INTO rates (episode_id,judge_id,contestant_id,score) VALUES (35, 172, 78, 5);
INSERT INTO rates (episode_id,judge_id,contestant_id,score) VALUES (35, 171, 78, 6);
INSERT INTO rates (episode_id,judge_id,contestant_id,score) VALUES (35, 126, 78, 3);
INSERT INTO rates (episode_id,judge_id,contestant_id,score) VALUES (35, 172, 9, 7);
INSERT INTO rates (episode_id,judge_id,contestant_id,score) VALUES (35, 171, 9, 8);
INSERT INTO rates (episode_id,judge_id,contestant_id,score) VALUES (35, 126, 9, 6);
INSERT INTO rates (episode_id,judge_id,contestant_id,score) VALUES (35, 172, 136, 2);
INSERT INTO rates (episode_id,judge_id,contestant_id,score) VALUES (35, 171, 136, 4);
INSERT INTO rates (episode_id,judge_id,contestant_id,score) VALUES (35, 126, 136, 0);
INSERT INTO rates (episode_id,judge_id,contestant_id,score) VALUES (35, 172, 88, 6);
INSERT INTO rates (episode_id,judge_id,contestant_id,score) VALUES (35, 171, 88, 9);
INSERT INTO rates (episode_id,judge_id,contestant_id,score) VALUES (35, 126, 88, 5);

INSERT INTO Episodes (episode_number, year_played) VALUES (6, 2021);
INSERT INTO chefs_recipes_episode (episode_id, recipe_id, chef_id) VALUES (36, 23, 146);
INSERT INTO chefs_recipes_episode (episode_id, recipe_id, chef_id) VALUES (36, 53, 160);
INSERT INTO chefs_recipes_episode (episode_id, recipe_id, chef_id) VALUES (36, 49, 39);
INSERT INTO chefs_recipes_episode (episode_id, recipe_id, chef_id) VALUES (36, 48, 52);
INSERT INTO chefs_recipes_episode (episode_id, recipe_id, chef_id) VALUES (36, 54, 5);
INSERT INTO chefs_recipes_episode (episode_id, recipe_id, chef_id) VALUES (36, 35, 76);
INSERT INTO chefs_recipes_episode (episode_id, recipe_id, chef_id) VALUES (36, 42, 193);
INSERT INTO chefs_recipes_episode (episode_id, recipe_id, chef_id) VALUES (36, 33, 180);
INSERT INTO chefs_recipes_episode (episode_id, recipe_id, chef_id) VALUES (36, 43, 194);
INSERT INTO is_judge (judge_id, episode_id) VALUES (69, 36);
INSERT INTO is_judge (judge_id, episode_id) VALUES (178, 36);
INSERT INTO is_judge (judge_id, episode_id) VALUES (98, 36);
INSERT INTO rates (episode_id,judge_id,contestant_id,score) VALUES (36, 69, 146, 3);
INSERT INTO rates (episode_id,judge_id,contestant_id,score) VALUES (36, 178, 146, 5);
INSERT INTO rates (episode_id,judge_id,contestant_id,score) VALUES (36, 98, 146, 1);
INSERT INTO rates (episode_id,judge_id,contestant_id,score) VALUES (36, 69, 160, 7);
INSERT INTO rates (episode_id,judge_id,contestant_id,score) VALUES (36, 178, 160, 8);
INSERT INTO rates (episode_id,judge_id,contestant_id,score) VALUES (36, 98, 160, 4);
INSERT INTO rates (episode_id,judge_id,contestant_id,score) VALUES (36, 69, 39, 5);
INSERT INTO rates (episode_id,judge_id,contestant_id,score) VALUES (36, 178, 39, 7);
INSERT INTO rates (episode_id,judge_id,contestant_id,score) VALUES (36, 98, 39, 2);
INSERT INTO rates (episode_id,judge_id,contestant_id,score) VALUES (36, 69, 113, 1);
INSERT INTO rates (episode_id,judge_id,contestant_id,score) VALUES (36, 178, 113, 2);
INSERT INTO rates (episode_id,judge_id,contestant_id,score) VALUES (36, 98, 113, -1);
INSERT INTO rates (episode_id,judge_id,contestant_id,score) VALUES (36, 69, 52, 7);
INSERT INTO rates (episode_id,judge_id,contestant_id,score) VALUES (36, 178, 52, 8);
INSERT INTO rates (episode_id,judge_id,contestant_id,score) VALUES (36, 98, 52, 4);
INSERT INTO rates (episode_id,judge_id,contestant_id,score) VALUES (36, 69, 5, 9);
INSERT INTO rates (episode_id,judge_id,contestant_id,score) VALUES (36, 178, 5, 10);
INSERT INTO rates (episode_id,judge_id,contestant_id,score) VALUES (36, 98, 5, 8);
INSERT INTO rates (episode_id,judge_id,contestant_id,score) VALUES (36, 69, 76, 1);
INSERT INTO rates (episode_id,judge_id,contestant_id,score) VALUES (36, 178, 76, 4);
INSERT INTO rates (episode_id,judge_id,contestant_id,score) VALUES (36, 98, 76, -1);
INSERT INTO rates (episode_id,judge_id,contestant_id,score) VALUES (36, 69, 193, 5);
INSERT INTO rates (episode_id,judge_id,contestant_id,score) VALUES (36, 178, 193, 7);
INSERT INTO rates (episode_id,judge_id,contestant_id,score) VALUES (36, 98, 193, 2);
INSERT INTO rates (episode_id,judge_id,contestant_id,score) VALUES (36, 69, 180, 7);
INSERT INTO rates (episode_id,judge_id,contestant_id,score) VALUES (36, 178, 180, 9);
INSERT INTO rates (episode_id,judge_id,contestant_id,score) VALUES (36, 98, 180, 6);
INSERT INTO rates (episode_id,judge_id,contestant_id,score) VALUES (36, 69, 194, 5);
INSERT INTO rates (episode_id,judge_id,contestant_id,score) VALUES (36, 178, 194, 6);
INSERT INTO rates (episode_id,judge_id,contestant_id,score) VALUES (36, 98, 194, 4);

INSERT INTO Episodes (episode_number, year_played) VALUES (7, 2021);
INSERT INTO chefs_recipes_episode (episode_id, recipe_id, chef_id) VALUES (37, 38, 119);
INSERT INTO chefs_recipes_episode (episode_id, recipe_id, chef_id) VALUES (37, 49, 174);
INSERT INTO chefs_recipes_episode (episode_id, recipe_id, chef_id) VALUES (37, 44, 78);
INSERT INTO chefs_recipes_episode (episode_id, recipe_id, chef_id) VALUES (37, 39, 146);
INSERT INTO chefs_recipes_episode (episode_id, recipe_id, chef_id) VALUES (37, 45, 113);
INSERT INTO chefs_recipes_episode (episode_id, recipe_id, chef_id) VALUES (37, 52, 162);
INSERT INTO chefs_recipes_episode (episode_id, recipe_id, chef_id) VALUES (37, 37, 111);
INSERT INTO is_judge (judge_id, episode_id) VALUES (133, 37);
INSERT INTO is_judge (judge_id, episode_id) VALUES (144, 37);
INSERT INTO is_judge (judge_id, episode_id) VALUES (197, 37);
INSERT INTO rates (episode_id,judge_id,contestant_id,score) VALUES (37, 133, 119, 1);
INSERT INTO rates (episode_id,judge_id,contestant_id,score) VALUES (37, 144, 119, 3);
INSERT INTO rates (episode_id,judge_id,contestant_id,score) VALUES (37, 197, 119, -1);
INSERT INTO rates (episode_id,judge_id,contestant_id,score) VALUES (37, 133, 174, 5);
INSERT INTO rates (episode_id,judge_id,contestant_id,score) VALUES (37, 144, 174, 6);
INSERT INTO rates (episode_id,judge_id,contestant_id,score) VALUES (37, 197, 174, 3);
INSERT INTO rates (episode_id,judge_id,contestant_id,score) VALUES (37, 133, 78, 5);
INSERT INTO rates (episode_id,judge_id,contestant_id,score) VALUES (37, 144, 78, 8);
INSERT INTO rates (episode_id,judge_id,contestant_id,score) VALUES (37, 197, 78, 3);
INSERT INTO rates (episode_id,judge_id,contestant_id,score) VALUES (37, 133, 20, 5);
INSERT INTO rates (episode_id,judge_id,contestant_id,score) VALUES (37, 144, 20, 7);
INSERT INTO rates (episode_id,judge_id,contestant_id,score) VALUES (37, 197, 20, 4);
INSERT INTO rates (episode_id,judge_id,contestant_id,score) VALUES (37, 133, 188, 3);
INSERT INTO rates (episode_id,judge_id,contestant_id,score) VALUES (37, 144, 188, 6);
INSERT INTO rates (episode_id,judge_id,contestant_id,score) VALUES (37, 197, 188, 2);
INSERT INTO rates (episode_id,judge_id,contestant_id,score) VALUES (37, 133, 146, 9);
INSERT INTO rates (episode_id,judge_id,contestant_id,score) VALUES (37, 144, 146, 10);
INSERT INTO rates (episode_id,judge_id,contestant_id,score) VALUES (37, 197, 146, 7);
INSERT INTO rates (episode_id,judge_id,contestant_id,score) VALUES (37, 133, 113, 8);
INSERT INTO rates (episode_id,judge_id,contestant_id,score) VALUES (37, 144, 113, 9);
INSERT INTO rates (episode_id,judge_id,contestant_id,score) VALUES (37, 197, 113, 5);
INSERT INTO rates (episode_id,judge_id,contestant_id,score) VALUES (37, 133, 162, 2);
INSERT INTO rates (episode_id,judge_id,contestant_id,score) VALUES (37, 144, 162, 4);
INSERT INTO rates (episode_id,judge_id,contestant_id,score) VALUES (37, 197, 162, -1);
INSERT INTO rates (episode_id,judge_id,contestant_id,score) VALUES (37, 133, 16, 10);
INSERT INTO rates (episode_id,judge_id,contestant_id,score) VALUES (37, 144, 16, 10);
INSERT INTO rates (episode_id,judge_id,contestant_id,score) VALUES (37, 197, 16, 8);
INSERT INTO rates (episode_id,judge_id,contestant_id,score) VALUES (37, 133, 111, 5);
INSERT INTO rates (episode_id,judge_id,contestant_id,score) VALUES (37, 144, 111, 7);
INSERT INTO rates (episode_id,judge_id,contestant_id,score) VALUES (37, 197, 111, 3);

INSERT INTO Episodes (episode_number, year_played) VALUES (8, 2021);
INSERT INTO chefs_recipes_episode (episode_id, recipe_id, chef_id) VALUES (38, 48, 31);
INSERT INTO chefs_recipes_episode (episode_id, recipe_id, chef_id) VALUES (38, 49, 116);
INSERT INTO chefs_recipes_episode (episode_id, recipe_id, chef_id) VALUES (38, 47, 178);
INSERT INTO chefs_recipes_episode (episode_id, recipe_id, chef_id) VALUES (38, 38, 102);
INSERT INTO chefs_recipes_episode (episode_id, recipe_id, chef_id) VALUES (38, 25, 187);
INSERT INTO chefs_recipes_episode (episode_id, recipe_id, chef_id) VALUES (38, 41, 0);
INSERT INTO is_judge (judge_id, episode_id) VALUES (155, 38);
INSERT INTO is_judge (judge_id, episode_id) VALUES (138, 38);
INSERT INTO is_judge (judge_id, episode_id) VALUES (145, 38);
INSERT INTO rates (episode_id,judge_id,contestant_id,score) VALUES (38, 155, 1, 7);
INSERT INTO rates (episode_id,judge_id,contestant_id,score) VALUES (38, 138, 1, 8);
INSERT INTO rates (episode_id,judge_id,contestant_id,score) VALUES (38, 145, 1, 4);
INSERT INTO rates (episode_id,judge_id,contestant_id,score) VALUES (38, 155, 48, 8);
INSERT INTO rates (episode_id,judge_id,contestant_id,score) VALUES (38, 138, 48, 10);
INSERT INTO rates (episode_id,judge_id,contestant_id,score) VALUES (38, 145, 48, 6);
INSERT INTO rates (episode_id,judge_id,contestant_id,score) VALUES (38, 155, 31, 7);
INSERT INTO rates (episode_id,judge_id,contestant_id,score) VALUES (38, 138, 31, 10);
INSERT INTO rates (episode_id,judge_id,contestant_id,score) VALUES (38, 145, 31, 6);
INSERT INTO rates (episode_id,judge_id,contestant_id,score) VALUES (38, 155, 116, 10);
INSERT INTO rates (episode_id,judge_id,contestant_id,score) VALUES (38, 138, 116, 10);
INSERT INTO rates (episode_id,judge_id,contestant_id,score) VALUES (38, 145, 116, 7);
INSERT INTO rates (episode_id,judge_id,contestant_id,score) VALUES (38, 155, 178, 10);
INSERT INTO rates (episode_id,judge_id,contestant_id,score) VALUES (38, 138, 178, 10);
INSERT INTO rates (episode_id,judge_id,contestant_id,score) VALUES (38, 145, 178, 9);
INSERT INTO rates (episode_id,judge_id,contestant_id,score) VALUES (38, 155, 53, 9);
INSERT INTO rates (episode_id,judge_id,contestant_id,score) VALUES (38, 138, 53, 10);
INSERT INTO rates (episode_id,judge_id,contestant_id,score) VALUES (38, 145, 53, 7);
INSERT INTO rates (episode_id,judge_id,contestant_id,score) VALUES (38, 155, 102, 5);
INSERT INTO rates (episode_id,judge_id,contestant_id,score) VALUES (38, 138, 102, 7);
INSERT INTO rates (episode_id,judge_id,contestant_id,score) VALUES (38, 145, 102, 4);
INSERT INTO rates (episode_id,judge_id,contestant_id,score) VALUES (38, 155, 22, 3);
INSERT INTO rates (episode_id,judge_id,contestant_id,score) VALUES (38, 138, 22, 6);
INSERT INTO rates (episode_id,judge_id,contestant_id,score) VALUES (38, 145, 22, 1);
INSERT INTO rates (episode_id,judge_id,contestant_id,score) VALUES (38, 155, 187, 9);
INSERT INTO rates (episode_id,judge_id,contestant_id,score) VALUES (38, 138, 187, 10);
INSERT INTO rates (episode_id,judge_id,contestant_id,score) VALUES (38, 145, 187, 6);
INSERT INTO rates (episode_id,judge_id,contestant_id,score) VALUES (38, 155, 0, 3);
INSERT INTO rates (episode_id,judge_id,contestant_id,score) VALUES (38, 138, 0, 5);
INSERT INTO rates (episode_id,judge_id,contestant_id,score) VALUES (38, 145, 0, 0);

INSERT INTO Episodes (episode_number, year_played) VALUES (9, 2021);
INSERT INTO chefs_recipes_episode (episode_id, recipe_id, chef_id) VALUES (39, 54, 1);
INSERT INTO chefs_recipes_episode (episode_id, recipe_id, chef_id) VALUES (39, 41, 88);
INSERT INTO chefs_recipes_episode (episode_id, recipe_id, chef_id) VALUES (39, 49, 44);
INSERT INTO chefs_recipes_episode (episode_id, recipe_id, chef_id) VALUES (39, 52, 112);
INSERT INTO chefs_recipes_episode (episode_id, recipe_id, chef_id) VALUES (39, 38, 42);
INSERT INTO chefs_recipes_episode (episode_id, recipe_id, chef_id) VALUES (39, 9, 13);
INSERT INTO chefs_recipes_episode (episode_id, recipe_id, chef_id) VALUES (39, 46, 37);
INSERT INTO chefs_recipes_episode (episode_id, recipe_id, chef_id) VALUES (39, 50, 41);
INSERT INTO chefs_recipes_episode (episode_id, recipe_id, chef_id) VALUES (39, 43, 170);
INSERT INTO is_judge (judge_id, episode_id) VALUES (56, 39);
INSERT INTO is_judge (judge_id, episode_id) VALUES (3, 39);
INSERT INTO is_judge (judge_id, episode_id) VALUES (137, 39);
INSERT INTO rates (episode_id,judge_id,contestant_id,score) VALUES (39, 56, 1, 6);
INSERT INTO rates (episode_id,judge_id,contestant_id,score) VALUES (39, 3, 1, 7);
INSERT INTO rates (episode_id,judge_id,contestant_id,score) VALUES (39, 137, 1, 5);
INSERT INTO rates (episode_id,judge_id,contestant_id,score) VALUES (39, 56, 88, 4);
INSERT INTO rates (episode_id,judge_id,contestant_id,score) VALUES (39, 3, 88, 7);
INSERT INTO rates (episode_id,judge_id,contestant_id,score) VALUES (39, 137, 88, 3);
INSERT INTO rates (episode_id,judge_id,contestant_id,score) VALUES (39, 56, 44, 5);
INSERT INTO rates (episode_id,judge_id,contestant_id,score) VALUES (39, 3, 44, 8);
INSERT INTO rates (episode_id,judge_id,contestant_id,score) VALUES (39, 137, 44, 3);
INSERT INTO rates (episode_id,judge_id,contestant_id,score) VALUES (39, 56, 112, 1);
INSERT INTO rates (episode_id,judge_id,contestant_id,score) VALUES (39, 3, 112, 2);
INSERT INTO rates (episode_id,judge_id,contestant_id,score) VALUES (39, 137, 112, -1);
INSERT INTO rates (episode_id,judge_id,contestant_id,score) VALUES (39, 56, 16, 1);
INSERT INTO rates (episode_id,judge_id,contestant_id,score) VALUES (39, 3, 16, 2);
INSERT INTO rates (episode_id,judge_id,contestant_id,score) VALUES (39, 137, 16, -1);
INSERT INTO rates (episode_id,judge_id,contestant_id,score) VALUES (39, 56, 42, 9);
INSERT INTO rates (episode_id,judge_id,contestant_id,score) VALUES (39, 3, 42, 10);
INSERT INTO rates (episode_id,judge_id,contestant_id,score) VALUES (39, 137, 42, 8);
INSERT INTO rates (episode_id,judge_id,contestant_id,score) VALUES (39, 56, 13, 5);
INSERT INTO rates (episode_id,judge_id,contestant_id,score) VALUES (39, 3, 13, 7);
INSERT INTO rates (episode_id,judge_id,contestant_id,score) VALUES (39, 137, 13, 3);
INSERT INTO rates (episode_id,judge_id,contestant_id,score) VALUES (39, 56, 37, 2);
INSERT INTO rates (episode_id,judge_id,contestant_id,score) VALUES (39, 3, 37, 3);
INSERT INTO rates (episode_id,judge_id,contestant_id,score) VALUES (39, 137, 37, -1);
INSERT INTO rates (episode_id,judge_id,contestant_id,score) VALUES (39, 56, 41, 10);
INSERT INTO rates (episode_id,judge_id,contestant_id,score) VALUES (39, 3, 41, 10);
INSERT INTO rates (episode_id,judge_id,contestant_id,score) VALUES (39, 137, 41, 7);
INSERT INTO rates (episode_id,judge_id,contestant_id,score) VALUES (39, 56, 170, 9);
INSERT INTO rates (episode_id,judge_id,contestant_id,score) VALUES (39, 3, 170, 10);
INSERT INTO rates (episode_id,judge_id,contestant_id,score) VALUES (39, 137, 170, 6);

INSERT INTO Episodes (episode_number, year_played) VALUES (10, 2021);
INSERT INTO chefs_recipes_episode (episode_id, recipe_id, chef_id) VALUES (40, 49, 197);
INSERT INTO chefs_recipes_episode (episode_id, recipe_id, chef_id) VALUES (40, 9, 139);
INSERT INTO chefs_recipes_episode (episode_id, recipe_id, chef_id) VALUES (40, 42, 92);
INSERT INTO chefs_recipes_episode (episode_id, recipe_id, chef_id) VALUES (40, 44, 89);
INSERT INTO chefs_recipes_episode (episode_id, recipe_id, chef_id) VALUES (40, 38, 98);
INSERT INTO chefs_recipes_episode (episode_id, recipe_id, chef_id) VALUES (40, 39, 114);
INSERT INTO is_judge (judge_id, episode_id) VALUES (36, 40);
INSERT INTO is_judge (judge_id, episode_id) VALUES (48, 40);
INSERT INTO is_judge (judge_id, episode_id) VALUES (61, 40);
INSERT INTO rates (episode_id,judge_id,contestant_id,score) VALUES (40, 36, 196, 3);
INSERT INTO rates (episode_id,judge_id,contestant_id,score) VALUES (40, 48, 196, 4);
INSERT INTO rates (episode_id,judge_id,contestant_id,score) VALUES (40, 61, 196, 0);
INSERT INTO rates (episode_id,judge_id,contestant_id,score) VALUES (40, 36, 197, 6);
INSERT INTO rates (episode_id,judge_id,contestant_id,score) VALUES (40, 48, 197, 8);
INSERT INTO rates (episode_id,judge_id,contestant_id,score) VALUES (40, 61, 197, 4);
INSERT INTO rates (episode_id,judge_id,contestant_id,score) VALUES (40, 36, 108, 6);
INSERT INTO rates (episode_id,judge_id,contestant_id,score) VALUES (40, 48, 108, 8);
INSERT INTO rates (episode_id,judge_id,contestant_id,score) VALUES (40, 61, 108, 5);
INSERT INTO rates (episode_id,judge_id,contestant_id,score) VALUES (40, 36, 107, 6);
INSERT INTO rates (episode_id,judge_id,contestant_id,score) VALUES (40, 48, 107, 8);
INSERT INTO rates (episode_id,judge_id,contestant_id,score) VALUES (40, 61, 107, 5);
INSERT INTO rates (episode_id,judge_id,contestant_id,score) VALUES (40, 36, 139, 2);
INSERT INTO rates (episode_id,judge_id,contestant_id,score) VALUES (40, 48, 139, 5);
INSERT INTO rates (episode_id,judge_id,contestant_id,score) VALUES (40, 61, 139, 0);
INSERT INTO rates (episode_id,judge_id,contestant_id,score) VALUES (40, 36, 92, 5);
INSERT INTO rates (episode_id,judge_id,contestant_id,score) VALUES (40, 48, 92, 7);
INSERT INTO rates (episode_id,judge_id,contestant_id,score) VALUES (40, 61, 92, 2);
INSERT INTO rates (episode_id,judge_id,contestant_id,score) VALUES (40, 36, 89, 2);
INSERT INTO rates (episode_id,judge_id,contestant_id,score) VALUES (40, 48, 89, 5);
INSERT INTO rates (episode_id,judge_id,contestant_id,score) VALUES (40, 61, 89, -1);
INSERT INTO rates (episode_id,judge_id,contestant_id,score) VALUES (40, 36, 69, 5);
INSERT INTO rates (episode_id,judge_id,contestant_id,score) VALUES (40, 48, 69, 8);
INSERT INTO rates (episode_id,judge_id,contestant_id,score) VALUES (40, 61, 69, 2);
INSERT INTO rates (episode_id,judge_id,contestant_id,score) VALUES (40, 36, 98, 5);
INSERT INTO rates (episode_id,judge_id,contestant_id,score) VALUES (40, 48, 98, 8);
INSERT INTO rates (episode_id,judge_id,contestant_id,score) VALUES (40, 61, 98, 2);
INSERT INTO rates (episode_id,judge_id,contestant_id,score) VALUES (40, 36, 114, 4);
INSERT INTO rates (episode_id,judge_id,contestant_id,score) VALUES (40, 48, 114, 5);
INSERT INTO rates (episode_id,judge_id,contestant_id,score) VALUES (40, 61, 114, 2);

INSERT INTO Episodes (episode_number, year_played) VALUES (1, 2022);
INSERT INTO chefs_recipes_episode (episode_id, recipe_id, chef_id) VALUES (41, 46, 65);
INSERT INTO chefs_recipes_episode (episode_id, recipe_id, chef_id) VALUES (41, 37, 171);
INSERT INTO chefs_recipes_episode (episode_id, recipe_id, chef_id) VALUES (41, 49, 120);
INSERT INTO chefs_recipes_episode (episode_id, recipe_id, chef_id) VALUES (41, 43, 68);
INSERT INTO chefs_recipes_episode (episode_id, recipe_id, chef_id) VALUES (41, 39, 83);
INSERT INTO chefs_recipes_episode (episode_id, recipe_id, chef_id) VALUES (41, 38, 174);
INSERT INTO chefs_recipes_episode (episode_id, recipe_id, chef_id) VALUES (41, 40, 28);
INSERT INTO chefs_recipes_episode (episode_id, recipe_id, chef_id) VALUES (41, 33, 71);
INSERT INTO is_judge (judge_id, episode_id) VALUES (148, 41);
INSERT INTO is_judge (judge_id, episode_id) VALUES (93, 41);
INSERT INTO is_judge (judge_id, episode_id) VALUES (176, 41);
INSERT INTO rates (episode_id,judge_id,contestant_id,score) VALUES (41, 148, 65, 1);
INSERT INTO rates (episode_id,judge_id,contestant_id,score) VALUES (41, 93, 65, 4);
INSERT INTO rates (episode_id,judge_id,contestant_id,score) VALUES (41, 176, 65, -2);
INSERT INTO rates (episode_id,judge_id,contestant_id,score) VALUES (41, 148, 171, 7);
INSERT INTO rates (episode_id,judge_id,contestant_id,score) VALUES (41, 93, 171, 8);
INSERT INTO rates (episode_id,judge_id,contestant_id,score) VALUES (41, 176, 171, 4);
INSERT INTO rates (episode_id,judge_id,contestant_id,score) VALUES (41, 148, 120, 1);
INSERT INTO rates (episode_id,judge_id,contestant_id,score) VALUES (41, 93, 120, 4);
INSERT INTO rates (episode_id,judge_id,contestant_id,score) VALUES (41, 176, 120, 0);
INSERT INTO rates (episode_id,judge_id,contestant_id,score) VALUES (41, 148, 136, 7);
INSERT INTO rates (episode_id,judge_id,contestant_id,score) VALUES (41, 93, 136, 10);
INSERT INTO rates (episode_id,judge_id,contestant_id,score) VALUES (41, 176, 136, 4);
INSERT INTO rates (episode_id,judge_id,contestant_id,score) VALUES (41, 148, 68, 10);
INSERT INTO rates (episode_id,judge_id,contestant_id,score) VALUES (41, 93, 68, 10);
INSERT INTO rates (episode_id,judge_id,contestant_id,score) VALUES (41, 176, 68, 8);
INSERT INTO rates (episode_id,judge_id,contestant_id,score) VALUES (41, 148, 83, 8);
INSERT INTO rates (episode_id,judge_id,contestant_id,score) VALUES (41, 93, 83, 10);
INSERT INTO rates (episode_id,judge_id,contestant_id,score) VALUES (41, 176, 83, 7);
INSERT INTO rates (episode_id,judge_id,contestant_id,score) VALUES (41, 148, 174, 3);
INSERT INTO rates (episode_id,judge_id,contestant_id,score) VALUES (41, 93, 174, 6);
INSERT INTO rates (episode_id,judge_id,contestant_id,score) VALUES (41, 176, 174, 2);
INSERT INTO rates (episode_id,judge_id,contestant_id,score) VALUES (41, 148, 28, 5);
INSERT INTO rates (episode_id,judge_id,contestant_id,score) VALUES (41, 93, 28, 7);
INSERT INTO rates (episode_id,judge_id,contestant_id,score) VALUES (41, 176, 28, 2);
INSERT INTO rates (episode_id,judge_id,contestant_id,score) VALUES (41, 148, 191, 1);
INSERT INTO rates (episode_id,judge_id,contestant_id,score) VALUES (41, 93, 191, 3);
INSERT INTO rates (episode_id,judge_id,contestant_id,score) VALUES (41, 176, 191, -1);
INSERT INTO rates (episode_id,judge_id,contestant_id,score) VALUES (41, 148, 71, 7);
INSERT INTO rates (episode_id,judge_id,contestant_id,score) VALUES (41, 93, 71, 10);
INSERT INTO rates (episode_id,judge_id,contestant_id,score) VALUES (41, 176, 71, 5);

INSERT INTO Episodes (episode_number, year_played) VALUES (2, 2022);
INSERT INTO chefs_recipes_episode (episode_id, recipe_id, chef_id) VALUES (42, 9, 139);
INSERT INTO chefs_recipes_episode (episode_id, recipe_id, chef_id) VALUES (42, 37, 64);
INSERT INTO chefs_recipes_episode (episode_id, recipe_id, chef_id) VALUES (42, 52, 195);
INSERT INTO chefs_recipes_episode (episode_id, recipe_id, chef_id) VALUES (42, 48, 181);
INSERT INTO chefs_recipes_episode (episode_id, recipe_id, chef_id) VALUES (42, 44, 34);
INSERT INTO chefs_recipes_episode (episode_id, recipe_id, chef_id) VALUES (42, 35, 76);
INSERT INTO chefs_recipes_episode (episode_id, recipe_id, chef_id) VALUES (42, 53, 105);
INSERT INTO chefs_recipes_episode (episode_id, recipe_id, chef_id) VALUES (42, 50, 155);
INSERT INTO is_judge (judge_id, episode_id) VALUES (130, 42);
INSERT INTO is_judge (judge_id, episode_id) VALUES (106, 42);
INSERT INTO is_judge (judge_id, episode_id) VALUES (46, 42);
INSERT INTO rates (episode_id,judge_id,contestant_id,score) VALUES (42, 130, 139, 9);
INSERT INTO rates (episode_id,judge_id,contestant_id,score) VALUES (42, 106, 139, 10);
INSERT INTO rates (episode_id,judge_id,contestant_id,score) VALUES (42, 46, 139, 8);
INSERT INTO rates (episode_id,judge_id,contestant_id,score) VALUES (42, 130, 64, 3);
INSERT INTO rates (episode_id,judge_id,contestant_id,score) VALUES (42, 106, 64, 4);
INSERT INTO rates (episode_id,judge_id,contestant_id,score) VALUES (42, 46, 64, 2);
INSERT INTO rates (episode_id,judge_id,contestant_id,score) VALUES (42, 130, 52, 5);
INSERT INTO rates (episode_id,judge_id,contestant_id,score) VALUES (42, 106, 52, 7);
INSERT INTO rates (episode_id,judge_id,contestant_id,score) VALUES (42, 46, 52, 3);
INSERT INTO rates (episode_id,judge_id,contestant_id,score) VALUES (42, 130, 195, 1);
INSERT INTO rates (episode_id,judge_id,contestant_id,score) VALUES (42, 106, 195, 3);
INSERT INTO rates (episode_id,judge_id,contestant_id,score) VALUES (42, 46, 195, 0);
INSERT INTO rates (episode_id,judge_id,contestant_id,score) VALUES (42, 130, 181, 5);
INSERT INTO rates (episode_id,judge_id,contestant_id,score) VALUES (42, 106, 181, 7);
INSERT INTO rates (episode_id,judge_id,contestant_id,score) VALUES (42, 46, 181, 2);
INSERT INTO rates (episode_id,judge_id,contestant_id,score) VALUES (42, 130, 34, 3);
INSERT INTO rates (episode_id,judge_id,contestant_id,score) VALUES (42, 106, 34, 4);
INSERT INTO rates (episode_id,judge_id,contestant_id,score) VALUES (42, 46, 34, 0);
INSERT INTO rates (episode_id,judge_id,contestant_id,score) VALUES (42, 130, 18, 6);
INSERT INTO rates (episode_id,judge_id,contestant_id,score) VALUES (42, 106, 18, 8);
INSERT INTO rates (episode_id,judge_id,contestant_id,score) VALUES (42, 46, 18, 4);
INSERT INTO rates (episode_id,judge_id,contestant_id,score) VALUES (42, 130, 76, 6);
INSERT INTO rates (episode_id,judge_id,contestant_id,score) VALUES (42, 106, 76, 8);
INSERT INTO rates (episode_id,judge_id,contestant_id,score) VALUES (42, 46, 76, 5);
INSERT INTO rates (episode_id,judge_id,contestant_id,score) VALUES (42, 130, 105, 1);
INSERT INTO rates (episode_id,judge_id,contestant_id,score) VALUES (42, 106, 105, 3);
INSERT INTO rates (episode_id,judge_id,contestant_id,score) VALUES (42, 46, 105, 0);
INSERT INTO rates (episode_id,judge_id,contestant_id,score) VALUES (42, 130, 155, 8);
INSERT INTO rates (episode_id,judge_id,contestant_id,score) VALUES (42, 106, 155, 10);
INSERT INTO rates (episode_id,judge_id,contestant_id,score) VALUES (42, 46, 155, 6);

INSERT INTO Episodes (episode_number, year_played) VALUES (3, 2022);
INSERT INTO chefs_recipes_episode (episode_id, recipe_id, chef_id) VALUES (43, 23, 20);
INSERT INTO chefs_recipes_episode (episode_id, recipe_id, chef_id) VALUES (43, 45, 164);
INSERT INTO chefs_recipes_episode (episode_id, recipe_id, chef_id) VALUES (43, 49, 121);
INSERT INTO chefs_recipes_episode (episode_id, recipe_id, chef_id) VALUES (43, 37, 171);
INSERT INTO chefs_recipes_episode (episode_id, recipe_id, chef_id) VALUES (43, 46, 109);
INSERT INTO chefs_recipes_episode (episode_id, recipe_id, chef_id) VALUES (43, 38, 41);
INSERT INTO chefs_recipes_episode (episode_id, recipe_id, chef_id) VALUES (43, 40, 144);
INSERT INTO chefs_recipes_episode (episode_id, recipe_id, chef_id) VALUES (43, 25, 80);
INSERT INTO chefs_recipes_episode (episode_id, recipe_id, chef_id) VALUES (43, 39, 126);
INSERT INTO is_judge (judge_id, episode_id) VALUES (167, 43);
INSERT INTO is_judge (judge_id, episode_id) VALUES (94, 43);
INSERT INTO is_judge (judge_id, episode_id) VALUES (177, 43);
INSERT INTO rates (episode_id,judge_id,contestant_id,score) VALUES (43, 167, 20, 1);
INSERT INTO rates (episode_id,judge_id,contestant_id,score) VALUES (43, 94, 20, 3);
INSERT INTO rates (episode_id,judge_id,contestant_id,score) VALUES (43, 177, 20, -2);
INSERT INTO rates (episode_id,judge_id,contestant_id,score) VALUES (43, 167, 164, 8);
INSERT INTO rates (episode_id,judge_id,contestant_id,score) VALUES (43, 94, 164, 10);
INSERT INTO rates (episode_id,judge_id,contestant_id,score) VALUES (43, 177, 164, 6);
INSERT INTO rates (episode_id,judge_id,contestant_id,score) VALUES (43, 167, 121, 1);
INSERT INTO rates (episode_id,judge_id,contestant_id,score) VALUES (43, 94, 121, 2);
INSERT INTO rates (episode_id,judge_id,contestant_id,score) VALUES (43, 177, 121, 0);
INSERT INTO rates (episode_id,judge_id,contestant_id,score) VALUES (43, 167, 171, 7);
INSERT INTO rates (episode_id,judge_id,contestant_id,score) VALUES (43, 94, 171, 10);
INSERT INTO rates (episode_id,judge_id,contestant_id,score) VALUES (43, 177, 171, 6);
INSERT INTO rates (episode_id,judge_id,contestant_id,score) VALUES (43, 167, 109, 4);
INSERT INTO rates (episode_id,judge_id,contestant_id,score) VALUES (43, 94, 109, 7);
INSERT INTO rates (episode_id,judge_id,contestant_id,score) VALUES (43, 177, 109, 3);
INSERT INTO rates (episode_id,judge_id,contestant_id,score) VALUES (43, 167, 41, 1);
INSERT INTO rates (episode_id,judge_id,contestant_id,score) VALUES (43, 94, 41, 2);
INSERT INTO rates (episode_id,judge_id,contestant_id,score) VALUES (43, 177, 41, -2);
INSERT INTO rates (episode_id,judge_id,contestant_id,score) VALUES (43, 167, 144, 10);
INSERT INTO rates (episode_id,judge_id,contestant_id,score) VALUES (43, 94, 144, 10);
INSERT INTO rates (episode_id,judge_id,contestant_id,score) VALUES (43, 177, 144, 8);
INSERT INTO rates (episode_id,judge_id,contestant_id,score) VALUES (43, 167, 85, 7);
INSERT INTO rates (episode_id,judge_id,contestant_id,score) VALUES (43, 94, 85, 8);
INSERT INTO rates (episode_id,judge_id,contestant_id,score) VALUES (43, 177, 85, 4);
INSERT INTO rates (episode_id,judge_id,contestant_id,score) VALUES (43, 167, 80, 7);
INSERT INTO rates (episode_id,judge_id,contestant_id,score) VALUES (43, 94, 80, 9);
INSERT INTO rates (episode_id,judge_id,contestant_id,score) VALUES (43, 177, 80, 4);
INSERT INTO rates (episode_id,judge_id,contestant_id,score) VALUES (43, 167, 126, 9);
INSERT INTO rates (episode_id,judge_id,contestant_id,score) VALUES (43, 94, 126, 10);
INSERT INTO rates (episode_id,judge_id,contestant_id,score) VALUES (43, 177, 126, 8);

INSERT INTO Episodes (episode_number, year_played) VALUES (4, 2022);
INSERT INTO chefs_recipes_episode (episode_id, recipe_id, chef_id) VALUES (44, 40, 80);
INSERT INTO chefs_recipes_episode (episode_id, recipe_id, chef_id) VALUES (44, 46, 52);
INSERT INTO chefs_recipes_episode (episode_id, recipe_id, chef_id) VALUES (44, 25, 53);
INSERT INTO chefs_recipes_episode (episode_id, recipe_id, chef_id) VALUES (44, 50, 184);
INSERT INTO chefs_recipes_episode (episode_id, recipe_id, chef_id) VALUES (44, 38, 185);
INSERT INTO chefs_recipes_episode (episode_id, recipe_id, chef_id) VALUES (44, 34, 84);
INSERT INTO chefs_recipes_episode (episode_id, recipe_id, chef_id) VALUES (44, 42, 182);
INSERT INTO is_judge (judge_id, episode_id) VALUES (178, 44);
INSERT INTO is_judge (judge_id, episode_id) VALUES (200, 44);
INSERT INTO is_judge (judge_id, episode_id) VALUES (175, 44);
INSERT INTO rates (episode_id,judge_id,contestant_id,score) VALUES (44, 178, 80, 9);
INSERT INTO rates (episode_id,judge_id,contestant_id,score) VALUES (44, 200, 80, 10);
INSERT INTO rates (episode_id,judge_id,contestant_id,score) VALUES (44, 175, 80, 7);
INSERT INTO rates (episode_id,judge_id,contestant_id,score) VALUES (44, 178, 52, 3);
INSERT INTO rates (episode_id,judge_id,contestant_id,score) VALUES (44, 200, 52, 6);
INSERT INTO rates (episode_id,judge_id,contestant_id,score) VALUES (44, 175, 52, 1);
INSERT INTO rates (episode_id,judge_id,contestant_id,score) VALUES (44, 178, 53, 10);
INSERT INTO rates (episode_id,judge_id,contestant_id,score) VALUES (44, 200, 53, 10);
INSERT INTO rates (episode_id,judge_id,contestant_id,score) VALUES (44, 175, 53, 8);
INSERT INTO rates (episode_id,judge_id,contestant_id,score) VALUES (44, 178, 184, 8);
INSERT INTO rates (episode_id,judge_id,contestant_id,score) VALUES (44, 200, 184, 10);
INSERT INTO rates (episode_id,judge_id,contestant_id,score) VALUES (44, 175, 184, 7);
INSERT INTO rates (episode_id,judge_id,contestant_id,score) VALUES (44, 178, 185, 7);
INSERT INTO rates (episode_id,judge_id,contestant_id,score) VALUES (44, 200, 185, 8);
INSERT INTO rates (episode_id,judge_id,contestant_id,score) VALUES (44, 175, 185, 6);
INSERT INTO rates (episode_id,judge_id,contestant_id,score) VALUES (44, 178, 54, 4);
INSERT INTO rates (episode_id,judge_id,contestant_id,score) VALUES (44, 200, 54, 5);
INSERT INTO rates (episode_id,judge_id,contestant_id,score) VALUES (44, 175, 54, 3);
INSERT INTO rates (episode_id,judge_id,contestant_id,score) VALUES (44, 178, 84, 3);
INSERT INTO rates (episode_id,judge_id,contestant_id,score) VALUES (44, 200, 84, 4);
INSERT INTO rates (episode_id,judge_id,contestant_id,score) VALUES (44, 175, 84, 1);
INSERT INTO rates (episode_id,judge_id,contestant_id,score) VALUES (44, 178, 182, 7);
INSERT INTO rates (episode_id,judge_id,contestant_id,score) VALUES (44, 200, 182, 8);
INSERT INTO rates (episode_id,judge_id,contestant_id,score) VALUES (44, 175, 182, 4);
INSERT INTO rates (episode_id,judge_id,contestant_id,score) VALUES (44, 178, 120, 4);
INSERT INTO rates (episode_id,judge_id,contestant_id,score) VALUES (44, 200, 120, 6);
INSERT INTO rates (episode_id,judge_id,contestant_id,score) VALUES (44, 175, 120, 3);
INSERT INTO rates (episode_id,judge_id,contestant_id,score) VALUES (44, 178, 29, 2);
INSERT INTO rates (episode_id,judge_id,contestant_id,score) VALUES (44, 200, 29, 3);
INSERT INTO rates (episode_id,judge_id,contestant_id,score) VALUES (44, 175, 29, 1);

INSERT INTO Episodes (episode_number, year_played) VALUES (5, 2022);
INSERT INTO chefs_recipes_episode (episode_id, recipe_id, chef_id) VALUES (45, 53, 105);
INSERT INTO chefs_recipes_episode (episode_id, recipe_id, chef_id) VALUES (45, 45, 153);
INSERT INTO chefs_recipes_episode (episode_id, recipe_id, chef_id) VALUES (45, 23, 15);
INSERT INTO chefs_recipes_episode (episode_id, recipe_id, chef_id) VALUES (45, 36, 188);
INSERT INTO chefs_recipes_episode (episode_id, recipe_id, chef_id) VALUES (45, 38, 90);
INSERT INTO chefs_recipes_episode (episode_id, recipe_id, chef_id) VALUES (45, 37, 107);
INSERT INTO chefs_recipes_episode (episode_id, recipe_id, chef_id) VALUES (45, 25, 168);
INSERT INTO chefs_recipes_episode (episode_id, recipe_id, chef_id) VALUES (45, 34, 115);
INSERT INTO is_judge (judge_id, episode_id) VALUES (42, 45);
INSERT INTO is_judge (judge_id, episode_id) VALUES (159, 45);
INSERT INTO is_judge (judge_id, episode_id) VALUES (172, 45);
INSERT INTO rates (episode_id,judge_id,contestant_id,score) VALUES (45, 42, 105, 3);
INSERT INTO rates (episode_id,judge_id,contestant_id,score) VALUES (45, 159, 105, 4);
INSERT INTO rates (episode_id,judge_id,contestant_id,score) VALUES (45, 172, 105, 1);
INSERT INTO rates (episode_id,judge_id,contestant_id,score) VALUES (45, 42, 153, 6);
INSERT INTO rates (episode_id,judge_id,contestant_id,score) VALUES (45, 159, 153, 7);
INSERT INTO rates (episode_id,judge_id,contestant_id,score) VALUES (45, 172, 153, 4);
INSERT INTO rates (episode_id,judge_id,contestant_id,score) VALUES (45, 42, 113, 5);
INSERT INTO rates (episode_id,judge_id,contestant_id,score) VALUES (45, 159, 113, 8);
INSERT INTO rates (episode_id,judge_id,contestant_id,score) VALUES (45, 172, 113, 3);
INSERT INTO rates (episode_id,judge_id,contestant_id,score) VALUES (45, 42, 15, 10);
INSERT INTO rates (episode_id,judge_id,contestant_id,score) VALUES (45, 159, 15, 10);
INSERT INTO rates (episode_id,judge_id,contestant_id,score) VALUES (45, 172, 15, 7);
INSERT INTO rates (episode_id,judge_id,contestant_id,score) VALUES (45, 42, 188, 5);
INSERT INTO rates (episode_id,judge_id,contestant_id,score) VALUES (45, 159, 188, 6);
INSERT INTO rates (episode_id,judge_id,contestant_id,score) VALUES (45, 172, 188, 2);
INSERT INTO rates (episode_id,judge_id,contestant_id,score) VALUES (45, 42, 90, 10);
INSERT INTO rates (episode_id,judge_id,contestant_id,score) VALUES (45, 159, 90, 10);
INSERT INTO rates (episode_id,judge_id,contestant_id,score) VALUES (45, 172, 90, 7);
INSERT INTO rates (episode_id,judge_id,contestant_id,score) VALUES (45, 42, 107, 5);
INSERT INTO rates (episode_id,judge_id,contestant_id,score) VALUES (45, 159, 107, 7);
INSERT INTO rates (episode_id,judge_id,contestant_id,score) VALUES (45, 172, 107, 3);
INSERT INTO rates (episode_id,judge_id,contestant_id,score) VALUES (45, 42, 168, 10);
INSERT INTO rates (episode_id,judge_id,contestant_id,score) VALUES (45, 159, 168, 10);
INSERT INTO rates (episode_id,judge_id,contestant_id,score) VALUES (45, 172, 168, 8);
INSERT INTO rates (episode_id,judge_id,contestant_id,score) VALUES (45, 42, 115, 10);
INSERT INTO rates (episode_id,judge_id,contestant_id,score) VALUES (45, 159, 115, 10);
INSERT INTO rates (episode_id,judge_id,contestant_id,score) VALUES (45, 172, 115, 8);
INSERT INTO rates (episode_id,judge_id,contestant_id,score) VALUES (45, 42, 1, 1);
INSERT INTO rates (episode_id,judge_id,contestant_id,score) VALUES (45, 159, 1, 4);
INSERT INTO rates (episode_id,judge_id,contestant_id,score) VALUES (45, 172, 1, 0);

INSERT INTO Episodes (episode_number, year_played) VALUES (6, 2022);
INSERT INTO chefs_recipes_episode (episode_id, recipe_id, chef_id) VALUES (46, 54, 23);
INSERT INTO chefs_recipes_episode (episode_id, recipe_id, chef_id) VALUES (46, 25, 187);
INSERT INTO chefs_recipes_episode (episode_id, recipe_id, chef_id) VALUES (46, 38, 3);
INSERT INTO chefs_recipes_episode (episode_id, recipe_id, chef_id) VALUES (46, 37, 72);
INSERT INTO chefs_recipes_episode (episode_id, recipe_id, chef_id) VALUES (46, 52, 195);
INSERT INTO chefs_recipes_episode (episode_id, recipe_id, chef_id) VALUES (46, 43, 140);
INSERT INTO chefs_recipes_episode (episode_id, recipe_id, chef_id) VALUES (46, 33, 53);
INSERT INTO chefs_recipes_episode (episode_id, recipe_id, chef_id) VALUES (46, 26, 154);
INSERT INTO is_judge (judge_id, episode_id) VALUES (80, 46);
INSERT INTO is_judge (judge_id, episode_id) VALUES (128, 46);
INSERT INTO is_judge (judge_id, episode_id) VALUES (136, 46);
INSERT INTO rates (episode_id,judge_id,contestant_id,score) VALUES (46, 80, 23, 6);
INSERT INTO rates (episode_id,judge_id,contestant_id,score) VALUES (46, 128, 23, 7);
INSERT INTO rates (episode_id,judge_id,contestant_id,score) VALUES (46, 136, 23, 4);
INSERT INTO rates (episode_id,judge_id,contestant_id,score) VALUES (46, 80, 187, 1);
INSERT INTO rates (episode_id,judge_id,contestant_id,score) VALUES (46, 128, 187, 3);
INSERT INTO rates (episode_id,judge_id,contestant_id,score) VALUES (46, 136, 187, 0);
INSERT INTO rates (episode_id,judge_id,contestant_id,score) VALUES (46, 80, 105, 5);
INSERT INTO rates (episode_id,judge_id,contestant_id,score) VALUES (46, 128, 105, 6);
INSERT INTO rates (episode_id,judge_id,contestant_id,score) VALUES (46, 136, 105, 2);
INSERT INTO rates (episode_id,judge_id,contestant_id,score) VALUES (46, 80, 3, 4);
INSERT INTO rates (episode_id,judge_id,contestant_id,score) VALUES (46, 128, 3, 7);
INSERT INTO rates (episode_id,judge_id,contestant_id,score) VALUES (46, 136, 3, 1);
INSERT INTO rates (episode_id,judge_id,contestant_id,score) VALUES (46, 80, 72, 9);
INSERT INTO rates (episode_id,judge_id,contestant_id,score) VALUES (46, 128, 72, 10);
INSERT INTO rates (episode_id,judge_id,contestant_id,score) VALUES (46, 136, 72, 8);
INSERT INTO rates (episode_id,judge_id,contestant_id,score) VALUES (46, 80, 171, 1);
INSERT INTO rates (episode_id,judge_id,contestant_id,score) VALUES (46, 128, 171, 4);
INSERT INTO rates (episode_id,judge_id,contestant_id,score) VALUES (46, 136, 171, -2);
INSERT INTO rates (episode_id,judge_id,contestant_id,score) VALUES (46, 80, 195, 1);
INSERT INTO rates (episode_id,judge_id,contestant_id,score) VALUES (46, 128, 195, 4);
INSERT INTO rates (episode_id,judge_id,contestant_id,score) VALUES (46, 136, 195, 0);
INSERT INTO rates (episode_id,judge_id,contestant_id,score) VALUES (46, 80, 140, 2);
INSERT INTO rates (episode_id,judge_id,contestant_id,score) VALUES (46, 128, 140, 4);
INSERT INTO rates (episode_id,judge_id,contestant_id,score) VALUES (46, 136, 140, 1);
INSERT INTO rates (episode_id,judge_id,contestant_id,score) VALUES (46, 80, 53, 10);
INSERT INTO rates (episode_id,judge_id,contestant_id,score) VALUES (46, 128, 53, 10);
INSERT INTO rates (episode_id,judge_id,contestant_id,score) VALUES (46, 136, 53, 8);
INSERT INTO rates (episode_id,judge_id,contestant_id,score) VALUES (46, 80, 154, 5);
INSERT INTO rates (episode_id,judge_id,contestant_id,score) VALUES (46, 128, 154, 6);
INSERT INTO rates (episode_id,judge_id,contestant_id,score) VALUES (46, 136, 154, 3);

INSERT INTO Episodes (episode_number, year_played) VALUES (7, 2022);
INSERT INTO chefs_recipes_episode (episode_id, recipe_id, chef_id) VALUES (47, 42, 182);
INSERT INTO chefs_recipes_episode (episode_id, recipe_id, chef_id) VALUES (47, 36, 125);
INSERT INTO chefs_recipes_episode (episode_id, recipe_id, chef_id) VALUES (47, 38, 42);
INSERT INTO chefs_recipes_episode (episode_id, recipe_id, chef_id) VALUES (47, 47, 178);
INSERT INTO chefs_recipes_episode (episode_id, recipe_id, chef_id) VALUES (47, 25, 65);
INSERT INTO chefs_recipes_episode (episode_id, recipe_id, chef_id) VALUES (47, 9, 92);
INSERT INTO chefs_recipes_episode (episode_id, recipe_id, chef_id) VALUES (47, 44, 93);
INSERT INTO chefs_recipes_episode (episode_id, recipe_id, chef_id) VALUES (47, 49, 39);
INSERT INTO chefs_recipes_episode (episode_id, recipe_id, chef_id) VALUES (47, 39, 77);
INSERT INTO is_judge (judge_id, episode_id) VALUES (18, 47);
INSERT INTO is_judge (judge_id, episode_id) VALUES (56, 47);
INSERT INTO is_judge (judge_id, episode_id) VALUES (128, 47);
INSERT INTO rates (episode_id,judge_id,contestant_id,score) VALUES (47, 18, 182, 7);
INSERT INTO rates (episode_id,judge_id,contestant_id,score) VALUES (47, 56, 182, 9);
INSERT INTO rates (episode_id,judge_id,contestant_id,score) VALUES (47, 128, 182, 4);
INSERT INTO rates (episode_id,judge_id,contestant_id,score) VALUES (47, 18, 125, 3);
INSERT INTO rates (episode_id,judge_id,contestant_id,score) VALUES (47, 56, 125, 4);
INSERT INTO rates (episode_id,judge_id,contestant_id,score) VALUES (47, 128, 125, 0);
INSERT INTO rates (episode_id,judge_id,contestant_id,score) VALUES (47, 18, 42, 9);
INSERT INTO rates (episode_id,judge_id,contestant_id,score) VALUES (47, 56, 42, 10);
INSERT INTO rates (episode_id,judge_id,contestant_id,score) VALUES (47, 128, 42, 7);
INSERT INTO rates (episode_id,judge_id,contestant_id,score) VALUES (47, 18, 157, 7);
INSERT INTO rates (episode_id,judge_id,contestant_id,score) VALUES (47, 56, 157, 8);
INSERT INTO rates (episode_id,judge_id,contestant_id,score) VALUES (47, 128, 157, 6);
INSERT INTO rates (episode_id,judge_id,contestant_id,score) VALUES (47, 18, 178, 9);
INSERT INTO rates (episode_id,judge_id,contestant_id,score) VALUES (47, 56, 178, 10);
INSERT INTO rates (episode_id,judge_id,contestant_id,score) VALUES (47, 128, 178, 6);
INSERT INTO rates (episode_id,judge_id,contestant_id,score) VALUES (47, 18, 65, 2);
INSERT INTO rates (episode_id,judge_id,contestant_id,score) VALUES (47, 56, 65, 3);
INSERT INTO rates (episode_id,judge_id,contestant_id,score) VALUES (47, 128, 65, 0);
INSERT INTO rates (episode_id,judge_id,contestant_id,score) VALUES (47, 18, 92, 2);
INSERT INTO rates (episode_id,judge_id,contestant_id,score) VALUES (47, 56, 92, 3);
INSERT INTO rates (episode_id,judge_id,contestant_id,score) VALUES (47, 128, 92, -1);
INSERT INTO rates (episode_id,judge_id,contestant_id,score) VALUES (47, 18, 93, 5);
INSERT INTO rates (episode_id,judge_id,contestant_id,score) VALUES (47, 56, 93, 7);
INSERT INTO rates (episode_id,judge_id,contestant_id,score) VALUES (47, 128, 93, 3);
INSERT INTO rates (episode_id,judge_id,contestant_id,score) VALUES (47, 18, 39, 9);
INSERT INTO rates (episode_id,judge_id,contestant_id,score) VALUES (47, 56, 39, 10);
INSERT INTO rates (episode_id,judge_id,contestant_id,score) VALUES (47, 128, 39, 6);
INSERT INTO rates (episode_id,judge_id,contestant_id,score) VALUES (47, 18, 77, 10);
INSERT INTO rates (episode_id,judge_id,contestant_id,score) VALUES (47, 56, 77, 10);
INSERT INTO rates (episode_id,judge_id,contestant_id,score) VALUES (47, 128, 77, 8);

INSERT INTO Episodes (episode_number, year_played) VALUES (8, 2022);
INSERT INTO chefs_recipes_episode (episode_id, recipe_id, chef_id) VALUES (48, 51, 88);
INSERT INTO chefs_recipes_episode (episode_id, recipe_id, chef_id) VALUES (48, 33, 71);
INSERT INTO chefs_recipes_episode (episode_id, recipe_id, chef_id) VALUES (48, 43, 49);
INSERT INTO chefs_recipes_episode (episode_id, recipe_id, chef_id) VALUES (48, 40, 2);
INSERT INTO chefs_recipes_episode (episode_id, recipe_id, chef_id) VALUES (48, 49, 151);
INSERT INTO chefs_recipes_episode (episode_id, recipe_id, chef_id) VALUES (48, 34, 99);
INSERT INTO is_judge (judge_id, episode_id) VALUES (164, 48);
INSERT INTO is_judge (judge_id, episode_id) VALUES (142, 48);
INSERT INTO is_judge (judge_id, episode_id) VALUES (65, 48);
INSERT INTO rates (episode_id,judge_id,contestant_id,score) VALUES (48, 164, 88, 3);
INSERT INTO rates (episode_id,judge_id,contestant_id,score) VALUES (48, 142, 88, 4);
INSERT INTO rates (episode_id,judge_id,contestant_id,score) VALUES (48, 65, 88, 0);
INSERT INTO rates (episode_id,judge_id,contestant_id,score) VALUES (48, 164, 71, 1);
INSERT INTO rates (episode_id,judge_id,contestant_id,score) VALUES (48, 142, 71, 2);
INSERT INTO rates (episode_id,judge_id,contestant_id,score) VALUES (48, 65, 71, 0);
INSERT INTO rates (episode_id,judge_id,contestant_id,score) VALUES (48, 164, 34, 6);
INSERT INTO rates (episode_id,judge_id,contestant_id,score) VALUES (48, 142, 34, 8);
INSERT INTO rates (episode_id,judge_id,contestant_id,score) VALUES (48, 65, 34, 3);
INSERT INTO rates (episode_id,judge_id,contestant_id,score) VALUES (48, 164, 49, 6);
INSERT INTO rates (episode_id,judge_id,contestant_id,score) VALUES (48, 142, 49, 7);
INSERT INTO rates (episode_id,judge_id,contestant_id,score) VALUES (48, 65, 49, 5);
INSERT INTO rates (episode_id,judge_id,contestant_id,score) VALUES (48, 164, 2, 4);
INSERT INTO rates (episode_id,judge_id,contestant_id,score) VALUES (48, 142, 2, 6);
INSERT INTO rates (episode_id,judge_id,contestant_id,score) VALUES (48, 65, 2, 1);
INSERT INTO rates (episode_id,judge_id,contestant_id,score) VALUES (48, 164, 115, 6);
INSERT INTO rates (episode_id,judge_id,contestant_id,score) VALUES (48, 142, 115, 8);
INSERT INTO rates (episode_id,judge_id,contestant_id,score) VALUES (48, 65, 115, 5);
INSERT INTO rates (episode_id,judge_id,contestant_id,score) VALUES (48, 164, 151, 7);
INSERT INTO rates (episode_id,judge_id,contestant_id,score) VALUES (48, 142, 151, 9);
INSERT INTO rates (episode_id,judge_id,contestant_id,score) VALUES (48, 65, 151, 5);
INSERT INTO rates (episode_id,judge_id,contestant_id,score) VALUES (48, 164, 99, 10);
INSERT INTO rates (episode_id,judge_id,contestant_id,score) VALUES (48, 142, 99, 10);
INSERT INTO rates (episode_id,judge_id,contestant_id,score) VALUES (48, 65, 99, 7);
INSERT INTO rates (episode_id,judge_id,contestant_id,score) VALUES (48, 164, 131, 2);
INSERT INTO rates (episode_id,judge_id,contestant_id,score) VALUES (48, 142, 131, 3);
INSERT INTO rates (episode_id,judge_id,contestant_id,score) VALUES (48, 65, 131, 1);
INSERT INTO rates (episode_id,judge_id,contestant_id,score) VALUES (48, 164, 80, 4);
INSERT INTO rates (episode_id,judge_id,contestant_id,score) VALUES (48, 142, 80, 6);
INSERT INTO rates (episode_id,judge_id,contestant_id,score) VALUES (48, 65, 80, 3);

INSERT INTO Episodes (episode_number, year_played) VALUES (9, 2022);
INSERT INTO chefs_recipes_episode (episode_id, recipe_id, chef_id) VALUES (49, 37, 96);
INSERT INTO chefs_recipes_episode (episode_id, recipe_id, chef_id) VALUES (49, 33, 27);
INSERT INTO chefs_recipes_episode (episode_id, recipe_id, chef_id) VALUES (49, 46, 26);
INSERT INTO chefs_recipes_episode (episode_id, recipe_id, chef_id) VALUES (49, 39, 21);
INSERT INTO chefs_recipes_episode (episode_id, recipe_id, chef_id) VALUES (49, 35, 177);
INSERT INTO chefs_recipes_episode (episode_id, recipe_id, chef_id) VALUES (49, 9, 92);
INSERT INTO is_judge (judge_id, episode_id) VALUES (31, 49);
INSERT INTO is_judge (judge_id, episode_id) VALUES (84, 49);
INSERT INTO is_judge (judge_id, episode_id) VALUES (149, 49);
INSERT INTO rates (episode_id,judge_id,contestant_id,score) VALUES (49, 31, 96, 7);
INSERT INTO rates (episode_id,judge_id,contestant_id,score) VALUES (49, 84, 96, 10);
INSERT INTO rates (episode_id,judge_id,contestant_id,score) VALUES (49, 149, 96, 5);
INSERT INTO rates (episode_id,judge_id,contestant_id,score) VALUES (49, 31, 27, 3);
INSERT INTO rates (episode_id,judge_id,contestant_id,score) VALUES (49, 84, 27, 4);
INSERT INTO rates (episode_id,judge_id,contestant_id,score) VALUES (49, 149, 27, 0);
INSERT INTO rates (episode_id,judge_id,contestant_id,score) VALUES (49, 31, 26, 7);
INSERT INTO rates (episode_id,judge_id,contestant_id,score) VALUES (49, 84, 26, 8);
INSERT INTO rates (episode_id,judge_id,contestant_id,score) VALUES (49, 149, 26, 6);
INSERT INTO rates (episode_id,judge_id,contestant_id,score) VALUES (49, 31, 169, 1);
INSERT INTO rates (episode_id,judge_id,contestant_id,score) VALUES (49, 84, 169, 2);
INSERT INTO rates (episode_id,judge_id,contestant_id,score) VALUES (49, 149, 169, -2);
INSERT INTO rates (episode_id,judge_id,contestant_id,score) VALUES (49, 31, 53, 5);
INSERT INTO rates (episode_id,judge_id,contestant_id,score) VALUES (49, 84, 53, 7);
INSERT INTO rates (episode_id,judge_id,contestant_id,score) VALUES (49, 149, 53, 3);
INSERT INTO rates (episode_id,judge_id,contestant_id,score) VALUES (49, 31, 21, 7);
INSERT INTO rates (episode_id,judge_id,contestant_id,score) VALUES (49, 84, 21, 8);
INSERT INTO rates (episode_id,judge_id,contestant_id,score) VALUES (49, 149, 21, 6);
INSERT INTO rates (episode_id,judge_id,contestant_id,score) VALUES (49, 31, 177, 8);
INSERT INTO rates (episode_id,judge_id,contestant_id,score) VALUES (49, 84, 177, 10);
INSERT INTO rates (episode_id,judge_id,contestant_id,score) VALUES (49, 149, 177, 6);
INSERT INTO rates (episode_id,judge_id,contestant_id,score) VALUES (49, 31, 92, 6);
INSERT INTO rates (episode_id,judge_id,contestant_id,score) VALUES (49, 84, 92, 8);
INSERT INTO rates (episode_id,judge_id,contestant_id,score) VALUES (49, 149, 92, 5);
INSERT INTO rates (episode_id,judge_id,contestant_id,score) VALUES (49, 31, 47, 5);
INSERT INTO rates (episode_id,judge_id,contestant_id,score) VALUES (49, 84, 47, 7);
INSERT INTO rates (episode_id,judge_id,contestant_id,score) VALUES (49, 149, 47, 2);
INSERT INTO rates (episode_id,judge_id,contestant_id,score) VALUES (49, 31, 164, 8);
INSERT INTO rates (episode_id,judge_id,contestant_id,score) VALUES (49, 84, 164, 9);
INSERT INTO rates (episode_id,judge_id,contestant_id,score) VALUES (49, 149, 164, 7);

INSERT INTO Episodes (episode_number, year_played) VALUES (10, 2022);
INSERT INTO chefs_recipes_episode (episode_id, recipe_id, chef_id) VALUES (50, 50, 56);
INSERT INTO chefs_recipes_episode (episode_id, recipe_id, chef_id) VALUES (50, 36, 10);
INSERT INTO chefs_recipes_episode (episode_id, recipe_id, chef_id) VALUES (50, 54, 46);
INSERT INTO chefs_recipes_episode (episode_id, recipe_id, chef_id) VALUES (50, 38, 185);
INSERT INTO chefs_recipes_episode (episode_id, recipe_id, chef_id) VALUES (50, 46, 136);
INSERT INTO chefs_recipes_episode (episode_id, recipe_id, chef_id) VALUES (50, 49, 73);
INSERT INTO chefs_recipes_episode (episode_id, recipe_id, chef_id) VALUES (50, 39, 104);
INSERT INTO chefs_recipes_episode (episode_id, recipe_id, chef_id) VALUES (50, 53, 33);
INSERT INTO chefs_recipes_episode (episode_id, recipe_id, chef_id) VALUES (50, 40, 60);
INSERT INTO is_judge (judge_id, episode_id) VALUES (103, 50);
INSERT INTO is_judge (judge_id, episode_id) VALUES (53, 50);
INSERT INTO is_judge (judge_id, episode_id) VALUES (36, 50);
INSERT INTO rates (episode_id,judge_id,contestant_id,score) VALUES (50, 103, 56, 4);
INSERT INTO rates (episode_id,judge_id,contestant_id,score) VALUES (50, 53, 56, 5);
INSERT INTO rates (episode_id,judge_id,contestant_id,score) VALUES (50, 36, 56, 1);
INSERT INTO rates (episode_id,judge_id,contestant_id,score) VALUES (50, 103, 10, 3);
INSERT INTO rates (episode_id,judge_id,contestant_id,score) VALUES (50, 53, 10, 5);
INSERT INTO rates (episode_id,judge_id,contestant_id,score) VALUES (50, 36, 10, 2);
INSERT INTO rates (episode_id,judge_id,contestant_id,score) VALUES (50, 103, 46, 6);
INSERT INTO rates (episode_id,judge_id,contestant_id,score) VALUES (50, 53, 46, 8);
INSERT INTO rates (episode_id,judge_id,contestant_id,score) VALUES (50, 36, 46, 3);
INSERT INTO rates (episode_id,judge_id,contestant_id,score) VALUES (50, 103, 185, 6);
INSERT INTO rates (episode_id,judge_id,contestant_id,score) VALUES (50, 53, 185, 8);
INSERT INTO rates (episode_id,judge_id,contestant_id,score) VALUES (50, 36, 185, 4);
INSERT INTO rates (episode_id,judge_id,contestant_id,score) VALUES (50, 103, 136, 3);
INSERT INTO rates (episode_id,judge_id,contestant_id,score) VALUES (50, 53, 136, 4);
INSERT INTO rates (episode_id,judge_id,contestant_id,score) VALUES (50, 36, 136, 0);
INSERT INTO rates (episode_id,judge_id,contestant_id,score) VALUES (50, 103, 70, 1);
INSERT INTO rates (episode_id,judge_id,contestant_id,score) VALUES (50, 53, 70, 2);
INSERT INTO rates (episode_id,judge_id,contestant_id,score) VALUES (50, 36, 70, 0);
INSERT INTO rates (episode_id,judge_id,contestant_id,score) VALUES (50, 103, 73, 9);
INSERT INTO rates (episode_id,judge_id,contestant_id,score) VALUES (50, 53, 73, 10);
INSERT INTO rates (episode_id,judge_id,contestant_id,score) VALUES (50, 36, 73, 8);
INSERT INTO rates (episode_id,judge_id,contestant_id,score) VALUES (50, 103, 104, 2);
INSERT INTO rates (episode_id,judge_id,contestant_id,score) VALUES (50, 53, 104, 4);
INSERT INTO rates (episode_id,judge_id,contestant_id,score) VALUES (50, 36, 104, 1);
INSERT INTO rates (episode_id,judge_id,contestant_id,score) VALUES (50, 103, 33, 5);
INSERT INTO rates (episode_id,judge_id,contestant_id,score) VALUES (50, 53, 33, 6);
INSERT INTO rates (episode_id,judge_id,contestant_id,score) VALUES (50, 36, 33, 2);
INSERT INTO rates (episode_id,judge_id,contestant_id,score) VALUES (50, 103, 60, 7);
INSERT INTO rates (episode_id,judge_id,contestant_id,score) VALUES (50, 53, 60, 8);
INSERT INTO rates (episode_id,judge_id,contestant_id,score) VALUES (50, 36, 60, 6);

INSERT INTO Episodes (episode_number, year_played) VALUES (1, 2023);
INSERT INTO chefs_recipes_episode (episode_id, recipe_id, chef_id) VALUES (51, 36, 18);
INSERT INTO chefs_recipes_episode (episode_id, recipe_id, chef_id) VALUES (51, 38, 174);
INSERT INTO chefs_recipes_episode (episode_id, recipe_id, chef_id) VALUES (51, 37, 192);
INSERT INTO chefs_recipes_episode (episode_id, recipe_id, chef_id) VALUES (51, 54, 149);
INSERT INTO chefs_recipes_episode (episode_id, recipe_id, chef_id) VALUES (51, 50, 124);
INSERT INTO chefs_recipes_episode (episode_id, recipe_id, chef_id) VALUES (51, 45, 66);
INSERT INTO chefs_recipes_episode (episode_id, recipe_id, chef_id) VALUES (51, 23, 33);
INSERT INTO chefs_recipes_episode (episode_id, recipe_id, chef_id) VALUES (51, 35, 82);
INSERT INTO is_judge (judge_id, episode_id) VALUES (80, 51);
INSERT INTO is_judge (judge_id, episode_id) VALUES (155, 51);
INSERT INTO is_judge (judge_id, episode_id) VALUES (126, 51);
INSERT INTO rates (episode_id,judge_id,contestant_id,score) VALUES (51, 80, 18, 1);
INSERT INTO rates (episode_id,judge_id,contestant_id,score) VALUES (51, 155, 18, 4);
INSERT INTO rates (episode_id,judge_id,contestant_id,score) VALUES (51, 126, 18, -1);
INSERT INTO rates (episode_id,judge_id,contestant_id,score) VALUES (51, 80, 174, 2);
INSERT INTO rates (episode_id,judge_id,contestant_id,score) VALUES (51, 155, 174, 4);
INSERT INTO rates (episode_id,judge_id,contestant_id,score) VALUES (51, 126, 174, 0);
INSERT INTO rates (episode_id,judge_id,contestant_id,score) VALUES (51, 80, 34, 5);
INSERT INTO rates (episode_id,judge_id,contestant_id,score) VALUES (51, 155, 34, 7);
INSERT INTO rates (episode_id,judge_id,contestant_id,score) VALUES (51, 126, 34, 2);
INSERT INTO rates (episode_id,judge_id,contestant_id,score) VALUES (51, 80, 192, 4);
INSERT INTO rates (episode_id,judge_id,contestant_id,score) VALUES (51, 155, 192, 6);
INSERT INTO rates (episode_id,judge_id,contestant_id,score) VALUES (51, 126, 192, 3);
INSERT INTO rates (episode_id,judge_id,contestant_id,score) VALUES (51, 80, 149, 8);
INSERT INTO rates (episode_id,judge_id,contestant_id,score) VALUES (51, 155, 149, 10);
INSERT INTO rates (episode_id,judge_id,contestant_id,score) VALUES (51, 126, 149, 7);
INSERT INTO rates (episode_id,judge_id,contestant_id,score) VALUES (51, 80, 124, 10);
INSERT INTO rates (episode_id,judge_id,contestant_id,score) VALUES (51, 155, 124, 10);
INSERT INTO rates (episode_id,judge_id,contestant_id,score) VALUES (51, 126, 124, 8);
INSERT INTO rates (episode_id,judge_id,contestant_id,score) VALUES (51, 80, 66, 4);
INSERT INTO rates (episode_id,judge_id,contestant_id,score) VALUES (51, 155, 66, 7);
INSERT INTO rates (episode_id,judge_id,contestant_id,score) VALUES (51, 126, 66, 2);
INSERT INTO rates (episode_id,judge_id,contestant_id,score) VALUES (51, 80, 196, 3);
INSERT INTO rates (episode_id,judge_id,contestant_id,score) VALUES (51, 155, 196, 5);
INSERT INTO rates (episode_id,judge_id,contestant_id,score) VALUES (51, 126, 196, 1);
INSERT INTO rates (episode_id,judge_id,contestant_id,score) VALUES (51, 80, 33, 2);
INSERT INTO rates (episode_id,judge_id,contestant_id,score) VALUES (51, 155, 33, 4);
INSERT INTO rates (episode_id,judge_id,contestant_id,score) VALUES (51, 126, 33, 0);
INSERT INTO rates (episode_id,judge_id,contestant_id,score) VALUES (51, 80, 82, 8);
INSERT INTO rates (episode_id,judge_id,contestant_id,score) VALUES (51, 155, 82, 10);
INSERT INTO rates (episode_id,judge_id,contestant_id,score) VALUES (51, 126, 82, 6);

INSERT INTO Episodes (episode_number, year_played) VALUES (2, 2023);
INSERT INTO chefs_recipes_episode (episode_id, recipe_id, chef_id) VALUES (52, 9, 111);
INSERT INTO chefs_recipes_episode (episode_id, recipe_id, chef_id) VALUES (52, 39, 126);
INSERT INTO chefs_recipes_episode (episode_id, recipe_id, chef_id) VALUES (52, 35, 74);
INSERT INTO chefs_recipes_episode (episode_id, recipe_id, chef_id) VALUES (52, 34, 115);
INSERT INTO chefs_recipes_episode (episode_id, recipe_id, chef_id) VALUES (52, 37, 192);
INSERT INTO chefs_recipes_episode (episode_id, recipe_id, chef_id) VALUES (52, 25, 187);
INSERT INTO chefs_recipes_episode (episode_id, recipe_id, chef_id) VALUES (52, 44, 93);
INSERT INTO chefs_recipes_episode (episode_id, recipe_id, chef_id) VALUES (52, 42, 32);
INSERT INTO is_judge (judge_id, episode_id) VALUES (72, 52);
INSERT INTO is_judge (judge_id, episode_id) VALUES (149, 52);
INSERT INTO is_judge (judge_id, episode_id) VALUES (95, 52);
INSERT INTO rates (episode_id,judge_id,contestant_id,score) VALUES (52, 72, 111, 9);
INSERT INTO rates (episode_id,judge_id,contestant_id,score) VALUES (52, 149, 111, 10);
INSERT INTO rates (episode_id,judge_id,contestant_id,score) VALUES (52, 95, 111, 6);
INSERT INTO rates (episode_id,judge_id,contestant_id,score) VALUES (52, 72, 135, 5);
INSERT INTO rates (episode_id,judge_id,contestant_id,score) VALUES (52, 149, 135, 7);
INSERT INTO rates (episode_id,judge_id,contestant_id,score) VALUES (52, 95, 135, 4);
INSERT INTO rates (episode_id,judge_id,contestant_id,score) VALUES (52, 72, 126, 6);
INSERT INTO rates (episode_id,judge_id,contestant_id,score) VALUES (52, 149, 126, 9);
INSERT INTO rates (episode_id,judge_id,contestant_id,score) VALUES (52, 95, 126, 4);
INSERT INTO rates (episode_id,judge_id,contestant_id,score) VALUES (52, 72, 74, 8);
INSERT INTO rates (episode_id,judge_id,contestant_id,score) VALUES (52, 149, 74, 10);
INSERT INTO rates (episode_id,judge_id,contestant_id,score) VALUES (52, 95, 74, 7);
INSERT INTO rates (episode_id,judge_id,contestant_id,score) VALUES (52, 72, 115, 3);
INSERT INTO rates (episode_id,judge_id,contestant_id,score) VALUES (52, 149, 115, 6);
INSERT INTO rates (episode_id,judge_id,contestant_id,score) VALUES (52, 95, 115, 0);
INSERT INTO rates (episode_id,judge_id,contestant_id,score) VALUES (52, 72, 24, 7);
INSERT INTO rates (episode_id,judge_id,contestant_id,score) VALUES (52, 149, 24, 10);
INSERT INTO rates (episode_id,judge_id,contestant_id,score) VALUES (52, 95, 24, 4);
INSERT INTO rates (episode_id,judge_id,contestant_id,score) VALUES (52, 72, 192, 4);
INSERT INTO rates (episode_id,judge_id,contestant_id,score) VALUES (52, 149, 192, 5);
INSERT INTO rates (episode_id,judge_id,contestant_id,score) VALUES (52, 95, 192, 2);
INSERT INTO rates (episode_id,judge_id,contestant_id,score) VALUES (52, 72, 187, 4);
INSERT INTO rates (episode_id,judge_id,contestant_id,score) VALUES (52, 149, 187, 6);
INSERT INTO rates (episode_id,judge_id,contestant_id,score) VALUES (52, 95, 187, 3);
INSERT INTO rates (episode_id,judge_id,contestant_id,score) VALUES (52, 72, 93, 8);
INSERT INTO rates (episode_id,judge_id,contestant_id,score) VALUES (52, 149, 93, 10);
INSERT INTO rates (episode_id,judge_id,contestant_id,score) VALUES (52, 95, 93, 6);
INSERT INTO rates (episode_id,judge_id,contestant_id,score) VALUES (52, 72, 32, 3);
INSERT INTO rates (episode_id,judge_id,contestant_id,score) VALUES (52, 149, 32, 6);
INSERT INTO rates (episode_id,judge_id,contestant_id,score) VALUES (52, 95, 32, 0);

INSERT INTO Episodes (episode_number, year_played) VALUES (3, 2023);
INSERT INTO chefs_recipes_episode (episode_id, recipe_id, chef_id) VALUES (53, 33, 71);
INSERT INTO chefs_recipes_episode (episode_id, recipe_id, chef_id) VALUES (53, 36, 190);
INSERT INTO chefs_recipes_episode (episode_id, recipe_id, chef_id) VALUES (53, 47, 157);
INSERT INTO chefs_recipes_episode (episode_id, recipe_id, chef_id) VALUES (53, 9, 13);
INSERT INTO chefs_recipes_episode (episode_id, recipe_id, chef_id) VALUES (53, 25, 144);
INSERT INTO chefs_recipes_episode (episode_id, recipe_id, chef_id) VALUES (53, 39, 93);
INSERT INTO chefs_recipes_episode (episode_id, recipe_id, chef_id) VALUES (53, 43, 126);
INSERT INTO chefs_recipes_episode (episode_id, recipe_id, chef_id) VALUES (53, 23, 183);
INSERT INTO chefs_recipes_episode (episode_id, recipe_id, chef_id) VALUES (53, 42, 165);
INSERT INTO is_judge (judge_id, episode_id) VALUES (86, 53);
INSERT INTO is_judge (judge_id, episode_id) VALUES (88, 53);
INSERT INTO is_judge (judge_id, episode_id) VALUES (63, 53);
INSERT INTO rates (episode_id,judge_id,contestant_id,score) VALUES (53, 86, 71, 9);
INSERT INTO rates (episode_id,judge_id,contestant_id,score) VALUES (53, 88, 71, 10);
INSERT INTO rates (episode_id,judge_id,contestant_id,score) VALUES (53, 63, 71, 7);
INSERT INTO rates (episode_id,judge_id,contestant_id,score) VALUES (53, 86, 190, 10);
INSERT INTO rates (episode_id,judge_id,contestant_id,score) VALUES (53, 88, 190, 10);
INSERT INTO rates (episode_id,judge_id,contestant_id,score) VALUES (53, 63, 190, 7);
INSERT INTO rates (episode_id,judge_id,contestant_id,score) VALUES (53, 86, 157, 9);
INSERT INTO rates (episode_id,judge_id,contestant_id,score) VALUES (53, 88, 157, 10);
INSERT INTO rates (episode_id,judge_id,contestant_id,score) VALUES (53, 63, 157, 6);
INSERT INTO rates (episode_id,judge_id,contestant_id,score) VALUES (53, 86, 75, 3);
INSERT INTO rates (episode_id,judge_id,contestant_id,score) VALUES (53, 88, 75, 4);
INSERT INTO rates (episode_id,judge_id,contestant_id,score) VALUES (53, 63, 75, 0);
INSERT INTO rates (episode_id,judge_id,contestant_id,score) VALUES (53, 86, 13, 3);
INSERT INTO rates (episode_id,judge_id,contestant_id,score) VALUES (53, 88, 13, 5);
INSERT INTO rates (episode_id,judge_id,contestant_id,score) VALUES (53, 63, 13, 1);
INSERT INTO rates (episode_id,judge_id,contestant_id,score) VALUES (53, 86, 144, 2);
INSERT INTO rates (episode_id,judge_id,contestant_id,score) VALUES (53, 88, 144, 3);
INSERT INTO rates (episode_id,judge_id,contestant_id,score) VALUES (53, 63, 144, 0);
INSERT INTO rates (episode_id,judge_id,contestant_id,score) VALUES (53, 86, 93, 2);
INSERT INTO rates (episode_id,judge_id,contestant_id,score) VALUES (53, 88, 93, 3);
INSERT INTO rates (episode_id,judge_id,contestant_id,score) VALUES (53, 63, 93, -1);
INSERT INTO rates (episode_id,judge_id,contestant_id,score) VALUES (53, 86, 126, 9);
INSERT INTO rates (episode_id,judge_id,contestant_id,score) VALUES (53, 88, 126, 10);
INSERT INTO rates (episode_id,judge_id,contestant_id,score) VALUES (53, 63, 126, 8);
INSERT INTO rates (episode_id,judge_id,contestant_id,score) VALUES (53, 86, 183, 1);
INSERT INTO rates (episode_id,judge_id,contestant_id,score) VALUES (53, 88, 183, 2);
INSERT INTO rates (episode_id,judge_id,contestant_id,score) VALUES (53, 63, 183, -2);
INSERT INTO rates (episode_id,judge_id,contestant_id,score) VALUES (53, 86, 165, 10);
INSERT INTO rates (episode_id,judge_id,contestant_id,score) VALUES (53, 88, 165, 10);
INSERT INTO rates (episode_id,judge_id,contestant_id,score) VALUES (53, 63, 165, 7);

INSERT INTO Episodes (episode_number, year_played) VALUES (4, 2023);
INSERT INTO chefs_recipes_episode (episode_id, recipe_id, chef_id) VALUES (54, 23, 183);
INSERT INTO chefs_recipes_episode (episode_id, recipe_id, chef_id) VALUES (54, 39, 83);
INSERT INTO chefs_recipes_episode (episode_id, recipe_id, chef_id) VALUES (54, 48, 31);
INSERT INTO chefs_recipes_episode (episode_id, recipe_id, chef_id) VALUES (54, 53, 4);
INSERT INTO chefs_recipes_episode (episode_id, recipe_id, chef_id) VALUES (54, 47, 50);
INSERT INTO chefs_recipes_episode (episode_id, recipe_id, chef_id) VALUES (54, 42, 134);
INSERT INTO is_judge (judge_id, episode_id) VALUES (105, 54);
INSERT INTO is_judge (judge_id, episode_id) VALUES (170, 54);
INSERT INTO is_judge (judge_id, episode_id) VALUES (118, 54);
INSERT INTO rates (episode_id,judge_id,contestant_id,score) VALUES (54, 105, 183, 5);
INSERT INTO rates (episode_id,judge_id,contestant_id,score) VALUES (54, 170, 183, 7);
INSERT INTO rates (episode_id,judge_id,contestant_id,score) VALUES (54, 118, 183, 4);
INSERT INTO rates (episode_id,judge_id,contestant_id,score) VALUES (54, 105, 194, 1);
INSERT INTO rates (episode_id,judge_id,contestant_id,score) VALUES (54, 170, 194, 2);
INSERT INTO rates (episode_id,judge_id,contestant_id,score) VALUES (54, 118, 194, -1);
INSERT INTO rates (episode_id,judge_id,contestant_id,score) VALUES (54, 105, 20, 8);
INSERT INTO rates (episode_id,judge_id,contestant_id,score) VALUES (54, 170, 20, 9);
INSERT INTO rates (episode_id,judge_id,contestant_id,score) VALUES (54, 118, 20, 5);
INSERT INTO rates (episode_id,judge_id,contestant_id,score) VALUES (54, 105, 83, 8);
INSERT INTO rates (episode_id,judge_id,contestant_id,score) VALUES (54, 170, 83, 9);
INSERT INTO rates (episode_id,judge_id,contestant_id,score) VALUES (54, 118, 83, 7);
INSERT INTO rates (episode_id,judge_id,contestant_id,score) VALUES (54, 105, 31, 7);
INSERT INTO rates (episode_id,judge_id,contestant_id,score) VALUES (54, 170, 31, 10);
INSERT INTO rates (episode_id,judge_id,contestant_id,score) VALUES (54, 118, 31, 5);
INSERT INTO rates (episode_id,judge_id,contestant_id,score) VALUES (54, 105, 159, 9);
INSERT INTO rates (episode_id,judge_id,contestant_id,score) VALUES (54, 170, 159, 10);
INSERT INTO rates (episode_id,judge_id,contestant_id,score) VALUES (54, 118, 159, 6);
INSERT INTO rates (episode_id,judge_id,contestant_id,score) VALUES (54, 105, 133, 10);
INSERT INTO rates (episode_id,judge_id,contestant_id,score) VALUES (54, 170, 133, 10);
INSERT INTO rates (episode_id,judge_id,contestant_id,score) VALUES (54, 118, 133, 8);
INSERT INTO rates (episode_id,judge_id,contestant_id,score) VALUES (54, 105, 4, 7);
INSERT INTO rates (episode_id,judge_id,contestant_id,score) VALUES (54, 170, 4, 10);
INSERT INTO rates (episode_id,judge_id,contestant_id,score) VALUES (54, 118, 4, 4);
INSERT INTO rates (episode_id,judge_id,contestant_id,score) VALUES (54, 105, 50, 7);
INSERT INTO rates (episode_id,judge_id,contestant_id,score) VALUES (54, 170, 50, 10);
INSERT INTO rates (episode_id,judge_id,contestant_id,score) VALUES (54, 118, 50, 6);
INSERT INTO rates (episode_id,judge_id,contestant_id,score) VALUES (54, 105, 134, 8);
INSERT INTO rates (episode_id,judge_id,contestant_id,score) VALUES (54, 170, 134, 10);
INSERT INTO rates (episode_id,judge_id,contestant_id,score) VALUES (54, 118, 134, 6);

INSERT INTO Episodes (episode_number, year_played) VALUES (5, 2023);
INSERT INTO chefs_recipes_episode (episode_id, recipe_id, chef_id) VALUES (55, 36, 138);
INSERT INTO chefs_recipes_episode (episode_id, recipe_id, chef_id) VALUES (55, 42, 119);
INSERT INTO chefs_recipes_episode (episode_id, recipe_id, chef_id) VALUES (55, 45, 45);
INSERT INTO chefs_recipes_episode (episode_id, recipe_id, chef_id) VALUES (55, 39, 83);
INSERT INTO chefs_recipes_episode (episode_id, recipe_id, chef_id) VALUES (55, 43, 158);
INSERT INTO chefs_recipes_episode (episode_id, recipe_id, chef_id) VALUES (55, 54, 149);
INSERT INTO chefs_recipes_episode (episode_id, recipe_id, chef_id) VALUES (55, 23, 75);
INSERT INTO is_judge (judge_id, episode_id) VALUES (94, 55);
INSERT INTO is_judge (judge_id, episode_id) VALUES (143, 55);
INSERT INTO is_judge (judge_id, episode_id) VALUES (42, 55);
INSERT INTO rates (episode_id,judge_id,contestant_id,score) VALUES (55, 94, 181, 10);
INSERT INTO rates (episode_id,judge_id,contestant_id,score) VALUES (55, 143, 181, 10);
INSERT INTO rates (episode_id,judge_id,contestant_id,score) VALUES (55, 42, 181, 9);
INSERT INTO rates (episode_id,judge_id,contestant_id,score) VALUES (55, 94, 138, 7);
INSERT INTO rates (episode_id,judge_id,contestant_id,score) VALUES (55, 143, 138, 8);
INSERT INTO rates (episode_id,judge_id,contestant_id,score) VALUES (55, 42, 138, 6);
INSERT INTO rates (episode_id,judge_id,contestant_id,score) VALUES (55, 94, 119, 1);
INSERT INTO rates (episode_id,judge_id,contestant_id,score) VALUES (55, 143, 119, 4);
INSERT INTO rates (episode_id,judge_id,contestant_id,score) VALUES (55, 42, 119, -2);
INSERT INTO rates (episode_id,judge_id,contestant_id,score) VALUES (55, 94, 45, 1);
INSERT INTO rates (episode_id,judge_id,contestant_id,score) VALUES (55, 143, 45, 4);
INSERT INTO rates (episode_id,judge_id,contestant_id,score) VALUES (55, 42, 45, 0);
INSERT INTO rates (episode_id,judge_id,contestant_id,score) VALUES (55, 94, 83, 2);
INSERT INTO rates (episode_id,judge_id,contestant_id,score) VALUES (55, 143, 83, 4);
INSERT INTO rates (episode_id,judge_id,contestant_id,score) VALUES (55, 42, 83, 0);
INSERT INTO rates (episode_id,judge_id,contestant_id,score) VALUES (55, 94, 158, 7);
INSERT INTO rates (episode_id,judge_id,contestant_id,score) VALUES (55, 143, 158, 8);
INSERT INTO rates (episode_id,judge_id,contestant_id,score) VALUES (55, 42, 158, 6);
INSERT INTO rates (episode_id,judge_id,contestant_id,score) VALUES (55, 94, 149, 4);
INSERT INTO rates (episode_id,judge_id,contestant_id,score) VALUES (55, 143, 149, 5);
INSERT INTO rates (episode_id,judge_id,contestant_id,score) VALUES (55, 42, 149, 3);
INSERT INTO rates (episode_id,judge_id,contestant_id,score) VALUES (55, 94, 75, 9);
INSERT INTO rates (episode_id,judge_id,contestant_id,score) VALUES (55, 143, 75, 10);
INSERT INTO rates (episode_id,judge_id,contestant_id,score) VALUES (55, 42, 75, 6);
INSERT INTO rates (episode_id,judge_id,contestant_id,score) VALUES (55, 94, 120, 4);
INSERT INTO rates (episode_id,judge_id,contestant_id,score) VALUES (55, 143, 120, 6);
INSERT INTO rates (episode_id,judge_id,contestant_id,score) VALUES (55, 42, 120, 1);
INSERT INTO rates (episode_id,judge_id,contestant_id,score) VALUES (55, 94, 127, 4);
INSERT INTO rates (episode_id,judge_id,contestant_id,score) VALUES (55, 143, 127, 6);
INSERT INTO rates (episode_id,judge_id,contestant_id,score) VALUES (55, 42, 127, 2);

INSERT INTO Episodes (episode_number, year_played) VALUES (6, 2023);
INSERT INTO chefs_recipes_episode (episode_id, recipe_id, chef_id) VALUES (56, 53, 145);
INSERT INTO chefs_recipes_episode (episode_id, recipe_id, chef_id) VALUES (56, 38, 98);
INSERT INTO chefs_recipes_episode (episode_id, recipe_id, chef_id) VALUES (56, 51, 87);
INSERT INTO chefs_recipes_episode (episode_id, recipe_id, chef_id) VALUES (56, 54, 23);
INSERT INTO chefs_recipes_episode (episode_id, recipe_id, chef_id) VALUES (56, 49, 96);
INSERT INTO chefs_recipes_episode (episode_id, recipe_id, chef_id) VALUES (56, 48, 31);
INSERT INTO chefs_recipes_episode (episode_id, recipe_id, chef_id) VALUES (56, 9, 63);
INSERT INTO chefs_recipes_episode (episode_id, recipe_id, chef_id) VALUES (56, 33, 70);
INSERT INTO is_judge (judge_id, episode_id) VALUES (14, 56);
INSERT INTO is_judge (judge_id, episode_id) VALUES (21, 56);
INSERT INTO is_judge (judge_id, episode_id) VALUES (153, 56);
INSERT INTO rates (episode_id,judge_id,contestant_id,score) VALUES (56, 14, 145, 5);
INSERT INTO rates (episode_id,judge_id,contestant_id,score) VALUES (56, 21, 145, 7);
INSERT INTO rates (episode_id,judge_id,contestant_id,score) VALUES (56, 153, 145, 3);
INSERT INTO rates (episode_id,judge_id,contestant_id,score) VALUES (56, 14, 98, 1);
INSERT INTO rates (episode_id,judge_id,contestant_id,score) VALUES (56, 21, 98, 4);
INSERT INTO rates (episode_id,judge_id,contestant_id,score) VALUES (56, 153, 98, -2);
INSERT INTO rates (episode_id,judge_id,contestant_id,score) VALUES (56, 14, 87, 9);
INSERT INTO rates (episode_id,judge_id,contestant_id,score) VALUES (56, 21, 87, 10);
INSERT INTO rates (episode_id,judge_id,contestant_id,score) VALUES (56, 153, 87, 8);
INSERT INTO rates (episode_id,judge_id,contestant_id,score) VALUES (56, 14, 23, 4);
INSERT INTO rates (episode_id,judge_id,contestant_id,score) VALUES (56, 21, 23, 5);
INSERT INTO rates (episode_id,judge_id,contestant_id,score) VALUES (56, 153, 23, 2);
INSERT INTO rates (episode_id,judge_id,contestant_id,score) VALUES (56, 14, 96, 7);
INSERT INTO rates (episode_id,judge_id,contestant_id,score) VALUES (56, 21, 96, 10);
INSERT INTO rates (episode_id,judge_id,contestant_id,score) VALUES (56, 153, 96, 5);
INSERT INTO rates (episode_id,judge_id,contestant_id,score) VALUES (56, 14, 160, 3);
INSERT INTO rates (episode_id,judge_id,contestant_id,score) VALUES (56, 21, 160, 5);
INSERT INTO rates (episode_id,judge_id,contestant_id,score) VALUES (56, 153, 160, 1);
INSERT INTO rates (episode_id,judge_id,contestant_id,score) VALUES (56, 14, 31, 9);
INSERT INTO rates (episode_id,judge_id,contestant_id,score) VALUES (56, 21, 31, 10);
INSERT INTO rates (episode_id,judge_id,contestant_id,score) VALUES (56, 153, 31, 8);
INSERT INTO rates (episode_id,judge_id,contestant_id,score) VALUES (56, 14, 63, 1);
INSERT INTO rates (episode_id,judge_id,contestant_id,score) VALUES (56, 21, 63, 4);
INSERT INTO rates (episode_id,judge_id,contestant_id,score) VALUES (56, 153, 63, 0);
INSERT INTO rates (episode_id,judge_id,contestant_id,score) VALUES (56, 14, 91, 4);
INSERT INTO rates (episode_id,judge_id,contestant_id,score) VALUES (56, 21, 91, 6);
INSERT INTO rates (episode_id,judge_id,contestant_id,score) VALUES (56, 153, 91, 3);
INSERT INTO rates (episode_id,judge_id,contestant_id,score) VALUES (56, 14, 70, 10);
INSERT INTO rates (episode_id,judge_id,contestant_id,score) VALUES (56, 21, 70, 10);
INSERT INTO rates (episode_id,judge_id,contestant_id,score) VALUES (56, 153, 70, 9);

INSERT INTO Episodes (episode_number, year_played) VALUES (7, 2023);
INSERT INTO chefs_recipes_episode (episode_id, recipe_id, chef_id) VALUES (57, 47, 178);
INSERT INTO chefs_recipes_episode (episode_id, recipe_id, chef_id) VALUES (57, 53, 33);
INSERT INTO chefs_recipes_episode (episode_id, recipe_id, chef_id) VALUES (57, 25, 65);
INSERT INTO chefs_recipes_episode (episode_id, recipe_id, chef_id) VALUES (57, 23, 21);
INSERT INTO chefs_recipes_episode (episode_id, recipe_id, chef_id) VALUES (57, 41, 13);
INSERT INTO chefs_recipes_episode (episode_id, recipe_id, chef_id) VALUES (57, 46, 30);
INSERT INTO chefs_recipes_episode (episode_id, recipe_id, chef_id) VALUES (57, 38, 102);
INSERT INTO is_judge (judge_id, episode_id) VALUES (91, 57);
INSERT INTO is_judge (judge_id, episode_id) VALUES (156, 57);
INSERT INTO is_judge (judge_id, episode_id) VALUES (149, 57);
INSERT INTO rates (episode_id,judge_id,contestant_id,score) VALUES (57, 91, 178, 8);
INSERT INTO rates (episode_id,judge_id,contestant_id,score) VALUES (57, 156, 178, 10);
INSERT INTO rates (episode_id,judge_id,contestant_id,score) VALUES (57, 149, 178, 5);
INSERT INTO rates (episode_id,judge_id,contestant_id,score) VALUES (57, 91, 33, 1);
INSERT INTO rates (episode_id,judge_id,contestant_id,score) VALUES (57, 156, 33, 3);
INSERT INTO rates (episode_id,judge_id,contestant_id,score) VALUES (57, 149, 33, -2);
INSERT INTO rates (episode_id,judge_id,contestant_id,score) VALUES (57, 91, 89, 1);
INSERT INTO rates (episode_id,judge_id,contestant_id,score) VALUES (57, 156, 89, 3);
INSERT INTO rates (episode_id,judge_id,contestant_id,score) VALUES (57, 149, 89, 0);
INSERT INTO rates (episode_id,judge_id,contestant_id,score) VALUES (57, 91, 185, 4);
INSERT INTO rates (episode_id,judge_id,contestant_id,score) VALUES (57, 156, 185, 6);
INSERT INTO rates (episode_id,judge_id,contestant_id,score) VALUES (57, 149, 185, 2);
INSERT INTO rates (episode_id,judge_id,contestant_id,score) VALUES (57, 91, 65, 1);
INSERT INTO rates (episode_id,judge_id,contestant_id,score) VALUES (57, 156, 65, 2);
INSERT INTO rates (episode_id,judge_id,contestant_id,score) VALUES (57, 149, 65, -2);
INSERT INTO rates (episode_id,judge_id,contestant_id,score) VALUES (57, 91, 21, 4);
INSERT INTO rates (episode_id,judge_id,contestant_id,score) VALUES (57, 156, 21, 5);
INSERT INTO rates (episode_id,judge_id,contestant_id,score) VALUES (57, 149, 21, 3);
INSERT INTO rates (episode_id,judge_id,contestant_id,score) VALUES (57, 91, 133, 1);
INSERT INTO rates (episode_id,judge_id,contestant_id,score) VALUES (57, 156, 133, 3);
INSERT INTO rates (episode_id,judge_id,contestant_id,score) VALUES (57, 149, 133, 0);
INSERT INTO rates (episode_id,judge_id,contestant_id,score) VALUES (57, 91, 13, 2);
INSERT INTO rates (episode_id,judge_id,contestant_id,score) VALUES (57, 156, 13, 4);
INSERT INTO rates (episode_id,judge_id,contestant_id,score) VALUES (57, 149, 13, 0);
INSERT INTO rates (episode_id,judge_id,contestant_id,score) VALUES (57, 91, 30, 3);
INSERT INTO rates (episode_id,judge_id,contestant_id,score) VALUES (57, 156, 30, 6);
INSERT INTO rates (episode_id,judge_id,contestant_id,score) VALUES (57, 149, 30, 2);
INSERT INTO rates (episode_id,judge_id,contestant_id,score) VALUES (57, 91, 102, 10);
INSERT INTO rates (episode_id,judge_id,contestant_id,score) VALUES (57, 156, 102, 10);
INSERT INTO rates (episode_id,judge_id,contestant_id,score) VALUES (57, 149, 102, 8);

INSERT INTO Episodes (episode_number, year_played) VALUES (8, 2023);
INSERT INTO chefs_recipes_episode (episode_id, recipe_id, chef_id) VALUES (58, 40, 142);
INSERT INTO chefs_recipes_episode (episode_id, recipe_id, chef_id) VALUES (58, 41, 0);
INSERT INTO chefs_recipes_episode (episode_id, recipe_id, chef_id) VALUES (58, 35, 198);
INSERT INTO chefs_recipes_episode (episode_id, recipe_id, chef_id) VALUES (58, 52, 84);
INSERT INTO chefs_recipes_episode (episode_id, recipe_id, chef_id) VALUES (58, 42, 125);
INSERT INTO chefs_recipes_episode (episode_id, recipe_id, chef_id) VALUES (58, 50, 184);
INSERT INTO chefs_recipes_episode (episode_id, recipe_id, chef_id) VALUES (58, 38, 132);
INSERT INTO is_judge (judge_id, episode_id) VALUES (58, 58);
INSERT INTO is_judge (judge_id, episode_id) VALUES (136, 58);
INSERT INTO is_judge (judge_id, episode_id) VALUES (143, 58);
INSERT INTO rates (episode_id,judge_id,contestant_id,score) VALUES (58, 58, 142, 4);
INSERT INTO rates (episode_id,judge_id,contestant_id,score) VALUES (58, 136, 142, 6);
INSERT INTO rates (episode_id,judge_id,contestant_id,score) VALUES (58, 143, 142, 2);
INSERT INTO rates (episode_id,judge_id,contestant_id,score) VALUES (58, 58, 1, 9);
INSERT INTO rates (episode_id,judge_id,contestant_id,score) VALUES (58, 136, 1, 10);
INSERT INTO rates (episode_id,judge_id,contestant_id,score) VALUES (58, 143, 1, 6);
INSERT INTO rates (episode_id,judge_id,contestant_id,score) VALUES (58, 58, 170, 1);
INSERT INTO rates (episode_id,judge_id,contestant_id,score) VALUES (58, 136, 170, 3);
INSERT INTO rates (episode_id,judge_id,contestant_id,score) VALUES (58, 143, 170, -2);
INSERT INTO rates (episode_id,judge_id,contestant_id,score) VALUES (58, 58, 0, 7);
INSERT INTO rates (episode_id,judge_id,contestant_id,score) VALUES (58, 136, 0, 8);
INSERT INTO rates (episode_id,judge_id,contestant_id,score) VALUES (58, 143, 0, 5);
INSERT INTO rates (episode_id,judge_id,contestant_id,score) VALUES (58, 58, 198, 9);
INSERT INTO rates (episode_id,judge_id,contestant_id,score) VALUES (58, 136, 198, 10);
INSERT INTO rates (episode_id,judge_id,contestant_id,score) VALUES (58, 143, 198, 7);
INSERT INTO rates (episode_id,judge_id,contestant_id,score) VALUES (58, 58, 84, 9);
INSERT INTO rates (episode_id,judge_id,contestant_id,score) VALUES (58, 136, 84, 10);
INSERT INTO rates (episode_id,judge_id,contestant_id,score) VALUES (58, 143, 84, 6);
INSERT INTO rates (episode_id,judge_id,contestant_id,score) VALUES (58, 58, 125, 8);
INSERT INTO rates (episode_id,judge_id,contestant_id,score) VALUES (58, 136, 125, 10);
INSERT INTO rates (episode_id,judge_id,contestant_id,score) VALUES (58, 143, 125, 7);
INSERT INTO rates (episode_id,judge_id,contestant_id,score) VALUES (58, 58, 86, 6);
INSERT INTO rates (episode_id,judge_id,contestant_id,score) VALUES (58, 136, 86, 7);
INSERT INTO rates (episode_id,judge_id,contestant_id,score) VALUES (58, 143, 86, 4);
INSERT INTO rates (episode_id,judge_id,contestant_id,score) VALUES (58, 58, 184, 1);
INSERT INTO rates (episode_id,judge_id,contestant_id,score) VALUES (58, 136, 184, 4);
INSERT INTO rates (episode_id,judge_id,contestant_id,score) VALUES (58, 143, 184, -2);
INSERT INTO rates (episode_id,judge_id,contestant_id,score) VALUES (58, 58, 132, 10);
INSERT INTO rates (episode_id,judge_id,contestant_id,score) VALUES (58, 136, 132, 10);
INSERT INTO rates (episode_id,judge_id,contestant_id,score) VALUES (58, 143, 132, 7);

INSERT INTO Episodes (episode_number, year_played) VALUES (9, 2023);
INSERT INTO chefs_recipes_episode (episode_id, recipe_id, chef_id) VALUES (59, 38, 102);
INSERT INTO chefs_recipes_episode (episode_id, recipe_id, chef_id) VALUES (59, 34, 38);
INSERT INTO chefs_recipes_episode (episode_id, recipe_id, chef_id) VALUES (59, 49, 73);
INSERT INTO chefs_recipes_episode (episode_id, recipe_id, chef_id) VALUES (59, 54, 26);
INSERT INTO chefs_recipes_episode (episode_id, recipe_id, chef_id) VALUES (59, 51, 79);
INSERT INTO chefs_recipes_episode (episode_id, recipe_id, chef_id) VALUES (59, 40, 111);
INSERT INTO chefs_recipes_episode (episode_id, recipe_id, chef_id) VALUES (59, 45, 186);
INSERT INTO chefs_recipes_episode (episode_id, recipe_id, chef_id) VALUES (59, 48, 181);
INSERT INTO chefs_recipes_episode (episode_id, recipe_id, chef_id) VALUES (59, 25, 132);
INSERT INTO is_judge (judge_id, episode_id) VALUES (14, 59);
INSERT INTO is_judge (judge_id, episode_id) VALUES (158, 59);
INSERT INTO is_judge (judge_id, episode_id) VALUES (87, 59);
INSERT INTO rates (episode_id,judge_id,contestant_id,score) VALUES (59, 14, 102, 5);
INSERT INTO rates (episode_id,judge_id,contestant_id,score) VALUES (59, 158, 102, 8);
INSERT INTO rates (episode_id,judge_id,contestant_id,score) VALUES (59, 87, 102, 2);
INSERT INTO rates (episode_id,judge_id,contestant_id,score) VALUES (59, 14, 38, 8);
INSERT INTO rates (episode_id,judge_id,contestant_id,score) VALUES (59, 158, 38, 10);
INSERT INTO rates (episode_id,judge_id,contestant_id,score) VALUES (59, 87, 38, 7);
INSERT INTO rates (episode_id,judge_id,contestant_id,score) VALUES (59, 14, 73, 6);
INSERT INTO rates (episode_id,judge_id,contestant_id,score) VALUES (59, 158, 73, 9);
INSERT INTO rates (episode_id,judge_id,contestant_id,score) VALUES (59, 87, 73, 4);
INSERT INTO rates (episode_id,judge_id,contestant_id,score) VALUES (59, 14, 113, 10);
INSERT INTO rates (episode_id,judge_id,contestant_id,score) VALUES (59, 158, 113, 10);
INSERT INTO rates (episode_id,judge_id,contestant_id,score) VALUES (59, 87, 113, 8);
INSERT INTO rates (episode_id,judge_id,contestant_id,score) VALUES (59, 14, 26, 3);
INSERT INTO rates (episode_id,judge_id,contestant_id,score) VALUES (59, 158, 26, 6);
INSERT INTO rates (episode_id,judge_id,contestant_id,score) VALUES (59, 87, 26, 0);
INSERT INTO rates (episode_id,judge_id,contestant_id,score) VALUES (59, 14, 79, 4);
INSERT INTO rates (episode_id,judge_id,contestant_id,score) VALUES (59, 158, 79, 5);
INSERT INTO rates (episode_id,judge_id,contestant_id,score) VALUES (59, 87, 79, 2);
INSERT INTO rates (episode_id,judge_id,contestant_id,score) VALUES (59, 14, 111, 7);
INSERT INTO rates (episode_id,judge_id,contestant_id,score) VALUES (59, 158, 111, 8);
INSERT INTO rates (episode_id,judge_id,contestant_id,score) VALUES (59, 87, 111, 6);
INSERT INTO rates (episode_id,judge_id,contestant_id,score) VALUES (59, 14, 186, 6);
INSERT INTO rates (episode_id,judge_id,contestant_id,score) VALUES (59, 158, 186, 7);
INSERT INTO rates (episode_id,judge_id,contestant_id,score) VALUES (59, 87, 186, 5);
INSERT INTO rates (episode_id,judge_id,contestant_id,score) VALUES (59, 14, 181, 4);
INSERT INTO rates (episode_id,judge_id,contestant_id,score) VALUES (59, 158, 181, 5);
INSERT INTO rates (episode_id,judge_id,contestant_id,score) VALUES (59, 87, 181, 3);
INSERT INTO rates (episode_id,judge_id,contestant_id,score) VALUES (59, 14, 132, 8);
INSERT INTO rates (episode_id,judge_id,contestant_id,score) VALUES (59, 158, 132, 9);
INSERT INTO rates (episode_id,judge_id,contestant_id,score) VALUES (59, 87, 132, 5);

INSERT INTO Episodes (episode_number, year_played) VALUES (10, 2023);
INSERT INTO chefs_recipes_episode (episode_id, recipe_id, chef_id) VALUES (60, 36, 6);
INSERT INTO chefs_recipes_episode (episode_id, recipe_id, chef_id) VALUES (60, 49, 44);
INSERT INTO chefs_recipes_episode (episode_id, recipe_id, chef_id) VALUES (60, 42, 182);
INSERT INTO chefs_recipes_episode (episode_id, recipe_id, chef_id) VALUES (60, 9, 149);
INSERT INTO chefs_recipes_episode (episode_id, recipe_id, chef_id) VALUES (60, 35, 147);
INSERT INTO chefs_recipes_episode (episode_id, recipe_id, chef_id) VALUES (60, 38, 102);
INSERT INTO chefs_recipes_episode (episode_id, recipe_id, chef_id) VALUES (60, 46, 99);
INSERT INTO chefs_recipes_episode (episode_id, recipe_id, chef_id) VALUES (60, 45, 105);
INSERT INTO is_judge (judge_id, episode_id) VALUES (198, 60);
INSERT INTO is_judge (judge_id, episode_id) VALUES (96, 60);
INSERT INTO is_judge (judge_id, episode_id) VALUES (19, 60);
INSERT INTO rates (episode_id,judge_id,contestant_id,score) VALUES (60, 198, 6, 8);
INSERT INTO rates (episode_id,judge_id,contestant_id,score) VALUES (60, 96, 6, 10);
INSERT INTO rates (episode_id,judge_id,contestant_id,score) VALUES (60, 19, 6, 5);
INSERT INTO rates (episode_id,judge_id,contestant_id,score) VALUES (60, 198, 44, 8);
INSERT INTO rates (episode_id,judge_id,contestant_id,score) VALUES (60, 96, 44, 10);
INSERT INTO rates (episode_id,judge_id,contestant_id,score) VALUES (60, 19, 44, 5);
INSERT INTO rates (episode_id,judge_id,contestant_id,score) VALUES (60, 198, 164, 10);
INSERT INTO rates (episode_id,judge_id,contestant_id,score) VALUES (60, 96, 164, 10);
INSERT INTO rates (episode_id,judge_id,contestant_id,score) VALUES (60, 19, 164, 7);
INSERT INTO rates (episode_id,judge_id,contestant_id,score) VALUES (60, 198, 182, 10);
INSERT INTO rates (episode_id,judge_id,contestant_id,score) VALUES (60, 96, 182, 10);
INSERT INTO rates (episode_id,judge_id,contestant_id,score) VALUES (60, 19, 182, 8);
INSERT INTO rates (episode_id,judge_id,contestant_id,score) VALUES (60, 198, 149, 2);
INSERT INTO rates (episode_id,judge_id,contestant_id,score) VALUES (60, 96, 149, 4);
INSERT INTO rates (episode_id,judge_id,contestant_id,score) VALUES (60, 19, 149, 1);
INSERT INTO rates (episode_id,judge_id,contestant_id,score) VALUES (60, 198, 147, 6);
INSERT INTO rates (episode_id,judge_id,contestant_id,score) VALUES (60, 96, 147, 7);
INSERT INTO rates (episode_id,judge_id,contestant_id,score) VALUES (60, 19, 147, 3);
INSERT INTO rates (episode_id,judge_id,contestant_id,score) VALUES (60, 198, 111, 3);
INSERT INTO rates (episode_id,judge_id,contestant_id,score) VALUES (60, 96, 111, 6);
INSERT INTO rates (episode_id,judge_id,contestant_id,score) VALUES (60, 19, 111, 2);
INSERT INTO rates (episode_id,judge_id,contestant_id,score) VALUES (60, 198, 102, 10);
INSERT INTO rates (episode_id,judge_id,contestant_id,score) VALUES (60, 96, 102, 10);
INSERT INTO rates (episode_id,judge_id,contestant_id,score) VALUES (60, 19, 102, 8);
INSERT INTO rates (episode_id,judge_id,contestant_id,score) VALUES (60, 198, 99, 10);
INSERT INTO rates (episode_id,judge_id,contestant_id,score) VALUES (60, 96, 99, 10);
INSERT INTO rates (episode_id,judge_id,contestant_id,score) VALUES (60, 19, 99, 7);
INSERT INTO rates (episode_id,judge_id,contestant_id,score) VALUES (60, 198, 105, 1);
INSERT INTO rates (episode_id,judge_id,contestant_id,score) VALUES (60, 96, 105, 3);
INSERT INTO rates (episode_id,judge_id,contestant_id,score) VALUES (60, 19, 105, 0);

INSERT INTO Episodes (episode_number, year_played) VALUES (1, 2024);
INSERT INTO chefs_recipes_episode (episode_id, recipe_id, chef_id) VALUES (61, 50, 56);
INSERT INTO chefs_recipes_episode (episode_id, recipe_id, chef_id) VALUES (61, 47, 178);
INSERT INTO chefs_recipes_episode (episode_id, recipe_id, chef_id) VALUES (61, 45, 153);
INSERT INTO chefs_recipes_episode (episode_id, recipe_id, chef_id) VALUES (61, 40, 40);
INSERT INTO chefs_recipes_episode (episode_id, recipe_id, chef_id) VALUES (61, 48, 62);
INSERT INTO chefs_recipes_episode (episode_id, recipe_id, chef_id) VALUES (61, 43, 140);
INSERT INTO is_judge (judge_id, episode_id) VALUES (155, 61);
INSERT INTO is_judge (judge_id, episode_id) VALUES (135, 61);
INSERT INTO is_judge (judge_id, episode_id) VALUES (82, 61);
INSERT INTO rates (episode_id,judge_id,contestant_id,score) VALUES (61, 155, 185, 10);
INSERT INTO rates (episode_id,judge_id,contestant_id,score) VALUES (61, 135, 185, 10);
INSERT INTO rates (episode_id,judge_id,contestant_id,score) VALUES (61, 82, 185, 7);
INSERT INTO rates (episode_id,judge_id,contestant_id,score) VALUES (61, 155, 56, 3);
INSERT INTO rates (episode_id,judge_id,contestant_id,score) VALUES (61, 135, 56, 5);
INSERT INTO rates (episode_id,judge_id,contestant_id,score) VALUES (61, 82, 56, 2);
INSERT INTO rates (episode_id,judge_id,contestant_id,score) VALUES (61, 155, 178, 6);
INSERT INTO rates (episode_id,judge_id,contestant_id,score) VALUES (61, 135, 178, 8);
INSERT INTO rates (episode_id,judge_id,contestant_id,score) VALUES (61, 82, 178, 4);
INSERT INTO rates (episode_id,judge_id,contestant_id,score) VALUES (61, 155, 153, 4);
INSERT INTO rates (episode_id,judge_id,contestant_id,score) VALUES (61, 135, 153, 7);
INSERT INTO rates (episode_id,judge_id,contestant_id,score) VALUES (61, 82, 153, 3);
INSERT INTO rates (episode_id,judge_id,contestant_id,score) VALUES (61, 155, 70, 5);
INSERT INTO rates (episode_id,judge_id,contestant_id,score) VALUES (61, 135, 70, 6);
INSERT INTO rates (episode_id,judge_id,contestant_id,score) VALUES (61, 82, 70, 3);
INSERT INTO rates (episode_id,judge_id,contestant_id,score) VALUES (61, 155, 48, 7);
INSERT INTO rates (episode_id,judge_id,contestant_id,score) VALUES (61, 135, 48, 9);
INSERT INTO rates (episode_id,judge_id,contestant_id,score) VALUES (61, 82, 48, 6);
INSERT INTO rates (episode_id,judge_id,contestant_id,score) VALUES (61, 155, 40, 5);
INSERT INTO rates (episode_id,judge_id,contestant_id,score) VALUES (61, 135, 40, 7);
INSERT INTO rates (episode_id,judge_id,contestant_id,score) VALUES (61, 82, 40, 3);
INSERT INTO rates (episode_id,judge_id,contestant_id,score) VALUES (61, 155, 98, 3);
INSERT INTO rates (episode_id,judge_id,contestant_id,score) VALUES (61, 135, 98, 5);
INSERT INTO rates (episode_id,judge_id,contestant_id,score) VALUES (61, 82, 98, 0);
INSERT INTO rates (episode_id,judge_id,contestant_id,score) VALUES (61, 155, 62, 1);
INSERT INTO rates (episode_id,judge_id,contestant_id,score) VALUES (61, 135, 62, 4);
INSERT INTO rates (episode_id,judge_id,contestant_id,score) VALUES (61, 82, 62, -1);
INSERT INTO rates (episode_id,judge_id,contestant_id,score) VALUES (61, 155, 140, 1);
INSERT INTO rates (episode_id,judge_id,contestant_id,score) VALUES (61, 135, 140, 2);
INSERT INTO rates (episode_id,judge_id,contestant_id,score) VALUES (61, 82, 140, -1);

INSERT INTO Episodes (episode_number, year_played) VALUES (2, 2024);
INSERT INTO chefs_recipes_episode (episode_id, recipe_id, chef_id) VALUES (62, 23, 97);
INSERT INTO chefs_recipes_episode (episode_id, recipe_id, chef_id) VALUES (62, 36, 159);
INSERT INTO chefs_recipes_episode (episode_id, recipe_id, chef_id) VALUES (62, 50, 139);
INSERT INTO chefs_recipes_episode (episode_id, recipe_id, chef_id) VALUES (62, 47, 50);
INSERT INTO chefs_recipes_episode (episode_id, recipe_id, chef_id) VALUES (62, 53, 130);
INSERT INTO chefs_recipes_episode (episode_id, recipe_id, chef_id) VALUES (62, 49, 91);
INSERT INTO chefs_recipes_episode (episode_id, recipe_id, chef_id) VALUES (62, 45, 113);
INSERT INTO is_judge (judge_id, episode_id) VALUES (131, 62);
INSERT INTO is_judge (judge_id, episode_id) VALUES (154, 62);
INSERT INTO is_judge (judge_id, episode_id) VALUES (149, 62);
INSERT INTO rates (episode_id,judge_id,contestant_id,score) VALUES (62, 131, 97, 2);
INSERT INTO rates (episode_id,judge_id,contestant_id,score) VALUES (62, 154, 97, 3);
INSERT INTO rates (episode_id,judge_id,contestant_id,score) VALUES (62, 149, 97, 1);
INSERT INTO rates (episode_id,judge_id,contestant_id,score) VALUES (62, 131, 159, 4);
INSERT INTO rates (episode_id,judge_id,contestant_id,score) VALUES (62, 154, 159, 5);
INSERT INTO rates (episode_id,judge_id,contestant_id,score) VALUES (62, 149, 159, 1);
INSERT INTO rates (episode_id,judge_id,contestant_id,score) VALUES (62, 131, 197, 5);
INSERT INTO rates (episode_id,judge_id,contestant_id,score) VALUES (62, 154, 197, 7);
INSERT INTO rates (episode_id,judge_id,contestant_id,score) VALUES (62, 149, 197, 2);
INSERT INTO rates (episode_id,judge_id,contestant_id,score) VALUES (62, 131, 139, 6);
INSERT INTO rates (episode_id,judge_id,contestant_id,score) VALUES (62, 154, 139, 7);
INSERT INTO rates (episode_id,judge_id,contestant_id,score) VALUES (62, 149, 139, 5);
INSERT INTO rates (episode_id,judge_id,contestant_id,score) VALUES (62, 131, 50, 5);
INSERT INTO rates (episode_id,judge_id,contestant_id,score) VALUES (62, 154, 50, 7);
INSERT INTO rates (episode_id,judge_id,contestant_id,score) VALUES (62, 149, 50, 3);
INSERT INTO rates (episode_id,judge_id,contestant_id,score) VALUES (62, 131, 130, 1);
INSERT INTO rates (episode_id,judge_id,contestant_id,score) VALUES (62, 154, 130, 2);
INSERT INTO rates (episode_id,judge_id,contestant_id,score) VALUES (62, 149, 130, -1);
INSERT INTO rates (episode_id,judge_id,contestant_id,score) VALUES (62, 131, 135, 10);
INSERT INTO rates (episode_id,judge_id,contestant_id,score) VALUES (62, 154, 135, 10);
INSERT INTO rates (episode_id,judge_id,contestant_id,score) VALUES (62, 149, 135, 7);
INSERT INTO rates (episode_id,judge_id,contestant_id,score) VALUES (62, 131, 91, 2);
INSERT INTO rates (episode_id,judge_id,contestant_id,score) VALUES (62, 154, 91, 4);
INSERT INTO rates (episode_id,judge_id,contestant_id,score) VALUES (62, 149, 91, 0);
INSERT INTO rates (episode_id,judge_id,contestant_id,score) VALUES (62, 131, 113, 3);
INSERT INTO rates (episode_id,judge_id,contestant_id,score) VALUES (62, 154, 113, 5);
INSERT INTO rates (episode_id,judge_id,contestant_id,score) VALUES (62, 149, 113, 0);
INSERT INTO rates (episode_id,judge_id,contestant_id,score) VALUES (62, 131, 31, 10);
INSERT INTO rates (episode_id,judge_id,contestant_id,score) VALUES (62, 154, 31, 10);
INSERT INTO rates (episode_id,judge_id,contestant_id,score) VALUES (62, 149, 31, 9);

INSERT INTO Episodes (episode_number, year_played) VALUES (3, 2024);
INSERT INTO chefs_recipes_episode (episode_id, recipe_id, chef_id) VALUES (63, 52, 54);
INSERT INTO chefs_recipes_episode (episode_id, recipe_id, chef_id) VALUES (63, 36, 161);
INSERT INTO chefs_recipes_episode (episode_id, recipe_id, chef_id) VALUES (63, 33, 159);
INSERT INTO chefs_recipes_episode (episode_id, recipe_id, chef_id) VALUES (63, 46, 153);
INSERT INTO chefs_recipes_episode (episode_id, recipe_id, chef_id) VALUES (63, 49, 121);
INSERT INTO chefs_recipes_episode (episode_id, recipe_id, chef_id) VALUES (63, 25, 65);
INSERT INTO chefs_recipes_episode (episode_id, recipe_id, chef_id) VALUES (63, 48, 156);
INSERT INTO is_judge (judge_id, episode_id) VALUES (111, 63);
INSERT INTO is_judge (judge_id, episode_id) VALUES (108, 63);
INSERT INTO is_judge (judge_id, episode_id) VALUES (134, 63);
INSERT INTO rates (episode_id,judge_id,contestant_id,score) VALUES (63, 111, 15, 3);
INSERT INTO rates (episode_id,judge_id,contestant_id,score) VALUES (63, 108, 15, 5);
INSERT INTO rates (episode_id,judge_id,contestant_id,score) VALUES (63, 134, 15, 1);
INSERT INTO rates (episode_id,judge_id,contestant_id,score) VALUES (63, 111, 54, 6);
INSERT INTO rates (episode_id,judge_id,contestant_id,score) VALUES (63, 108, 54, 7);
INSERT INTO rates (episode_id,judge_id,contestant_id,score) VALUES (63, 134, 54, 4);
INSERT INTO rates (episode_id,judge_id,contestant_id,score) VALUES (63, 111, 161, 6);
INSERT INTO rates (episode_id,judge_id,contestant_id,score) VALUES (63, 108, 161, 7);
INSERT INTO rates (episode_id,judge_id,contestant_id,score) VALUES (63, 134, 161, 3);
INSERT INTO rates (episode_id,judge_id,contestant_id,score) VALUES (63, 111, 159, 3);
INSERT INTO rates (episode_id,judge_id,contestant_id,score) VALUES (63, 108, 159, 4);
INSERT INTO rates (episode_id,judge_id,contestant_id,score) VALUES (63, 134, 159, 0);
INSERT INTO rates (episode_id,judge_id,contestant_id,score) VALUES (63, 111, 153, 5);
INSERT INTO rates (episode_id,judge_id,contestant_id,score) VALUES (63, 108, 153, 7);
INSERT INTO rates (episode_id,judge_id,contestant_id,score) VALUES (63, 134, 153, 3);
INSERT INTO rates (episode_id,judge_id,contestant_id,score) VALUES (63, 111, 121, 5);
INSERT INTO rates (episode_id,judge_id,contestant_id,score) VALUES (63, 108, 121, 7);
INSERT INTO rates (episode_id,judge_id,contestant_id,score) VALUES (63, 134, 121, 2);
INSERT INTO rates (episode_id,judge_id,contestant_id,score) VALUES (63, 111, 65, 9);
INSERT INTO rates (episode_id,judge_id,contestant_id,score) VALUES (63, 108, 65, 10);
INSERT INTO rates (episode_id,judge_id,contestant_id,score) VALUES (63, 134, 65, 6);
INSERT INTO rates (episode_id,judge_id,contestant_id,score) VALUES (63, 111, 156, 9);
INSERT INTO rates (episode_id,judge_id,contestant_id,score) VALUES (63, 108, 156, 10);
INSERT INTO rates (episode_id,judge_id,contestant_id,score) VALUES (63, 134, 156, 6);
INSERT INTO rates (episode_id,judge_id,contestant_id,score) VALUES (63, 111, 160, 1);
INSERT INTO rates (episode_id,judge_id,contestant_id,score) VALUES (63, 108, 160, 4);
INSERT INTO rates (episode_id,judge_id,contestant_id,score) VALUES (63, 134, 160, -2);
INSERT INTO rates (episode_id,judge_id,contestant_id,score) VALUES (63, 111, 188, 9);
INSERT INTO rates (episode_id,judge_id,contestant_id,score) VALUES (63, 108, 188, 10);
INSERT INTO rates (episode_id,judge_id,contestant_id,score) VALUES (63, 134, 188, 8);

INSERT INTO Episodes (episode_number, year_played) VALUES (4, 2024);
INSERT INTO chefs_recipes_episode (episode_id, recipe_id, chef_id) VALUES (64, 52, 166);
INSERT INTO chefs_recipes_episode (episode_id, recipe_id, chef_id) VALUES (64, 47, 157);
INSERT INTO chefs_recipes_episode (episode_id, recipe_id, chef_id) VALUES (64, 44, 160);
INSERT INTO chefs_recipes_episode (episode_id, recipe_id, chef_id) VALUES (64, 43, 173);
INSERT INTO chefs_recipes_episode (episode_id, recipe_id, chef_id) VALUES (64, 35, 85);
INSERT INTO chefs_recipes_episode (episode_id, recipe_id, chef_id) VALUES (64, 39, 128);
INSERT INTO is_judge (judge_id, episode_id) VALUES (87, 64);
INSERT INTO is_judge (judge_id, episode_id) VALUES (139, 64);
INSERT INTO is_judge (judge_id, episode_id) VALUES (101, 64);
INSERT INTO rates (episode_id,judge_id,contestant_id,score) VALUES (64, 87, 23, 2);
INSERT INTO rates (episode_id,judge_id,contestant_id,score) VALUES (64, 139, 23, 4);
INSERT INTO rates (episode_id,judge_id,contestant_id,score) VALUES (64, 101, 23, 0);
INSERT INTO rates (episode_id,judge_id,contestant_id,score) VALUES (64, 87, 12, 6);
INSERT INTO rates (episode_id,judge_id,contestant_id,score) VALUES (64, 139, 12, 9);
INSERT INTO rates (episode_id,judge_id,contestant_id,score) VALUES (64, 101, 12, 5);
INSERT INTO rates (episode_id,judge_id,contestant_id,score) VALUES (64, 87, 63, 2);
INSERT INTO rates (episode_id,judge_id,contestant_id,score) VALUES (64, 139, 63, 5);
INSERT INTO rates (episode_id,judge_id,contestant_id,score) VALUES (64, 101, 63, 0);
INSERT INTO rates (episode_id,judge_id,contestant_id,score) VALUES (64, 87, 166, 5);
INSERT INTO rates (episode_id,judge_id,contestant_id,score) VALUES (64, 139, 166, 6);
INSERT INTO rates (episode_id,judge_id,contestant_id,score) VALUES (64, 101, 166, 2);
INSERT INTO rates (episode_id,judge_id,contestant_id,score) VALUES (64, 87, 157, 1);
INSERT INTO rates (episode_id,judge_id,contestant_id,score) VALUES (64, 139, 157, 4);
INSERT INTO rates (episode_id,judge_id,contestant_id,score) VALUES (64, 101, 157, -1);
INSERT INTO rates (episode_id,judge_id,contestant_id,score) VALUES (64, 87, 160, 3);
INSERT INTO rates (episode_id,judge_id,contestant_id,score) VALUES (64, 139, 160, 5);
INSERT INTO rates (episode_id,judge_id,contestant_id,score) VALUES (64, 101, 160, 0);
INSERT INTO rates (episode_id,judge_id,contestant_id,score) VALUES (64, 87, 173, 6);
INSERT INTO rates (episode_id,judge_id,contestant_id,score) VALUES (64, 139, 173, 8);
INSERT INTO rates (episode_id,judge_id,contestant_id,score) VALUES (64, 101, 173, 3);
INSERT INTO rates (episode_id,judge_id,contestant_id,score) VALUES (64, 87, 85, 4);
INSERT INTO rates (episode_id,judge_id,contestant_id,score) VALUES (64, 139, 85, 5);
INSERT INTO rates (episode_id,judge_id,contestant_id,score) VALUES (64, 101, 85, 2);
INSERT INTO rates (episode_id,judge_id,contestant_id,score) VALUES (64, 87, 128, 7);
INSERT INTO rates (episode_id,judge_id,contestant_id,score) VALUES (64, 139, 128, 8);
INSERT INTO rates (episode_id,judge_id,contestant_id,score) VALUES (64, 101, 128, 4);
INSERT INTO rates (episode_id,judge_id,contestant_id,score) VALUES (64, 87, 45, 4);
INSERT INTO rates (episode_id,judge_id,contestant_id,score) VALUES (64, 139, 45, 5);
INSERT INTO rates (episode_id,judge_id,contestant_id,score) VALUES (64, 101, 45, 2);

INSERT INTO Episodes (episode_number, year_played) VALUES (5, 2024);
INSERT INTO chefs_recipes_episode (episode_id, recipe_id, chef_id) VALUES (65, 45, 14);
INSERT INTO chefs_recipes_episode (episode_id, recipe_id, chef_id) VALUES (65, 26, 163);
INSERT INTO chefs_recipes_episode (episode_id, recipe_id, chef_id) VALUES (65, 43, 194);
INSERT INTO chefs_recipes_episode (episode_id, recipe_id, chef_id) VALUES (65, 46, 136);
INSERT INTO chefs_recipes_episode (episode_id, recipe_id, chef_id) VALUES (65, 35, 36);
INSERT INTO chefs_recipes_episode (episode_id, recipe_id, chef_id) VALUES (65, 9, 63);
INSERT INTO chefs_recipes_episode (episode_id, recipe_id, chef_id) VALUES (65, 44, 127);
INSERT INTO chefs_recipes_episode (episode_id, recipe_id, chef_id) VALUES (65, 42, 134);
INSERT INTO is_judge (judge_id, episode_id) VALUES (81, 65);
INSERT INTO is_judge (judge_id, episode_id) VALUES (122, 65);
INSERT INTO is_judge (judge_id, episode_id) VALUES (106, 65);
INSERT INTO rates (episode_id,judge_id,contestant_id,score) VALUES (65, 81, 14, 8);
INSERT INTO rates (episode_id,judge_id,contestant_id,score) VALUES (65, 122, 14, 10);
INSERT INTO rates (episode_id,judge_id,contestant_id,score) VALUES (65, 106, 14, 5);
INSERT INTO rates (episode_id,judge_id,contestant_id,score) VALUES (65, 81, 163, 2);
INSERT INTO rates (episode_id,judge_id,contestant_id,score) VALUES (65, 122, 163, 3);
INSERT INTO rates (episode_id,judge_id,contestant_id,score) VALUES (65, 106, 163, -1);
INSERT INTO rates (episode_id,judge_id,contestant_id,score) VALUES (65, 81, 194, 2);
INSERT INTO rates (episode_id,judge_id,contestant_id,score) VALUES (65, 122, 194, 5);
INSERT INTO rates (episode_id,judge_id,contestant_id,score) VALUES (65, 106, 194, 0);
INSERT INTO rates (episode_id,judge_id,contestant_id,score) VALUES (65, 81, 4, 1);
INSERT INTO rates (episode_id,judge_id,contestant_id,score) VALUES (65, 122, 4, 2);
INSERT INTO rates (episode_id,judge_id,contestant_id,score) VALUES (65, 106, 4, -1);
INSERT INTO rates (episode_id,judge_id,contestant_id,score) VALUES (65, 81, 136, 5);
INSERT INTO rates (episode_id,judge_id,contestant_id,score) VALUES (65, 122, 136, 6);
INSERT INTO rates (episode_id,judge_id,contestant_id,score) VALUES (65, 106, 136, 4);
INSERT INTO rates (episode_id,judge_id,contestant_id,score) VALUES (65, 81, 36, 10);
INSERT INTO rates (episode_id,judge_id,contestant_id,score) VALUES (65, 122, 36, 10);
INSERT INTO rates (episode_id,judge_id,contestant_id,score) VALUES (65, 106, 36, 9);
INSERT INTO rates (episode_id,judge_id,contestant_id,score) VALUES (65, 81, 63, 7);
INSERT INTO rates (episode_id,judge_id,contestant_id,score) VALUES (65, 122, 63, 8);
INSERT INTO rates (episode_id,judge_id,contestant_id,score) VALUES (65, 106, 63, 4);
INSERT INTO rates (episode_id,judge_id,contestant_id,score) VALUES (65, 81, 127, 2);
INSERT INTO rates (episode_id,judge_id,contestant_id,score) VALUES (65, 122, 127, 4);
INSERT INTO rates (episode_id,judge_id,contestant_id,score) VALUES (65, 106, 127, 0);
INSERT INTO rates (episode_id,judge_id,contestant_id,score) VALUES (65, 81, 145, 2);
INSERT INTO rates (episode_id,judge_id,contestant_id,score) VALUES (65, 122, 145, 5);
INSERT INTO rates (episode_id,judge_id,contestant_id,score) VALUES (65, 106, 145, 0);
INSERT INTO rates (episode_id,judge_id,contestant_id,score) VALUES (65, 81, 134, 9);
INSERT INTO rates (episode_id,judge_id,contestant_id,score) VALUES (65, 122, 134, 10);
INSERT INTO rates (episode_id,judge_id,contestant_id,score) VALUES (65, 106, 134, 6);

INSERT INTO Episodes (episode_number, year_played) VALUES (6, 2024);
INSERT INTO chefs_recipes_episode (episode_id, recipe_id, chef_id) VALUES (66, 48, 156);
INSERT INTO chefs_recipes_episode (episode_id, recipe_id, chef_id) VALUES (66, 49, 46);
INSERT INTO chefs_recipes_episode (episode_id, recipe_id, chef_id) VALUES (66, 26, 152);
INSERT INTO chefs_recipes_episode (episode_id, recipe_id, chef_id) VALUES (66, 35, 198);
INSERT INTO chefs_recipes_episode (episode_id, recipe_id, chef_id) VALUES (66, 44, 141);
INSERT INTO chefs_recipes_episode (episode_id, recipe_id, chef_id) VALUES (66, 23, 20);
INSERT INTO chefs_recipes_episode (episode_id, recipe_id, chef_id) VALUES (66, 38, 102);
INSERT INTO chefs_recipes_episode (episode_id, recipe_id, chef_id) VALUES (66, 40, 146);
INSERT INTO chefs_recipes_episode (episode_id, recipe_id, chef_id) VALUES (66, 36, 6);
INSERT INTO is_judge (judge_id, episode_id) VALUES (92, 66);
INSERT INTO is_judge (judge_id, episode_id) VALUES (175, 66);
INSERT INTO is_judge (judge_id, episode_id) VALUES (66, 66);
INSERT INTO rates (episode_id,judge_id,contestant_id,score) VALUES (66, 92, 156, 8);
INSERT INTO rates (episode_id,judge_id,contestant_id,score) VALUES (66, 175, 156, 9);
INSERT INTO rates (episode_id,judge_id,contestant_id,score) VALUES (66, 66, 156, 7);
INSERT INTO rates (episode_id,judge_id,contestant_id,score) VALUES (66, 92, 46, 2);
INSERT INTO rates (episode_id,judge_id,contestant_id,score) VALUES (66, 175, 46, 5);
INSERT INTO rates (episode_id,judge_id,contestant_id,score) VALUES (66, 66, 46, 1);
INSERT INTO rates (episode_id,judge_id,contestant_id,score) VALUES (66, 92, 168, 4);
INSERT INTO rates (episode_id,judge_id,contestant_id,score) VALUES (66, 175, 168, 5);
INSERT INTO rates (episode_id,judge_id,contestant_id,score) VALUES (66, 66, 168, 1);
INSERT INTO rates (episode_id,judge_id,contestant_id,score) VALUES (66, 92, 152, 7);
INSERT INTO rates (episode_id,judge_id,contestant_id,score) VALUES (66, 175, 152, 10);
INSERT INTO rates (episode_id,judge_id,contestant_id,score) VALUES (66, 66, 152, 5);
INSERT INTO rates (episode_id,judge_id,contestant_id,score) VALUES (66, 92, 198, 8);
INSERT INTO rates (episode_id,judge_id,contestant_id,score) VALUES (66, 175, 198, 9);
INSERT INTO rates (episode_id,judge_id,contestant_id,score) VALUES (66, 66, 198, 7);
INSERT INTO rates (episode_id,judge_id,contestant_id,score) VALUES (66, 92, 141, 2);
INSERT INTO rates (episode_id,judge_id,contestant_id,score) VALUES (66, 175, 141, 4);
INSERT INTO rates (episode_id,judge_id,contestant_id,score) VALUES (66, 66, 141, 0);
INSERT INTO rates (episode_id,judge_id,contestant_id,score) VALUES (66, 92, 20, 6);
INSERT INTO rates (episode_id,judge_id,contestant_id,score) VALUES (66, 175, 20, 9);
INSERT INTO rates (episode_id,judge_id,contestant_id,score) VALUES (66, 66, 20, 5);
INSERT INTO rates (episode_id,judge_id,contestant_id,score) VALUES (66, 92, 102, 8);
INSERT INTO rates (episode_id,judge_id,contestant_id,score) VALUES (66, 175, 102, 10);
INSERT INTO rates (episode_id,judge_id,contestant_id,score) VALUES (66, 66, 102, 7);
INSERT INTO rates (episode_id,judge_id,contestant_id,score) VALUES (66, 92, 146, 8);
INSERT INTO rates (episode_id,judge_id,contestant_id,score) VALUES (66, 175, 146, 10);
INSERT INTO rates (episode_id,judge_id,contestant_id,score) VALUES (66, 66, 146, 6);
INSERT INTO rates (episode_id,judge_id,contestant_id,score) VALUES (66, 92, 6, 7);
INSERT INTO rates (episode_id,judge_id,contestant_id,score) VALUES (66, 175, 6, 9);
INSERT INTO rates (episode_id,judge_id,contestant_id,score) VALUES (66, 66, 6, 6);

INSERT INTO Episodes (episode_number, year_played) VALUES (7, 2024);
INSERT INTO chefs_recipes_episode (episode_id, recipe_id, chef_id) VALUES (67, 23, 183);
INSERT INTO chefs_recipes_episode (episode_id, recipe_id, chef_id) VALUES (67, 43, 64);
INSERT INTO chefs_recipes_episode (episode_id, recipe_id, chef_id) VALUES (67, 37, 55);
INSERT INTO chefs_recipes_episode (episode_id, recipe_id, chef_id) VALUES (67, 54, 85);
INSERT INTO chefs_recipes_episode (episode_id, recipe_id, chef_id) VALUES (67, 48, 114);
INSERT INTO chefs_recipes_episode (episode_id, recipe_id, chef_id) VALUES (67, 42, 92);
INSERT INTO chefs_recipes_episode (episode_id, recipe_id, chef_id) VALUES (67, 25, 168);
INSERT INTO chefs_recipes_episode (episode_id, recipe_id, chef_id) VALUES (67, 45, 153);
INSERT INTO is_judge (judge_id, episode_id) VALUES (48, 67);
INSERT INTO is_judge (judge_id, episode_id) VALUES (40, 67);
INSERT INTO is_judge (judge_id, episode_id) VALUES (146, 67);
INSERT INTO rates (episode_id,judge_id,contestant_id,score) VALUES (67, 48, 8, 6);
INSERT INTO rates (episode_id,judge_id,contestant_id,score) VALUES (67, 40, 8, 7);
INSERT INTO rates (episode_id,judge_id,contestant_id,score) VALUES (67, 146, 8, 4);
INSERT INTO rates (episode_id,judge_id,contestant_id,score) VALUES (67, 48, 183, 3);
INSERT INTO rates (episode_id,judge_id,contestant_id,score) VALUES (67, 40, 183, 6);
INSERT INTO rates (episode_id,judge_id,contestant_id,score) VALUES (67, 146, 183, 1);
INSERT INTO rates (episode_id,judge_id,contestant_id,score) VALUES (67, 48, 64, 6);
INSERT INTO rates (episode_id,judge_id,contestant_id,score) VALUES (67, 40, 64, 9);
INSERT INTO rates (episode_id,judge_id,contestant_id,score) VALUES (67, 146, 64, 3);
INSERT INTO rates (episode_id,judge_id,contestant_id,score) VALUES (67, 48, 28, 6);
INSERT INTO rates (episode_id,judge_id,contestant_id,score) VALUES (67, 40, 28, 8);
INSERT INTO rates (episode_id,judge_id,contestant_id,score) VALUES (67, 146, 28, 3);
INSERT INTO rates (episode_id,judge_id,contestant_id,score) VALUES (67, 48, 55, 8);
INSERT INTO rates (episode_id,judge_id,contestant_id,score) VALUES (67, 40, 55, 10);
INSERT INTO rates (episode_id,judge_id,contestant_id,score) VALUES (67, 146, 55, 6);
INSERT INTO rates (episode_id,judge_id,contestant_id,score) VALUES (67, 48, 85, 7);
INSERT INTO rates (episode_id,judge_id,contestant_id,score) VALUES (67, 40, 85, 10);
INSERT INTO rates (episode_id,judge_id,contestant_id,score) VALUES (67, 146, 85, 4);
INSERT INTO rates (episode_id,judge_id,contestant_id,score) VALUES (67, 48, 114, 7);
INSERT INTO rates (episode_id,judge_id,contestant_id,score) VALUES (67, 40, 114, 8);
INSERT INTO rates (episode_id,judge_id,contestant_id,score) VALUES (67, 146, 114, 6);
INSERT INTO rates (episode_id,judge_id,contestant_id,score) VALUES (67, 48, 92, 3);
INSERT INTO rates (episode_id,judge_id,contestant_id,score) VALUES (67, 40, 92, 4);
INSERT INTO rates (episode_id,judge_id,contestant_id,score) VALUES (67, 146, 92, 2);
INSERT INTO rates (episode_id,judge_id,contestant_id,score) VALUES (67, 48, 168, 8);
INSERT INTO rates (episode_id,judge_id,contestant_id,score) VALUES (67, 40, 168, 10);
INSERT INTO rates (episode_id,judge_id,contestant_id,score) VALUES (67, 146, 168, 5);
INSERT INTO rates (episode_id,judge_id,contestant_id,score) VALUES (67, 48, 153, 5);
INSERT INTO rates (episode_id,judge_id,contestant_id,score) VALUES (67, 40, 153, 7);
INSERT INTO rates (episode_id,judge_id,contestant_id,score) VALUES (67, 146, 153, 4);

INSERT INTO Episodes (episode_number, year_played) VALUES (8, 2024);
INSERT INTO chefs_recipes_episode (episode_id, recipe_id, chef_id) VALUES (68, 42, 34);
INSERT INTO chefs_recipes_episode (episode_id, recipe_id, chef_id) VALUES (68, 45, 113);
INSERT INTO chefs_recipes_episode (episode_id, recipe_id, chef_id) VALUES (68, 50, 43);
INSERT INTO chefs_recipes_episode (episode_id, recipe_id, chef_id) VALUES (68, 41, 152);
INSERT INTO chefs_recipes_episode (episode_id, recipe_id, chef_id) VALUES (68, 40, 80);
INSERT INTO chefs_recipes_episode (episode_id, recipe_id, chef_id) VALUES (68, 46, 11);
INSERT INTO chefs_recipes_episode (episode_id, recipe_id, chef_id) VALUES (68, 49, 39);
INSERT INTO chefs_recipes_episode (episode_id, recipe_id, chef_id) VALUES (68, 43, 135);
INSERT INTO chefs_recipes_episode (episode_id, recipe_id, chef_id) VALUES (68, 34, 48);
INSERT INTO is_judge (judge_id, episode_id) VALUES (35, 68);
INSERT INTO is_judge (judge_id, episode_id) VALUES (46, 68);
INSERT INTO is_judge (judge_id, episode_id) VALUES (52, 68);
INSERT INTO rates (episode_id,judge_id,contestant_id,score) VALUES (68, 35, 34, 6);
INSERT INTO rates (episode_id,judge_id,contestant_id,score) VALUES (68, 46, 34, 8);
INSERT INTO rates (episode_id,judge_id,contestant_id,score) VALUES (68, 52, 34, 4);
INSERT INTO rates (episode_id,judge_id,contestant_id,score) VALUES (68, 35, 113, 7);
INSERT INTO rates (episode_id,judge_id,contestant_id,score) VALUES (68, 46, 113, 10);
INSERT INTO rates (episode_id,judge_id,contestant_id,score) VALUES (68, 52, 113, 5);
INSERT INTO rates (episode_id,judge_id,contestant_id,score) VALUES (68, 35, 43, 5);
INSERT INTO rates (episode_id,judge_id,contestant_id,score) VALUES (68, 46, 43, 7);
INSERT INTO rates (episode_id,judge_id,contestant_id,score) VALUES (68, 52, 43, 4);
INSERT INTO rates (episode_id,judge_id,contestant_id,score) VALUES (68, 35, 152, 10);
INSERT INTO rates (episode_id,judge_id,contestant_id,score) VALUES (68, 46, 152, 10);
INSERT INTO rates (episode_id,judge_id,contestant_id,score) VALUES (68, 52, 152, 9);
INSERT INTO rates (episode_id,judge_id,contestant_id,score) VALUES (68, 35, 78, 6);
INSERT INTO rates (episode_id,judge_id,contestant_id,score) VALUES (68, 46, 78, 7);
INSERT INTO rates (episode_id,judge_id,contestant_id,score) VALUES (68, 52, 78, 4);
INSERT INTO rates (episode_id,judge_id,contestant_id,score) VALUES (68, 35, 80, 5);
INSERT INTO rates (episode_id,judge_id,contestant_id,score) VALUES (68, 46, 80, 8);
INSERT INTO rates (episode_id,judge_id,contestant_id,score) VALUES (68, 52, 80, 3);
INSERT INTO rates (episode_id,judge_id,contestant_id,score) VALUES (68, 35, 11, 1);
INSERT INTO rates (episode_id,judge_id,contestant_id,score) VALUES (68, 46, 11, 4);
INSERT INTO rates (episode_id,judge_id,contestant_id,score) VALUES (68, 52, 11, -2);
INSERT INTO rates (episode_id,judge_id,contestant_id,score) VALUES (68, 35, 39, 6);
INSERT INTO rates (episode_id,judge_id,contestant_id,score) VALUES (68, 46, 39, 9);
INSERT INTO rates (episode_id,judge_id,contestant_id,score) VALUES (68, 52, 39, 4);
INSERT INTO rates (episode_id,judge_id,contestant_id,score) VALUES (68, 35, 135, 10);
INSERT INTO rates (episode_id,judge_id,contestant_id,score) VALUES (68, 46, 135, 10);
INSERT INTO rates (episode_id,judge_id,contestant_id,score) VALUES (68, 52, 135, 9);
INSERT INTO rates (episode_id,judge_id,contestant_id,score) VALUES (68, 35, 48, 2);
INSERT INTO rates (episode_id,judge_id,contestant_id,score) VALUES (68, 46, 48, 4);
INSERT INTO rates (episode_id,judge_id,contestant_id,score) VALUES (68, 52, 48, 0);

INSERT INTO Episodes (episode_number, year_played) VALUES (9, 2024);
INSERT INTO chefs_recipes_episode (episode_id, recipe_id, chef_id) VALUES (69, 39, 146);
INSERT INTO chefs_recipes_episode (episode_id, recipe_id, chef_id) VALUES (69, 37, 67);
INSERT INTO chefs_recipes_episode (episode_id, recipe_id, chef_id) VALUES (69, 44, 88);
INSERT INTO chefs_recipes_episode (episode_id, recipe_id, chef_id) VALUES (69, 40, 107);
INSERT INTO chefs_recipes_episode (episode_id, recipe_id, chef_id) VALUES (69, 49, 44);
INSERT INTO chefs_recipes_episode (episode_id, recipe_id, chef_id) VALUES (69, 54, 40);
INSERT INTO is_judge (judge_id, episode_id) VALUES (112, 69);
INSERT INTO is_judge (judge_id, episode_id) VALUES (69, 69);
INSERT INTO is_judge (judge_id, episode_id) VALUES (92, 69);
INSERT INTO rates (episode_id,judge_id,contestant_id,score) VALUES (69, 112, 146, 2);
INSERT INTO rates (episode_id,judge_id,contestant_id,score) VALUES (69, 69, 146, 5);
INSERT INTO rates (episode_id,judge_id,contestant_id,score) VALUES (69, 92, 146, 0);
INSERT INTO rates (episode_id,judge_id,contestant_id,score) VALUES (69, 112, 159, 4);
INSERT INTO rates (episode_id,judge_id,contestant_id,score) VALUES (69, 69, 159, 6);
INSERT INTO rates (episode_id,judge_id,contestant_id,score) VALUES (69, 92, 159, 3);
INSERT INTO rates (episode_id,judge_id,contestant_id,score) VALUES (69, 112, 13, 10);
INSERT INTO rates (episode_id,judge_id,contestant_id,score) VALUES (69, 69, 13, 10);
INSERT INTO rates (episode_id,judge_id,contestant_id,score) VALUES (69, 92, 13, 7);
INSERT INTO rates (episode_id,judge_id,contestant_id,score) VALUES (69, 112, 67, 10);
INSERT INTO rates (episode_id,judge_id,contestant_id,score) VALUES (69, 69, 67, 10);
INSERT INTO rates (episode_id,judge_id,contestant_id,score) VALUES (69, 92, 67, 8);
INSERT INTO rates (episode_id,judge_id,contestant_id,score) VALUES (69, 112, 88, 1);
INSERT INTO rates (episode_id,judge_id,contestant_id,score) VALUES (69, 69, 88, 2);
INSERT INTO rates (episode_id,judge_id,contestant_id,score) VALUES (69, 92, 88, -1);
INSERT INTO rates (episode_id,judge_id,contestant_id,score) VALUES (69, 112, 107, 10);
INSERT INTO rates (episode_id,judge_id,contestant_id,score) VALUES (69, 69, 107, 10);
INSERT INTO rates (episode_id,judge_id,contestant_id,score) VALUES (69, 92, 107, 8);
INSERT INTO rates (episode_id,judge_id,contestant_id,score) VALUES (69, 112, 44, 7);
INSERT INTO rates (episode_id,judge_id,contestant_id,score) VALUES (69, 69, 44, 10);
INSERT INTO rates (episode_id,judge_id,contestant_id,score) VALUES (69, 92, 44, 5);
INSERT INTO rates (episode_id,judge_id,contestant_id,score) VALUES (69, 112, 40, 8);
INSERT INTO rates (episode_id,judge_id,contestant_id,score) VALUES (69, 69, 40, 10);
INSERT INTO rates (episode_id,judge_id,contestant_id,score) VALUES (69, 92, 40, 6);
INSERT INTO rates (episode_id,judge_id,contestant_id,score) VALUES (69, 112, 141, 10);
INSERT INTO rates (episode_id,judge_id,contestant_id,score) VALUES (69, 69, 141, 10);
INSERT INTO rates (episode_id,judge_id,contestant_id,score) VALUES (69, 92, 141, 8);
INSERT INTO rates (episode_id,judge_id,contestant_id,score) VALUES (69, 112, 179, 7);
INSERT INTO rates (episode_id,judge_id,contestant_id,score) VALUES (69, 69, 179, 9);
INSERT INTO rates (episode_id,judge_id,contestant_id,score) VALUES (69, 92, 179, 4);

INSERT INTO Episodes (episode_number, year_played) VALUES (10, 2024);
INSERT INTO chefs_recipes_episode (episode_id, recipe_id, chef_id) VALUES (70, 36, 190);
INSERT INTO chefs_recipes_episode (episode_id, recipe_id, chef_id) VALUES (70, 26, 121);
INSERT INTO chefs_recipes_episode (episode_id, recipe_id, chef_id) VALUES (70, 48, 125);
INSERT INTO chefs_recipes_episode (episode_id, recipe_id, chef_id) VALUES (70, 47, 50);
INSERT INTO chefs_recipes_episode (episode_id, recipe_id, chef_id) VALUES (70, 43, 1);
INSERT INTO chefs_recipes_episode (episode_id, recipe_id, chef_id) VALUES (70, 49, 179);
INSERT INTO chefs_recipes_episode (episode_id, recipe_id, chef_id) VALUES (70, 23, 51);
INSERT INTO chefs_recipes_episode (episode_id, recipe_id, chef_id) VALUES (70, 9, 18);
INSERT INTO is_judge (judge_id, episode_id) VALUES (45, 70);
INSERT INTO is_judge (judge_id, episode_id) VALUES (10, 70);
INSERT INTO is_judge (judge_id, episode_id) VALUES (118, 70);
INSERT INTO rates (episode_id,judge_id,contestant_id,score) VALUES (70, 45, 190, 1);
INSERT INTO rates (episode_id,judge_id,contestant_id,score) VALUES (70, 10, 190, 2);
INSERT INTO rates (episode_id,judge_id,contestant_id,score) VALUES (70, 118, 190, -1);
INSERT INTO rates (episode_id,judge_id,contestant_id,score) VALUES (70, 45, 32, 5);
INSERT INTO rates (episode_id,judge_id,contestant_id,score) VALUES (70, 10, 32, 8);
INSERT INTO rates (episode_id,judge_id,contestant_id,score) VALUES (70, 118, 32, 3);
INSERT INTO rates (episode_id,judge_id,contestant_id,score) VALUES (70, 45, 121, 1);
INSERT INTO rates (episode_id,judge_id,contestant_id,score) VALUES (70, 10, 121, 4);
INSERT INTO rates (episode_id,judge_id,contestant_id,score) VALUES (70, 118, 121, -1);
INSERT INTO rates (episode_id,judge_id,contestant_id,score) VALUES (70, 45, 125, 9);
INSERT INTO rates (episode_id,judge_id,contestant_id,score) VALUES (70, 10, 125, 10);
INSERT INTO rates (episode_id,judge_id,contestant_id,score) VALUES (70, 118, 125, 8);
INSERT INTO rates (episode_id,judge_id,contestant_id,score) VALUES (70, 45, 50, 7);
INSERT INTO rates (episode_id,judge_id,contestant_id,score) VALUES (70, 10, 50, 8);
INSERT INTO rates (episode_id,judge_id,contestant_id,score) VALUES (70, 118, 50, 5);
INSERT INTO rates (episode_id,judge_id,contestant_id,score) VALUES (70, 45, 107, 8);
INSERT INTO rates (episode_id,judge_id,contestant_id,score) VALUES (70, 10, 107, 10);
INSERT INTO rates (episode_id,judge_id,contestant_id,score) VALUES (70, 118, 107, 6);
INSERT INTO rates (episode_id,judge_id,contestant_id,score) VALUES (70, 45, 1, 9);
INSERT INTO rates (episode_id,judge_id,contestant_id,score) VALUES (70, 10, 1, 10);
INSERT INTO rates (episode_id,judge_id,contestant_id,score) VALUES (70, 118, 1, 6);
INSERT INTO rates (episode_id,judge_id,contestant_id,score) VALUES (70, 45, 179, 10);
INSERT INTO rates (episode_id,judge_id,contestant_id,score) VALUES (70, 10, 179, 10);
INSERT INTO rates (episode_id,judge_id,contestant_id,score) VALUES (70, 118, 179, 8);
INSERT INTO rates (episode_id,judge_id,contestant_id,score) VALUES (70, 45, 51, 4);
INSERT INTO rates (episode_id,judge_id,contestant_id,score) VALUES (70, 10, 51, 5);
INSERT INTO rates (episode_id,judge_id,contestant_id,score) VALUES (70, 118, 51, 1);
INSERT INTO rates (episode_id,judge_id,contestant_id,score) VALUES (70, 45, 18, 1);
INSERT INTO rates (episode_id,judge_id,contestant_id,score) VALUES (70, 10, 18, 2);
INSERT INTO rates (episode_id,judge_id,contestant_id,score) VALUES (70, 118, 18, 0);

